item;alias;description;sessionuid;road;stretchs;pk;sentido
1;RV-MAG-ITS2;I.MAG.IV 40A;RV-MAG-ITS2;AP7 - AUSOL I;RV-TUNEL;177+317;CA
2;RV-MAGDIF-BF27-PMV;I.MAG.IV 16A, Curvas B, I.DIF.IV 25A, 30 mA;RV-MAGDIF-BF27-PMV;AP7 - AUSOL I;RV-TUNEL;177+317;CA
3;RV-MAGDIF-BF28;I.MAG.IV 16A, Curvas B,C, I.DIF.IV 25A, 30 mA;RV-MAGDIF-BF28;AP7 - AUSOL I;RV-TUNEL;177+317;CA
4;RV-MAGDIF-BF30-BARR;I.MAG.II 16A, Curvas B, I.DIF.II 25A, 30 mA;RV-MAGDIF-BF30-BARR;AP7 - AUSOL I;RV-TUNEL;177+317;CA
5;RV-MAGDIF-BF31-SEM;I.MAG.II 16A, Curvas B, I.DIF.II 25A, 30 mA;RV-MAGDIF-BF31-SEM;AP7 - AUSOL I;RV-TUNEL;177+317;CA
6;RV-MAGDIF-BF32-SOS;I.MAG.II 16A, Curvas B, I.DIF.II 25A, 30 mA;RV-MAGDIF-BF32-SOS;AP7 - AUSOL I;RV-TUNEL;177+317;CA
7;RV-MAGDIF-A3;I.MAG.IV 16 A, Curvas B,C,D;RV-MAGDIF-A3;AP7 - AUSOL I;RV-TUNEL;177+317;CA
8;RV-MAGDIF-A4;I.MAG.IV 16 A, Curvas B,C,D;RV-MAGDIF-A4;AP7 - AUSOL I;RV-TUNEL;177+317;CA
9;RV-MAGDIF-A5;I.MAG.IV 16 A, Curvas B,C,D;RV-MAGDIF-A5;AP7 - AUSOL I;RV-TUNEL;177+317;CA
10;RV-MAGDIF-A6;I.MAG.IV 16 A, Curvas B,C,D;RV-MAGDIF-A6;AP7 - AUSOL I;RV-TUNEL;177+317;CA
11;RV-MAGDIF-A10;I.MAG.IV 16 A, Curvas B,C,D;RV-MAGDIF-A10;AP7 - AUSOL I;RV-TUNEL;177+317;CA
12;RV-MAGDIF-A11;I.MAG.IV 16 A, Curvas B,C,D;RV-MAGDIF-A11;AP7 - AUSOL I;RV-TUNEL;177+317;CA
13;RV-MAGDIF-A12;I.MAG.IV 16 A, Curvas B,C,D;RV-MAGDIF-A12;AP7 - AUSOL I;RV-TUNEL;177+317;CA
14;RV-MAGDIF-A13;I.MAG.IV 16 A, Curvas B,C,D;RV-MAGDIF-A13;AP7 - AUSOL I;RV-TUNEL;177+317;CA
15;RV-MAGDIF-A15-SC;I.MAG.IV 16 A, Curvas B,C,D;RV-MAGDIF-A15-SC;AP7 - AUSOL I;RV-TUNEL;177+317;CA
16;RV-MAGDIF-A17-SM;I.MAG.IV 16 A, Curvas B,C,D;RV-MAGDIF-A17-SM;AP7 - AUSOL I;RV-TUNEL;177+317;CA
17;RV-MAGDIF-A16-SC;I.MAG.IV 16 A, Curvas B,C,D;RV-MAGDIF-A16-SC;AP7 - AUSOL I;RV-TUNEL;177+317;CA
18;RV-MAGDIF-A18-SM;I.MAG.IV 16 A, Curvas B,C,D;RV-MAGDIF-A18-SM;AP7 - AUSOL I;RV-TUNEL;177+317;CA
19;RV-MAGDIF-AA1-SM;I.MAG.IV 16 A, Curvas B,C,D;RV-MAGDIF-AA1-SM;AP7 - AUSOL I;RV-TUNEL;177+317;CA
20;RV-MAGDIF-AA2-SM;I.MAG.IV 16 A, Curvas B,C,D;RV-MAGDIF-AA2-SM;AP7 - AUSOL I;RV-TUNEL;177+317;CA
21;RV-MAGDIF-AA8-SC;I.MAG.IV 16 A, Curvas B,C,D;RV-MAGDIF-AA8-SC;AP7 - AUSOL I;RV-TUNEL;177+317;CA
22;RV-MAGDIF-AA9-SC;I.MAG.IV 16 A, Curvas B,C,D;RV-MAGDIF-AA9-SC;AP7 - AUSOL I;RV-TUNEL;177+317;CA
23;RV-MAGDIF-AE7-SM;I.MAG.IV 16 A, Curvas B,C,D;RV-MAGDIF-AE7-SM;AP7 - AUSOL I;RV-TUNEL;177+317;CA
24;RV-MAGDIF-AE14-SC;I.MAG.IV 16 A, Curvas B,C,D;RV-MAGDIF-AE14-SC;AP7 - AUSOL I;RV-TUNEL;177+317;CA
25;RV-MAGDIF-AE15-SC;I.MAG.IV 16 A, Curvas B,C,D;RV-MAGDIF-AE15-SC;AP7 - AUSOL I;RV-TUNEL;177+317;CA
26;RV-MAGDIF-AE16-SM;I.MAG.IV 16 A, Curvas B,C,D;RV-MAGDIF-AE16-SM;AP7 - AUSOL I;RV-TUNEL;177+317;CA
29;RV-MAGDIF-BF10;I.MAG.II 16A, Curvas B, I.DIF.II 25A, 30 mA, AC;RV-MAGDIF-BF10;AP7 - AUSOL I;RV-TUNEL;177+317;CA
30;RV-MAGDIF-BF11;I.MAG.II 16A, Curvas B, I.DIF.II 25A, 300 mA, AC;RV-MAGDIF-BF11;AP7 - AUSOL I;RV-TUNEL;177+317;CA
32;RV-MAGDIF-BF13;I.MAG.II 16A, Curvas B, I.DIF.II 25A, 300 mA, AC;RV-MAGDIF-BF13;AP7 - AUSOL I;RV-TUNEL;177+317;CA
33;RV-MAGDIF-BF14;I.MAG.II 16A, Curvas B, I.DIF.II 25A, 300 mA, AC;RV-MAGDIF-BF14;AP7 - AUSOL I;RV-TUNEL;177+317;CA
34;RV-MAGDIF-BF15;I.MAG.II 16A, Curvas B, I.DIF.II 25A, 300 mA, AC;RV-MAGDIF-BF15;AP7 - AUSOL I;RV-TUNEL;177+317;CA
35;RV-MAGDIF-BF19;I.MAG.II 16A, Curvas B,C, I.DIF.II 25A, 300 mA, AC;RV-MAGDIF-BF19;AP7 - AUSOL I;RV-TUNEL;177+317;CA
36;RV-MAGDIF-BF20;I.MAG.II 16A, Curvas B, I.DIF.II 25A, 300 mA, AC;RV-MAGDIF-BF20;AP7 - AUSOL I;RV-TUNEL;177+317;CA
37;RV-MAGDIF-BF21;I.MAG.II 16A, Curvas B,C, I.DIF.II 25A, 30 mA, AC;RV-MAGDIF-BF21;AP7 - AUSOL I;RV-TUNEL;177+317;CA
38;RV-MAGDIF-BF22;I.MAG.II 16A, Curvas B,C, I.DIF.II 25A, 30 mA, AC;RV-MAGDIF-BF22;AP7 - AUSOL I;RV-TUNEL;177+317;CA
39;RV-MAGDIF-BF23;I.MAG.II 16A, Curvas B, I.DIF.II 25A, 30 mA, AC;RV-MAGDIF-BF23;AP7 - AUSOL I;RV-TUNEL;177+317;CA
40;RV-MAGDIF-BF26;I.MAG.IV 16A, Curvas B,C, I.DIF.IV 25A, 30 mA;RV-MAGDIF-BF26;AP7 - AUSOL I;RV-TUNEL;177+317;CA
41;RV-MAG-ITS1;I.MAG.IV 40A;RV-MAG-ITS1;AP7 - AUSOL I;RV-TUNEL;177+317;CA
42;RV-VENT-INT-VF1-CA;I.Autom.III, In=100 A, Ireg=86 A, Rele y transf. Dif:200 mA,AC, Curvas B;RV-VENT-INT-VF1-CA;AP7 - AUSOL I;RV-TUNEL;177+317;CA
43;RV-VENT-INT-VF2-CA;I.Autom.III, In=100 A, Ireg=86 A, Rele y transf. Dif:200 mA,AC, Curvas B;RV-VENT-INT-VF2-CA;AP7 - AUSOL I;RV-TUNEL;177+317;CA
44;RV-VENT-INT-VF3-CA;I.Autom.III, In=100 A, Ireg=86 A, Rele y transf. Dif:200 mA,AC, Curvas B;RV-VENT-INT-VF3-CA;AP7 - AUSOL I;RV-TUNEL;177+317;CA
45;RV-VENT-INT-VF4-CA;I.Autom.III, In=100 A, Ireg=86 A, Rele y transf. Dif:200 mA,AC, Curvas B;RV-VENT-INT-VF4-CA;AP7 - AUSOL I;RV-TUNEL;177+317;CA
46;RV-VENT-INT-VF1-MA;I.Autom.III, In=100 A, Ireg=86 A, Rele y transf. Dif:200 mA,AC, Curvas B;RV-VENT-INT-VF1-MA;AP7 - AUSOL I;RV-TUNEL;177+317;CA
47;RV-VENT-INT-VF2-MA;I.Autom.III, In=100 A, Ireg=86 A, Rele y transf. Dif:200 mA,AC, Curvas B;RV-VENT-INT-VF2-MA;AP7 - AUSOL I;RV-TUNEL;177+317;CA
48;RV-VENT-INT-VF3-MA;I.Autom.III, In=100 A, Ireg=86 A, Rele y transf. Dif:200 mA,AC, Curvas B;RV-VENT-INT-VF3-MA;AP7 - AUSOL I;RV-TUNEL;177+317;CA
49;RV-VENT-INT-VF4-MA;I.Autom.III, In=100 A, Ireg=86 A, Rele y transf. Dif:200 mA,AC, Curvas B;RV-VENT-INT-VF4-MA;AP7 - AUSOL I;RV-TUNEL;177+317;CA
50;RV-VENT-INT-VF5-MA;I.Autom.III, In=100 A, Ireg=86 A, Rele y transf. Dif:200 mA,AC, Curvas B;RV-VENT-INT-VF5-MA;AP7 - AUSOL I;RV-TUNEL;177+317;CA
51;RV-VENT-INT-VF6-MA;I.Autom.III, In=100 A, Ireg=86 A, Rele y transf. Dif:200 mA,AC, Curvas B;RV-VENT-INT-VF6-MA;AP7 - AUSOL I;RV-TUNEL;177+317;CA
52;RV-INT-CGBT-CSA-RED;I.Autom.IV, In=160 A, Ireg=149 A, Rele y Trans. Dif:30 mA, AC Curvas B,C,D;RV-INT-CGBT-CSA-RED;AP7 - AUSOL I;RV-TUNEL;177+317;CA
54;RV-MAG-CGBT-CSEDBT;I.Autom.IV In=100 A, Ireg=100 A, Rele y Trans. Dif:30 mA, AC, Curvas B,C,D;RV-MAG-CGBT-CSEDBT;AP7 - AUSOL I;RV-TUNEL;177+317;CA
55;RV-INT-CGBT-SAI;I.Autom.IVIn=100 A, Ireg=100 A, Rele y Trans. Dif:30 mA, AC, Curvas B,C,D;RV-INT-CGBT-SAI;AP7 - AUSOL I;RV-TUNEL;177+317;CA
57;RV-INT-CGBT-CSV;I.Autom.IV In=630 A, Ireg=563 A, Rele y Trans.Dif:300 mA, AC, Curvas B,C;RV-INT-CGBT-CSV;AP7 - AUSOL I;RV-TUNEL;177+317;CA
58;RV-INT-CS-PCI-1;I.Autom.IV In=100 A, Ireg=79 A, Rele y Trans.Dif:300 mA, AC, Curvas B,C,D;RV-INT-CS-PCI-1;AP7 - AUSOL I;RV-TUNEL;177+317;CA
59;RV-INT-CGBT-BAT-COND;I.Autom.IV In=400 A, Ireg=272 A, Rele y Trans.Dif:30 mA, AC, Curvas B,C,D;RV-INT-CGBT-BAT-COND;AP7 - AUSOL I;RV-TUNEL;177+317;CA
60;RV-MAG-CGBT-MT;I.MAG.IV 40A;RV-MAG-CGBT-MT;AP7 - AUSOL I;RV-TUNEL;177+317;CA
61;RV-CONT-COM-RED;Cont. 1250 A,IV;RV-CONT-COM-RED;AP7 - AUSOL I;RV-TUNEL;177+317;CA
62;RV-INT-CGBT-COMM-GRUPO;Cont. 1250 A,IV;RV-INT-CGBT-COMM-GRUPO;AP7 - AUSOL I;RV-TUNEL;177+317;CA
64;RV-MAG-CGBT;I.Autom.IV In=1000 A, Ireg=1000 A, Rele y Trans.Dif:30 mA, AC, Curvas B,C;RV-MAG-CGBT;AP7 - AUSOL I;RV-TUNEL;177+317;CA
65;RV-MAGDIF-BF33;I.MAG.II 16A, Curvas B, I.DIF.II 25A, 30 mA, AC;RV-MAGDIF-BF33;AP7 - AUSOL I;RV-TUNEL;177+317;CA
66;RV-MAGDIF-BF34;I.MAG.II 16A, Curvas B, I.DIF.II 25A, 30 mA, AC;RV-MAGDIF-BF34;AP7 - AUSOL I;RV-TUNEL;177+317;CA
68;RV-MAG-CSA-SAI;I.MAG.IV, 25 A;RV-MAG-CSA-SAI;AP7 - AUSOL I;RV-TUNEL;177+317;CA
69;RV-MAG-CSA-RED;I.MAG.IV, 25 A;RV-MAG-CSA-RED;AP7 - AUSOL I;RV-TUNEL;177+317;CA
70;RV-INT-CSA-RED;I.Autom.IV, In=160 A, Ireg=149 A;RV-INT-CSA-RED;AP7 - AUSOL I;RV-TUNEL;177+317;CA
71;RV-INT-CSA-SAI;I.Autom.IV, In=160 A, Ireg=149 A;RV-INT-CSA-SAI;AP7 - AUSOL I;RV-TUNEL;177+317;CA
72;RV-INT-ITS1;I.Autom.IV, In=160 A, Ireg=149 A;RV-INT-ITS1;AP7 - AUSOL I;RV-TUNEL;177+317;CA
73;RV-INT-ITS2;I.Autom.IV, In=160 A, Ireg=149 A;RV-INT-ITS2;AP7 - AUSOL I;RV-TUNEL;177+317;CA
74;RV-MAGDIF-OP-MOVISTAR;I.MAG.II 16A, Curvas B, I.DIF.II 25A, 300 mA, AC;RV-MAGDIF-OP-MOVISTAR;AP7 - AUSOL I;RV-TUNEL;177+317;CA
75;RV-MAGDIF-DET-LAZO;I.MAG.II 16A, Curvas B, I.DIF.II 25A, 300 mA, AC;RV-MAGDIF-DET-LAZO;AP7 - AUSOL I;RV-TUNEL;177+317;CA
76;RV-INT-CS-EDIF-PCI;I.Autom.IV, In=160 A, Ireg=149 A;RV-INT-CS-EDIF-PCI;AP7 - AUSOL I;RV-TUNEL;177+317;CA
77;RV-MAG-CSSAI;I.MAG.IV, 25 A;RV-MAG-CSSAI;AP7 - AUSOL I;RV-TUNEL;177+317;CA
78;RV-CIR-CSSAI-CSASAI;I.Autom.IV, In=160 A, Ireg=149 A;RV-CIR-CSSAI-CSASAI;AP7 - AUSOL I;RV-TUNEL;177+317;CA
79;RV-CIR-CSB-ITS1;I.Autom.IV, In=160 A, Ireg=149 A;RV-CIR-CSB-ITS1;AP7 - AUSOL I;RV-TUNEL;177+317;CA
80;RV-CIR-CSB-ITS2;I.Autom.IV, In=160 A, Ireg=149 A;RV-CIR-CSB-ITS2;AP7 - AUSOL I;RV-TUNEL;177+317;CA
81;RV-INT-CS-EDIF-ITS;I.Autom.IV, In=160 A, Ireg=149 A;RV-INT-CS-EDIF-ITS;AP7 - AUSOL I;RV-TUNEL;177+317;CA
83;RV-MAG-CSBT;I.MAG.IV, 25 A;RV-MAG-CSBT;AP7 - AUSOL I;RV-TUNEL;177+317;CA
84;RV-MAG-A1-CSEDBT;I.MAG.IV, 25 A;RV-MAG-A1-CSEDBT;AP7 - AUSOL I;RV-TUNEL;177+317;CA
85;RV-MAG-E1-CSEDBT;I.MAG.IV, 25 A;RV-MAG-E1-CSEDBT;AP7 - AUSOL I;RV-TUNEL;177+317;CA
86;RV-MAG-F2-CLIMA;I.MAG.IV, 25 A;RV-MAG-F2-CLIMA;AP7 - AUSOL I;RV-TUNEL;177+317;CA
87;RV-MAG-SERV-AUX-GE;I.MAG.IV, 25 A;RV-MAG-SERV-AUX-GE;AP7 - AUSOL I;RV-TUNEL;177+317;CA
88;RV-MAG-CSV;I.MAG.IV, 25 A;RV-MAG-CSV;AP7 - AUSOL I;RV-TUNEL;177+317;CA
89;RV-INT-CSV;I.Autom.IV In=630 A, Ireg=563 A;RV-INT-CSV;AP7 - AUSOL I;RV-TUNEL;177+317;CA
90;RV-MAGDIF-RCAL-CV1;Cont. 16 A,IV;RV-MAGDIF-RCAL-CV1;AP7 - AUSOL I;RV-TUNEL;177+317;CA
91;RV-MAGDIF-RCAL-CV2;Cont. 16 A;RV-MAGDIF-RCAL-CV2;AP7 - AUSOL I;RV-TUNEL;177+317;CA
94;MM-MAG-CSA-RED;I.MAG.IV 40A;MM-MAG-CSA-RED;AP7 - AUSOL I;MM-TUNEL;166+317;CA
95;MM-INT-CSA-RED;I.Autom.IV In=630 A, Ireg=563 A;MM-INT-CSA-RED;AP7 - AUSOL I;MM-TUNEL;166+317;CA
96;MM-MAG-CSA-SAI;I.MAG.IV, 25 A;MM-MAG-CSA-SAI;AP7 - AUSOL I;MM-TUNEL;166+317;CA
97;MM-INT-CSA-SAI;I.Autom.IV In=630 A, Ireg=563 A;MM-INT-CSA-SAI;AP7 - AUSOL I;MM-TUNEL;166+317;CA
98;MM-MAGDIF-A9-SC;I.MAG.IV 16 A, Curvas B,C,D;MM-MAGDIF-A9-SC;AP7 - AUSOL I;MM-TUNEL;166+317;CA
99;MM-MAGDIF-A11-SC;I.MAG.IV 16 A, Curvas B,C,D;MM-MAGDIF-A11-SC;AP7 - AUSOL I;MM-TUNEL;166+317;CA
100;MM-MAGDIF-A12-SC;I.MAG.IV 16 A, Curvas B,C,D;MM-MAGDIF-A12-SC;AP7 - AUSOL I;MM-TUNEL;166+317;CA
101;MM-MAGDIF-A14-SC;I.MAG.IV 16 A, Curvas B,C,D;MM-MAGDIF-A14-SC;AP7 - AUSOL I;MM-TUNEL;166+317;CA
102;MM-MAGDIF-A4-SM;I.MAG.IV 16 A, Curvas B,C,D;MM-MAGDIF-A4-SM;AP7 - AUSOL I;MM-TUNEL;166+317;CA
103;MM-MAGDIF-A6-SM;I.MAG.IV 16 A, Curvas B,C,D;MM-MAGDIF-A6-SM;AP7 - AUSOL I;MM-TUNEL;166+317;CA
104;MM-MAGDIF-A3-SM;I.MAG.IV 16 A, Curvas B,C,D;MM-MAGDIF-A3-SM;AP7 - AUSOL I;MM-TUNEL;166+317;CA
105;MM-MAGDIF-A5-SM;I.MAG.IV 16 A, Curvas B,C,D;MM-MAGDIF-A5-SM;AP7 - AUSOL I;MM-TUNEL;166+317;CA
106;MM-MAGDIF-AA7-SC;I.MAG.IV 16 A, Curvas B,C,D;MM-MAGDIF-AA7-SC;AP7 - AUSOL I;MM-TUNEL;166+317;CA
107;MM-MAGDIF-AA10-SC;I.MAG.IV 16 A, Curvas B,C,D;MM-MAGDIF-AA10-SC;AP7 - AUSOL I;MM-TUNEL;166+317;CA
108;MM-MAGDIF-AA2-SM;I.MAG.IV 16 A, Curvas B,C,D;MM-MAGDIF-AA2-SM;AP7 - AUSOL I;MM-TUNEL;166+317;CA
109;MM-MAGDIF-AA1-SM;I.MAG.IV 16 A, Curvas B,C,D;MM-MAGDIF-AA1-SM;AP7 - AUSOL I;MM-TUNEL;166+317;CA
110;MM-MAGDIF-AE13-SM;I.MAG.IV 16 A, Curvas B,C,D;MM-MAGDIF-AE13-SM;AP7 - AUSOL I;MM-TUNEL;166+317;CA
111;MM-MAGDIF-AE16-SC;I.MAG.IV 16 A, Curvas B,C,D;MM-MAGDIF-AE16-SC;AP7 - AUSOL I;MM-TUNEL;166+317;CA
112;MM-MAGDIF-AE17-SC;I.MAG.IV 16 A, Curvas B,C,D;MM-MAGDIF-AE17-SC;AP7 - AUSOL I;MM-TUNEL;166+317;CA
113;MM-MAGDIF-AE18-SM;I.MAG.IV 16 A, Curvas B,C,D;MM-MAGDIF-AE18-SM;AP7 - AUSOL I;MM-TUNEL;166+317;CA
114;MM-MAGDIF-A17-SC;I.MAG.IV 16 A, Curvas B,C,D;MM-MAGDIF-A17-SC;AP7 - AUSOL I;MM-TUNEL;166+317;CA
115;MM-MAGDIF-A18-SC;I.MAG.IV 16 A, Curvas B,C,D;MM-MAGDIF-A18-SC;AP7 - AUSOL I;MM-TUNEL;166+317;CA
116;MM-MAGDIF-A19-SM;I.MAG.IV 16 A, Curvas B,C,D;MM-MAGDIF-A19-SM;AP7 - AUSOL I;MM-TUNEL;166+317;CA
117;MM-MAGDIF-A20-SM;I.MAG.IV 16 A, Curvas B,C,D;MM-MAGDIF-A20-SM;AP7 - AUSOL I;MM-TUNEL;166+317;CA
118;MM-MAG-CSEDBT-1;I.MAG.IV, 25 A;MM-MAG-CSEDBT-1;AP7 - AUSOL I;MM-TUNEL;166+317;CA
119;MM-MAG-CSEDBT-A1;I.MAG.IV, 25 A;MM-MAG-CSEDBT-A1;AP7 - AUSOL I;MM-TUNEL;166+317;CA
120;MM-MAG-CSEDBT-E1;I.MAG.IV, 25 A;MM-MAG-CSEDBT-E1;AP7 - AUSOL I;MM-TUNEL;166+317;CA
121;MM-MAG-CSEDBT-F1;I.MAG.IV, 25 A;MM-MAG-CSEDBT-F1;AP7 - AUSOL I;MM-TUNEL;166+317;CA
122;MM-MAG-F2-CLIMA;I.MAG.IV, 25 A;MM-MAG-F2-CLIMA;AP7 - AUSOL I;MM-TUNEL;166+317;CA
123;MM-MAG-CGBT;I.MAG.IV, 25 A;MM-MAG-CGBT;AP7 - AUSOL I;MM-TUNEL;166+317;CA
124;MM-INT-CGBT-CSA-RED;I.Autom.IV, In=160 A, Ireg=149 A;MM-INT-CGBT-CSA-RED;AP7 - AUSOL I;MM-TUNEL;166+317;CA
125;MM-MAG-SERV-AUX-GE;I.MAG.IV, 25 A;MM-MAG-SERV-AUX-GE;AP7 - AUSOL I;MM-TUNEL;166+317;CA
126;MM-CONT-COM-RED;I.Autom.IV, In=160 A, Ireg=149 A;MM-CONT-COM-RED;AP7 - AUSOL I;MM-TUNEL;166+317;CA
127;MM-INT-CGBT-COMM-GRUPO;I.Autom.IV, In=160 A, Ireg=149 A;MM-INT-CGBT-COMM-GRUPO;AP7 - AUSOL I;MM-TUNEL;166+317;CA
128;MM-INT-CGBT-SAI;I.Autom.IV, In=160 A, Ireg=149 A;MM-INT-CGBT-SAI;AP7 - AUSOL I;MM-TUNEL;166+317;CA
129;MM-INT-CGBT-CSV1;I.Autom.IV, In=160 A, Ireg=149 A;MM-INT-CGBT-CSV1;AP7 - AUSOL I;MM-TUNEL;166+317;CA
130;MM-INT-CGBT-CSV2;I.Autom.IV, In=160 A, Ireg=149 A;MM-INT-CGBT-CSV2;AP7 - AUSOL I;MM-TUNEL;166+317;CA
131;MM-INT-CS-PCI-1;I.Autom.IV, In=160 A, Ireg=149 A;MM-INT-CS-PCI-1;AP7 - AUSOL I;MM-TUNEL;166+317;CA
132;MM-INT-CGBT-BAT-COND;I.Autom.IV, In=160 A, Ireg=149 A;MM-INT-CGBT-BAT-COND;AP7 - AUSOL I;MM-TUNEL;166+317;CA
133;MM-MAG-CGBT-MT;I. Autom.IV ln=1000A Ireq=1000A Rele y Transf Dif. 30 mA, AC;MM-MAG-CGBT-MT;AP7 - AUSOL I;MM-TUNEL;166+317;CA
134;MM-MAG-CSV-1;I.Autom.IV In=40 A Ireg=272 A Rele y Trans. Dif:30 mA, AC Curvas B,C,D;MM-MAG-CSV-1;AP7 - AUSOL I;MM-TUNEL;166+317;CA
135;MM-INT-CSV-1;I.Autom.IV, In=160 A, Ireg=149 A;MM-INT-CSV-1;AP7 - AUSOL I;MM-TUNEL;166+317;CA
136;MM-VENT-INT-VF1-MA;I.Autom.III In=100 A Ireg=86 A Rele y transf. Dif:200 mA,AC Curvas B;MM-VENT-INT-VF1-MA;AP7 - AUSOL I;MM-TUNEL;166+317;CA
137;MM-VENT-INT-VF2-MA;I.Autom.III In=100 A Ireg=86 A Rele y transf. Dif:200 mA,AC Curvas B;MM-VENT-INT-VF2-MA;AP7 - AUSOL I;MM-TUNEL;166+317;CA
138;MM-VENT-INT-VF3-MA;I.Autom.III In=100 A Ireg=86 A Rele y transf. Dif:200 mA,AC Curvas B;MM-VENT-INT-VF3-MA;AP7 - AUSOL I;MM-TUNEL;166+317;CA
139;MM-VENT-INT-VF4-MA;I.Autom.III In=100 A Ireg=86 A Rele y transf. Dif:200 mA,AC Curvas B;MM-VENT-INT-VF4-MA;AP7 - AUSOL I;MM-TUNEL;166+317;CA
140;MM-VENT-INT-VF5-MA;I.Autom.III In=100 A Ireg=86 A Rele y transf. Dif:200 mA,AC Curvas B;MM-VENT-INT-VF5-MA;AP7 - AUSOL I;MM-TUNEL;166+317;CA
141;MM-VENT-INT-VF6-MA;I.Autom.III In=100 A Ireg=86 A Rele y transf. Dif:200 mA,AC Curvas B;MM-VENT-INT-VF6-MA;AP7 - AUSOL I;MM-TUNEL;166+317;CA
142;MM-MAG-CSV-2;I.Autom.IV In=40 A Ireg=272 A Rele y Trans. Dif:30 mA, AC Curvas B,C,D;MM-MAG-CSV-2;AP7 - AUSOL I;MM-TUNEL;166+317;CA
143;MM-INT-CSV-2;I.Autom.IV, In=160 A, Ireg=149 A;MM-INT-CSV-2;AP7 - AUSOL I;MM-TUNEL;166+317;CA
144;MM-VENT-INT-VF1-CA;I.Autom.III In=100 A Ireg=86 A Rele y transf. Dif:200 mA,AC Curvas B;MM-VENT-INT-VF1-CA;AP7 - AUSOL I;MM-TUNEL;166+317;CA
145;MM-VENT-INT-VF2-CA;I.Autom.III In=100 A Ireg=86 A Rele y transf. Dif:200 mA,AC Curvas B;MM-VENT-INT-VF2-CA;AP7 - AUSOL I;MM-TUNEL;166+317;CA
146;MM-VENT-INT-VF3-CA;I.Autom.III In=100 A Ireg=86 A Rele y transf. Dif:200 mA,AC Curvas B;MM-VENT-INT-VF3-CA;AP7 - AUSOL I;MM-TUNEL;166+317;CA
147;MM-VENT-INT-VF4-CA;I.Autom.III In=100 A Ireg=86 A Rele y transf. Dif:200 mA,AC Curvas B;MM-VENT-INT-VF4-CA;AP7 - AUSOL I;MM-TUNEL;166+317;CA
148;MM-VENT-INT-VF5-CA;I.Autom.III In=100 A Ireg=86 A Rele y transf. Dif:200 mA,AC Curvas B;MM-VENT-INT-VF5-CA;AP7 - AUSOL I;MM-TUNEL;166+317;CA
149;MM-VENT-INT-VF6-CA;I.Autom.III In=100 A Ireg=86 A Rele y transf. Dif:200 mA,AC Curvas B;MM-VENT-INT-VF6-CA;AP7 - AUSOL I;MM-TUNEL;166+317;CA
150;MM-VENT-INT-VF7-CA;I.Autom.III In=100 A Ireg=86 A Rele y transf. Dif:200 mA,AC Curvas B;MM-VENT-INT-VF7-CA;AP7 - AUSOL I;MM-TUNEL;166+317;CA
151;MM-VENT-INT-VF8-CA;I.Autom.III In=100 A Ireg=86 A Rele y transf. Dif:200 mA,AC Curvas B;MM-VENT-INT-VF8-CA;AP7 - AUSOL I;MM-TUNEL;166+317;CA
152;MM-MAGDIF-RCAL-CV1;I.MAG.IV 16 A Curva B;MM-MAGDIF-RCAL-CV1;AP7 - AUSOL I;MM-TUNEL;166+317;CA
153;MM-MAGDIF-RCAL-CV2;I.MAG.IV 16 A Curva B;MM-MAGDIF-RCAL-CV2;AP7 - AUSOL I;MM-TUNEL;166+317;CA
154;MM-MAG-CGBT-CSEDBT;I.Autom.IV In=40 A Ireg=272 A Rele y Trans. Dif:30 mA, AC Curvas B,C,D;MM-MAG-CGBT-CSEDBT;AP7 - AUSOL I;MM-TUNEL;166+317;CA
155;MM-MAG-CGBT-CSEDCT;I.Autom.IV In=40 A Ireg=272 A Rele y Trans. Dif:30 mA, AC Curvas B,C,D;MM-MAG-CGBT-CSEDCT;AP7 - AUSOL I;MM-TUNEL;166+317;CA
156;MM-MAG-ITS1;I.MAG.IV 40A;MM-MAG-ITS1;AP7 - AUSOL I;MM-TUNEL;166+727;MA
157;MM-INT-ITS1;I.MAG.II, 10A Curva C I.DIF.II, 25A,30 mA;MM-INT-ITS1;AP7 - AUSOL I;MM-TUNEL;166+727;MA
158;MM-MAGDIF-BF10;I.MAG.II 16A Curvas B I.DIF.II 25A, 30 mA AC;MM-MAGDIF-BF10;AP7 - AUSOL I;MM-TUNEL;166+727;MA
159;MM-MAGDIF-BF11;I.MAG.II 16A Curvas B I.DIF.II 25A, 30 mA AC;MM-MAGDIF-BF11;AP7 - AUSOL I;MM-TUNEL;166+727;MA
160;MM-MAGDIF-BF13-1;I.MAG.II 16A Curvas B I.DIF.II 25A, 30 mA AC;MM-MAGDIF-BF13-1;AP7 - AUSOL I;MM-TUNEL;166+727;MA
161;MM-MAGDIF-BF13-2;I.MAG.II 16A Curvas B I.DIF.II 25A, 30 mA AC;MM-MAGDIF-BF13-2;AP7 - AUSOL I;MM-TUNEL;166+727;MA
162;MM-MAGDIF-BF13-3;I.MAG.II 16A Curvas B I.DIF.II 25A, 30 mA AC;MM-MAGDIF-BF13-3;AP7 - AUSOL I;MM-TUNEL;166+727;MA
163;MM-MAGDIF-BF14-1;I.MAG.II 16A Curvas B I.DIF.II 25A, 30 mA AC;MM-MAGDIF-BF14-1;AP7 - AUSOL I;MM-TUNEL;166+727;MA
164;MM-MAGDIF-BF14-2;I.MAG.II 16A Curvas B I.DIF.II 25A, 30 mA AC;MM-MAGDIF-BF14-2;AP7 - AUSOL I;MM-TUNEL;166+727;MA
165;MM-MAGDIF-BF14-3;I.MAG.II 16A Curvas B I.DIF.II 25A, 30 mA AC;MM-MAGDIF-BF14-3;AP7 - AUSOL I;MM-TUNEL;166+727;MA
166;MM-MAGDIF-BF15;I.MAG.II 16A Curvas B I.DIF.II 25A, 30 mA AC;MM-MAGDIF-BF15;AP7 - AUSOL I;MM-TUNEL;166+727;MA
167;MM-MAGDIF-BF19;I.MAG.II 16A Curvas B I.DIF.II 25A, 30 mA AC;MM-MAGDIF-BF19;AP7 - AUSOL I;MM-TUNEL;166+727;MA
168;MM-MAGDIF-BF20;I.MAG.II 16A Curvas B I.DIF.II 25A, 30 mA AC;MM-MAGDIF-BF20;AP7 - AUSOL I;MM-TUNEL;166+727;MA
169;MM-MAGDIF-BF21;I.MAG.II 16A Curvas B I.DIF.II 25A, 30 mA AC;MM-MAGDIF-BF21;AP7 - AUSOL I;MM-TUNEL;166+727;MA
170;MM-MAGDIF-BF22;I.MAG.II 16A Curvas B I.DIF.II 25A, 30 mA AC;MM-MAGDIF-BF22;AP7 - AUSOL I;MM-TUNEL;166+727;MA
171;MM-MAGDIF-BF23;I.MAG.II 16A Curvas B I.DIF.II 25A, 30 mA AC;MM-MAGDIF-BF23;AP7 - AUSOL I;MM-TUNEL;166+727;MA
172;MM-MAGDIF-MOVISTAR;I.MAG.II 16A Curvas B I.DIF.II 25A, 30 mA AC;MM-MAGDIF-MOVISTAR;AP7 - AUSOL I;MM-TUNEL;166+727;MA
173;MM-MAGDIF-BF28;I.MAG.II 16A Curvas B I.DIF.II 25A, 30 mA AC;MM-MAGDIF-BF28;AP7 - AUSOL I;MM-TUNEL;166+727;MA
174;MM-MAGDIF-BF25;I.MAG.II 16A Curvas B I.DIF.II 25A, 30 mA AC;MM-MAGDIF-BF25;AP7 - AUSOL I;MM-TUNEL;166+727;MA
175;MM-MAGDIF-DET1-LAZO;I.MAG.II 16A Curvas B I.DIF.II 25A, 30 mA AC;MM-MAGDIF-DET1-LAZO;AP7 - AUSOL I;MM-TUNEL;166+727;MA
176;MM-MAGDIF-METEO;I.MAG.II 16A Curvas B I.DIF.II 25A, 30 mA AC;MM-MAGDIF-METEO;AP7 - AUSOL I;MM-TUNEL;166+317;CA
177;MM-MAGDIF-CUADRO-CGBT;I.MAG.II 16A Curvas B I.DIF.II 25A, 30 mA AC;MM-MAGDIF-CUADRO-CGBT;AP7 - AUSOL I;MM-TUNEL;166+317;CA
178;MM-MAGDIF-ORANGE;I.MAG.II 16A Curvas B I.DIF.II 25A, 30 mA AC;MM-MAGDIF-ORANGE;AP7 - AUSOL I;MM-TUNEL;166+727;MA
180;MM-MAG-CS-CSSAI;I.MAG.II 16A Curvas B I.DIF.II 25A, 30 mA AC;MM-MAG-CS-CSSAI;AP7 - AUSOL I;MM-TUNEL;166+317;CA
181;MM-INT-CS-CSSAI;I.MAG.II, 10A Curva C I.DIF.II, 25A,30 mA;MM-INT-CS-CSSAI;AP7 - AUSOL I;MM-TUNEL;166+317;CA
182;MM-MAG-CS-ITS1;I.MAG.II 16A Curvas B I.DIF.II 25A, 30 mA AC;MM-MAG-CS-ITS1;AP7 - AUSOL I;MM-TUNEL;166+317;CA
183;MM-MAG-CS-ITS2;I.MAG.II 16A Curvas B I.DIF.II 25A, 30 mA AC;MM-MAG-CS-ITS2;AP7 - AUSOL I;MM-TUNEL;166+317;CA
184;MM-MAG-CSG;I.MAG.II 16A Curvas B I.DIF.II 25A, 30 mA AC;MM-MAG-CSG;AP7 - AUSOL I;MM-TUNEL;166+317;CA
185;MM-INT-CS-EDIF-ITS;I.MAG.II, 10A Curva C I.DIF.II, 25A,30 mA;MM-INT-CS-EDIF-ITS;AP7 - AUSOL I;MM-TUNEL;166+317;CA
186;MM-INT-CS-EDIF-PCI;I.MAG.II, 10A Curva C I.DIF.II, 25A,30 mA;MM-INT-CS-EDIF-PCI;AP7 - AUSOL I;MM-TUNEL;166+317;CA
187;STMI-MAG-CSA-SAI;I.Autom.IV 40A Curvas B;STMI-MAG-CSA-SAI;AP7 - AUSOL I;STMI-TUNEL;195+719;CA
188;STMI-INT-CSA-SAI;I.Autom.IV 40A Curvas B;STMI-INT-CSA-SAI;AP7 - AUSOL I;STMI-TUNEL;195+719;CA
189;STMI-MAGDIF-AA1-SC;I.Autom.IV 40A Curvas B;STMI-MAGDIF-AA1-SC;AP7 - AUSOL I;STMI-TUNEL;195+719;CA
190;STMI-MAGDIF-AA2-SC;I.Autom.IV 40A Curvas B;STMI-MAGDIF-AA2-SC;AP7 - AUSOL I;STMI-TUNEL;195+719;CA
191;STMI-MAGDIF-AA6-SM;I.Autom.IV 40A Curvas B;STMI-MAGDIF-AA6-SM;AP7 - AUSOL I;STMI-TUNEL;195+719;CA
192;STMI-MAGDIF-AA7-SM;I.Autom.IV 40A Curvas B;STMI-MAGDIF-AA7-SM;AP7 - AUSOL I;STMI-TUNEL;195+719;CA
193;STMI-MAGDIF-AE5-SC;I.Autom.IV 40A Curvas B;STMI-MAGDIF-AE5-SC;AP7 - AUSOL I;STMI-TUNEL;195+719;CA
194;STMI-MAGDIF-AE10-SM;I.Autom.IV 40A Curvas B;STMI-MAGDIF-AE10-SM;AP7 - AUSOL I;STMI-TUNEL;195+719;CA
197;STMI-MAGDIF-A11;I.Autom.IV 40A Curvas B;STMI-MAGDIF-A11;AP7 - AUSOL I;STMI-TUNEL;195+719;CA
198;STMI-MAGDIF-A12;I.Autom.IV 40A Curvas B;STMI-MAGDIF-A12;AP7 - AUSOL I;STMI-TUNEL;195+719;CA
199;STMI-MAGDIF-A13;I.Autom.IV 40A Curvas B;STMI-MAGDIF-A13;AP7 - AUSOL I;STMI-TUNEL;195+719;CA
200;STMI-MAGDIF-A14;I.Autom.IV 40A Curvas B;STMI-MAGDIF-A14;AP7 - AUSOL I;STMI-TUNEL;195+719;CA
201;STMI-MAG-CSA-RED;STMI-MAG-CSA-RED;STMI-MAG-CSA-RED;AP7 - AUSOL I;STMI-TUNEL;195+719;CA
202;STMI-INT-CSA-RED;STMI-INT-CSA-RED;STMI-INT-CSA-RED;AP7 - AUSOL I;STMI-TUNEL;195+719;CA
203;STMI-MAGDIF-A3-SC;STMI-MAGDIF-A3-SC;STMI-MAGDIF-A3-SC;AP7 - AUSOL I;STMI-TUNEL;195+719;CA
204;STMI-MAGDIF-A4-SC;STMI-MAGDIF-A4-SC;STMI-MAGDIF-A4-SC;AP7 - AUSOL I;STMI-TUNEL;195+719;CA
205;STMI-MAGDIF-A8-SM;STMI-MAGDIF-A8-SM;STMI-MAGDIF-A8-SM;AP7 - AUSOL I;STMI-TUNEL;195+719;CA
206;STMI-MAGDIF-A9-SM;STMI-MAGDIF-A9-SM;STMI-MAGDIF-A9-SM;AP7 - AUSOL I;STMI-TUNEL;195+719;CA
207;STMI-MAG-ITS1;STMI-MAG-ITS1;STMI-MAG-ITS1;AP7 - AUSOL I;STMI-TUNEL;195+719;CA
208;STMI-INT-ITS1;STMI-INT-ITS1;STMI-INT-ITS1;AP7 - AUSOL I;STMI-TUNEL;195+719;CA
209;STMI-MAGDIF-BF1;STMI-MAGDIF-BF1;STMI-MAGDIF-BF1;AP7 - AUSOL I;STMI-TUNEL;195+719;CA
210;STMI-MAGDIF-BF2;STMI-MAGDIF-BF2;STMI-MAGDIF-BF2;AP7 - AUSOL I;STMI-TUNEL;195+719;CA
211;STMI-MAGDIF-BF3;STMI-MAGDIF-BF3;STMI-MAGDIF-BF3;AP7 - AUSOL I;STMI-TUNEL;195+719;CA
212;STMI-MAGDIF-CGBT;;STMI-MAGDIF-CGBT;AP7 - AUSOL I;STMI-TUNEL;195+719;CA
215;STMI-MAG-ITS-E3;STMI-MAG-ITS-E3;STMI-MAG-ITS-E3;AP7 - AUSOL I;STMI-TUNEL;195+719;CA
217;STMI-MAGDIF-BARR-SM;STMI-MAGDIF-BARR-SM;STMI-MAGDIF-BARR-SM;AP7 - AUSOL I;STMI-TUNEL;195+719;CA
218;STMI-MAGDIF-BARR-SC;STMI-MAGDIF-BARR-SC;STMI-MAGDIF-BARR-SC;AP7 - AUSOL I;STMI-TUNEL;195+719;CA
219;STMI-MAGDIF-BF11-PMV;STMI-MAGDIF-BF11-PMV;STMI-MAGDIF-BF11-PMV;AP7 - AUSOL I;STMI-TUNEL;195+719;CA
220;STMI-MAGDIF-BF12-PMV;STMI-MAGDIF-BF12-PMV;STMI-MAGDIF-BF12-PMV;AP7 - AUSOL I;STMI-TUNEL;195+719;CA
221;STMI-MAGDIF-BF13-SEM;STMI-MAGDIF-BF13-SEM;STMI-MAGDIF-BF13-SEM;AP7 - AUSOL I;STMI-TUNEL;195+719;CA
222;STMI-MAGDIF-BF14-SEM;STMI-MAGDIF-BF14-SEM;STMI-MAGDIF-BF14-SEM;AP7 - AUSOL I;STMI-TUNEL;195+719;CA
223;STMI-MAGDIF-BF15;STMI-MAGDIF-BF15;STMI-MAGDIF-BF15;AP7 - AUSOL I;STMI-TUNEL;195+719;CA
224;STMI-MAGDIF-BF17-1;STMI-MAGDIF-BF17-1;STMI-MAGDIF-BF17-1;AP7 - AUSOL I;STMI-TUNEL;195+719;CA
225;STMI-MAGDIF-BF17-2;STMI-MAGDIF-BF17-2;STMI-MAGDIF-BF17-2;AP7 - AUSOL I;STMI-TUNEL;195+719;CA
226;STMI-MAGDIF-BF17-3;STMI-MAGDIF-BF17-3;STMI-MAGDIF-BF17-3;AP7 - AUSOL I;STMI-TUNEL;195+719;CA
228;STMI-MAGDIF-BF18-2;STMI-MAGDIF-BF18-2;STMI-MAGDIF-BF18-2;AP7 - AUSOL I;STMI-TUNEL;195+719;CA
229;STMI-MAGDIF-BF18-3;STMI-MAGDIF-BF18-3;STMI-MAGDIF-BF18-3;AP7 - AUSOL I;STMI-TUNEL;195+719;CA
230;STMI-MAGDIF-DET-LAZO;STMI-MAGDIF-DET-LAZO;STMI-MAGDIF-DET-LAZO;AP7 - AUSOL I;STMI-TUNEL;195+719;CA
231;STMI-MAGDIF-BF20;STMI-MAGDIF-BF20;STMI-MAGDIF-BF20;AP7 - AUSOL I;STMI-TUNEL;195+719;CA
232;STMI-MAGDIF-BF21;STMI-MAGDIF-BF21;STMI-MAGDIF-BF21;AP7 - AUSOL I;STMI-TUNEL;195+719;CA
235;STMI-MAG-CGBT;STMI-MAG-CGBT;STMI-MAG-CGBT;AP7 - AUSOL I;STMI-TUNEL;195+719;CA
236;STMI-INT-CGBT-CSA-RED;STMI-INT-CGBT-CSA-RED;STMI-INT-CGBT-CSA-RED;AP7 - AUSOL I;STMI-TUNEL;195+719;CA
237;STMI-INT-CS-EDIF-BT;STMI-INT-CS-EDIF-BT;STMI-INT-CS-EDIF-BT;AP7 - AUSOL I;STMI-TUNEL;195+719;CA
238;STMI-MAG-SERV-AUX-GE;STMI-MAG-SERV-AUX-GE;STMI-MAG-SERV-AUX-GE;AP7 - AUSOL I;STMI-TUNEL;195+719;CA
239;STMI-CONT-COM-RED;STMI-CONT-COM-RED;STMI-CONT-COM-RED;AP7 - AUSOL I;STMI-TUNEL;195+719;CA
240;STMI-INT-CGBT-COMM-GRUPO;STMI-INT-CGBT-COMM-GRUPO;STMI-INT-CGBT-COMM-GRUPO;AP7 - AUSOL I;STMI-TUNEL;195+719;CA
241;STMI-INT-CGBT-CSSAI;STMI-INT-CGBT-CSSAI;STMI-INT-CGBT-CSSAI;AP7 - AUSOL I;STMI-TUNEL;195+719;CA
242;STMI-INT-CGBT-BAT-COND;STMI-INT-CGBT-BAT-COND;STMI-INT-CGBT-BAT-COND;AP7 - AUSOL I;STMI-TUNEL;195+719;CA
243;STMI-INT-CGBT-INSTAL-FV;STMI-INT-CGBT-INSTAL-FV;STMI-INT-CGBT-INSTAL-FV;AP7 - AUSOL I;STMI-TUNEL;195+719;CA
244;STMI-MAG-CS-SAI;STMI-MAG-CS-SAI;STMI-MAG-CS-SAI;AP7 - AUSOL I;STMI-TUNEL;195+719;CA
245;STMI-MAGDIF-CSASAI;STMI-MAGDIF-CSASAI;STMI-MAGDIF-CSASAI;AP7 - AUSOL I;STMI-TUNEL;195+719;CA
246;STMI-MAGDIF-CSB-ITS1;STMI-MAGDIF-CSB-ITS1;STMI-MAGDIF-CSB-ITS1;AP7 - AUSOL I;STMI-TUNEL;195+719;CA
247;STMI-MAGDIF-C.CASETA-ITS;STMI-MAGDIF-C.CASETA-ITS;STMI-MAGDIF-C.CASETA-ITS;AP7 - AUSOL I;STMI-TUNEL;195+719;CA
248;STMI-MAG-EDIF-ITS;STMI-MAG-EDIF-ITS;STMI-MAG-EDIF-ITS;AP7 - AUSOL I;STMI-TUNEL;195+719;CA
249;STMI-MAG-A1-ALUM;STMI-MAG-A1-ALUM;STMI-MAG-A1-ALUM;AP7 - AUSOL I;STMI-TUNEL;195+719;CA
250;STMI-MAG-E1-EMER;STMI-MAG-E1-EMER;STMI-MAG-E1-EMER;AP7 - AUSOL I;STMI-TUNEL;195+719;CA
251;STMI-MAG-F1-FUERZA;STMI-MAG-F1-FUERZA;STMI-MAG-F1-FUERZA;AP7 - AUSOL I;STMI-TUNEL;195+719;CA
252;STMI-MAG-F2-CLIMA;STMI-MAG-F2-CLIMA;STMI-MAG-F2-CLIMA;AP7 - AUSOL I;STMI-TUNEL;195+719;CA
253;RV-MAGDIF-METEO;RV-MAGDIF-METEO;RV-MAGDIF-METEO;AP7 - AUSOL I;RV-TUNEL;177+317;CA
254;RV-MAGDIF-ARM-EXT-CGBT;RV-MAGDIF-ARM-EXT-CGBT;RV-MAGDIF-ARM-EXT-CGBT;AP7 - AUSOL I;RV-TUNEL;177+317;CA
255;MM-MAG-ITS2;I.Autom.IV 40A Curvas B;MM-MAG-ITS2;AP7 - AUSOL I;MM-TUNEL;166+727;MA
256;MM-INT-ITS2;I.Autom.IV 40A Curvas B;MM-INT-ITS2;AP7 - AUSOL I;MM-TUNEL;166+727;MA
257;MM-MAGDIF-BF24;I.Autom.IV 40A Curvas B;MM-MAGDIF-BF24;AP7 - AUSOL I;MM-TUNEL;166+727;MA
258;MM-MAGDIF-BF26;I.Autom.IV 40A Curvas B;MM-MAGDIF-BF26;AP7 - AUSOL I;MM-TUNEL;166+727;MA
259;MM-MAGDIF-BF30;I.Autom.IV 40A Curvas B;MM-MAGDIF-BF30;AP7 - AUSOL I;MM-TUNEL;166+727;MA
260;MM-MAGDIF-BF31;I.Autom.IV 40A Curvas B;MM-MAGDIF-BF31;AP7 - AUSOL I;MM-TUNEL;166+727;MA
261;MM-MAGDIF-BF32;I.Autom.IV 40A Curvas B;MM-MAGDIF-BF32;AP7 - AUSOL I;MM-TUNEL;166+727;MA
262;MM-MAGDIF-BF33;I.Autom.IV 40A Curvas B;MM-MAGDIF-BF33;AP7 - AUSOL I;MM-TUNEL;166+727;MA
264;MM-MAGDIF-GA1-LUM;MM-MAGDIF-GA1-LUM;MM-MAGDIF-GA1-LUM;AP7 - AUSOL I;MM-TUNEL;166+727;MA
265;MM-MAGDIF-GA2-LUM;MM-MAGDIF-GA2-LUM;MM-MAGDIF-GA2-LUM;AP7 - AUSOL I;MM-TUNEL;166+727;MA
266;MM-MAGDIF-GE1-LUM;MM-MAGDIF-GE1-LUM;MM-MAGDIF-GE1-LUM;AP7 - AUSOL I;MM-TUNEL;166+727;MA
267;MM-MAGDIF-GF5-GAL;MM-MAGDIF-GF5-GAL;MM-MAGDIF-GF5-GAL;AP7 - AUSOL I;MM-TUNEL;166+727;MA
268;MM-MAGDIF-GF6-GAL;MM-MAGDIF-GF6-GAL;MM-MAGDIF-GF6-GAL;AP7 - AUSOL I;MM-TUNEL;166+727;MA
269;MM-MAGDIF-GF9-COMM;MM-MAGDIF-GF9-COMM;MM-MAGDIF-GF9-COMM;AP7 - AUSOL I;MM-TUNEL;166+727;MA
270;MM-MAGDIF-PRES-GAL;MM-MAGDIF-PRES-GAL;MM-MAGDIF-PRES-GAL;AP7 - AUSOL I;MM-TUNEL;166+727;MA
271;LQ-MAG-CSA-SAI;LQ-MAG-CSA-SAI;LQ-MAG-CSA-SAI;AP7 - AUSOL I;LQ-TUNEL;172+100;CA
272;LQ-INT-CSA-SAI;LQ-INT-CSA-SAI;LQ-INT-CSA-SAI;AP7 - AUSOL I;LQ-TUNEL;172+100;CA
273;LQ-MAGDIF-AA1-SC;LQ-MAGDIF-AA1-SC;LQ-MAGDIF-AA1-SC;AP7 - AUSOL I;LQ-TUNEL;172+100;CA
274;LQ-MAGDIF-AA15-SC;LQ-MAGDIF-AA15-SC;LQ-MAGDIF-AA15-SC;AP7 - AUSOL I;LQ-TUNEL;172+100;CA
275;LQ-MAGDIF-AA2-SC;LQ-MAGDIF-AA2-SC;LQ-MAGDIF-AA2-SC;AP7 - AUSOL I;LQ-TUNEL;172+100;CA
276;LQ-MAGDIF-AA16-SC;LQ-MAGDIF-AA16-SC;LQ-MAGDIF-AA16-SC;AP7 - AUSOL I;LQ-TUNEL;172+100;CA
277;LQ-MAGDIF-AA11-SM;LQ-MAGDIF-AA11-SM;LQ-MAGDIF-AA11-SM;AP7 - AUSOL I;LQ-TUNEL;172+100;CA
278;LQ-MAGDIF-AA21-SM;LQ-MAGDIF-AA21-SM;LQ-MAGDIF-AA21-SM;AP7 - AUSOL I;LQ-TUNEL;172+100;CA
279;LQ-MAGDIF-AA10-SM;LQ-MAGDIF-AA10-SM;LQ-MAGDIF-AA10-SM;AP7 - AUSOL I;LQ-TUNEL;172+100;CA
280;LQ-MAGDIF-AA20-SM;LQ-MAGDIF-AA20-SM;LQ-MAGDIF-AA20-SM;AP7 - AUSOL I;LQ-TUNEL;172+100;CA
281;LQ-MAGDIF-AE14-SM;LQ-MAGDIF-AE14-SM;LQ-MAGDIF-AE14-SM;AP7 - AUSOL I;LQ-TUNEL;172+100;CA
282;LQ-MAGDIF-AE9-SC;LQ-MAGDIF-AE9-SC;LQ-MAGDIF-AE9-SC;AP7 - AUSOL I;LQ-TUNEL;172+100;CA
285;LQ-MAGDIF-A29-SC;LQ-MAGDIF-A29-SC;LQ-MAGDIF-A29-SC;AP7 - AUSOL I;LQ-TUNEL;172+100;CA
286;LQ-MAGDIF-A30-SC;LQ-MAGDIF-A30-SC;LQ-MAGDIF-A30-SC;AP7 - AUSOL I;LQ-TUNEL;172+100;CA
287;LQ-MAGDIF-A31-SM;LQ-MAGDIF-A31-SM;LQ-MAGDIF-A31-SM;AP7 - AUSOL I;LQ-TUNEL;172+100;CA
288;LQ-MAGDIF-A32-SM;LQ-MAGDIF-A32-SM;LQ-MAGDIF-A32-SM;AP7 - AUSOL I;LQ-TUNEL;172+100;CA
289;LQ-MAG-CSA-RED;LQ-MAG-CSA-RED;LQ-MAG-CSA-RED;AP7 - AUSOL I;LQ-TUNEL;172+100;CA
290;LQ-INT-CSA-RED;LQ-INT-CSA-RED;LQ-INT-CSA-RED;AP7 - AUSOL I;LQ-TUNEL;172+100;CA
291;LQ-MAGDIF-A3-SC;LQ-MAGDIF-A3-SC;LQ-MAGDIF-A3-SC;AP7 - AUSOL I;LQ-TUNEL;172+100;CA
292;LQ-MAGDIF-A5-SC;LQ-MAGDIF-A5-SC;LQ-MAGDIF-A5-SC;AP7 - AUSOL I;LQ-TUNEL;172+100;CA
293;LQ-MAGDIF-A4-SC;LQ-MAGDIF-A4-SC;LQ-MAGDIF-A4-SC;AP7 - AUSOL I;LQ-TUNEL;172+100;CA
294;LQ-MAGDIF-A6-SC;LQ-MAGDIF-A6-SC;LQ-MAGDIF-A6-SC;AP7 - AUSOL I;LQ-TUNEL;172+100;CA
295;LQ-MAGDIF-A13-SM;LQ-MAGDIF-A13-SM;LQ-MAGDIF-A13-SM;AP7 - AUSOL I;LQ-TUNEL;172+100;CA
296;LQ-MAGDIF-A23-SM;LQ-MAGDIF-A23-SM;LQ-MAGDIF-A23-SM;AP7 - AUSOL I;LQ-TUNEL;172+100;CA
297;LQ-MAGDIF-A12-SM;LQ-MAGDIF-A12-SM;LQ-MAGDIF-A12-SM;AP7 - AUSOL I;LQ-TUNEL;172+100;CA
298;LQ-MAGDIF-A22-SM;LQ-MAGDIF-A22-SM;LQ-MAGDIF-A22-SM;AP7 - AUSOL I;LQ-TUNEL;172+100;CA
299;LQ-MAGDIF-A33-SM;LQ-MAGDIF-A33-SM;LQ-MAGDIF-A33-SM;AP7 - AUSOL I;LQ-TUNEL;172+100;CA
300;LQ-MAGDIF-A34-SM;LQ-MAGDIF-A34-SM;LQ-MAGDIF-A34-SM;AP7 - AUSOL I;LQ-TUNEL;172+100;CA
301;LQ-MAGDIF-A35-SM;LQ-MAGDIF-A35-SM;LQ-MAGDIF-A35-SM;AP7 - AUSOL I;LQ-TUNEL;172+100;CA
302;LQ-MAGDIF-A36-SM;LQ-MAGDIF-A36-SM;LQ-MAGDIF-A36-SM;AP7 - AUSOL I;LQ-TUNEL;172+100;CA
303;LQ-MAG-CGBT;LQ-MAG-CGBT;LQ-MAG-CGBT;AP7 - AUSOL I;LQ-TUNEL;172+100;CA
304;LQ-INT-CGBT-CSA-RED;LQ-INT-CGBT-CSA-RED;LQ-INT-CGBT-CSA-RED;AP7 - AUSOL I;LQ-TUNEL;172+100;CA
305;LQ-MAG-CGBT-SERV-AUX-GE;LQ-MAG-CGBT-SERV-AUX-GE;LQ-MAG-CGBT-SERV-AUX-GE;AP7 - AUSOL I;LQ-TUNEL;172+100;CA
306;LQ-INT-CGBT-COM-RED;LQ-INT-CGBT-COM-RED;LQ-INT-CGBT-COM-RED;AP7 - AUSOL I;LQ-TUNEL;172+100;CA
307;LQ-INT-CGBT-COM-GRUPO;LQ-INT-CGBT-COM-GRUPO;LQ-INT-CGBT-COM-GRUPO;AP7 - AUSOL I;LQ-TUNEL;172+100;CA
308;LQ-INT-CGBT-BAT-COND;LQ-INT-CGBT-BAT-COND;LQ-INT-CGBT-BAT-COND;AP7 - AUSOL I;LQ-TUNEL;172+100;CA
309;LQ-INT-CGBT-CSV-TSM;LQ-INT-CGBT-CSV-TSM;LQ-INT-CGBT-CSV-TSM;AP7 - AUSOL I;LQ-TUNEL;172+100;CA
310;LQ-MAG-GEN-CSSAI;LQ-MAG-GEN-CSSAI;LQ-MAG-GEN-CSSAI;AP7 - AUSOL I;LQ-TUNEL;172+100;CA
311;LQ-INT-CS-EDIF-PCI;LQ-INT-CS-EDIF-PCI;LQ-INT-CS-EDIF-PCI;AP7 - AUSOL I;LQ-TUNEL;172+100;CA
312;LQ-INT-CGBT-CSV-TSC;LQ-INT-CGBT-CSV-TSC;LQ-INT-CGBT-CSV-TSC;AP7 - AUSOL I;LQ-TUNEL;172+100;CA
313;LQ-MAG-CGBT-CSEDBT;LQ-MAG-CGBT-CSEDBT;LQ-MAG-CGBT-CSEDBT;AP7 - AUSOL I;LQ-TUNEL;172+100;CA
314;LQ-VENT-INT-VF1-CA;LQ-VENT-INT-VF1-CA;LQ-VENT-INT-VF1-CA;AP7 - AUSOL I;LQ-TUNEL;172+100;CA
315;LQ-VENT-INT-VF2-CA;LQ-VENT-INT-VF2-CA;LQ-VENT-INT-VF2-CA;AP7 - AUSOL I;LQ-TUNEL;172+100;CA
316;LQ-VENT-INT-VF3-CA;LQ-VENT-INT-VF3-CA;LQ-VENT-INT-VF3-CA;AP7 - AUSOL I;LQ-TUNEL;172+100;CA
317;LQ-VENT-INT-VF4-CA;LQ-VENT-INT-VF4-CA;LQ-VENT-INT-VF4-CA;AP7 - AUSOL I;LQ-TUNEL;172+100;CA
318;LQ-VENT-INT-VF5-CA;LQ-VENT-INT-VF5-CA;LQ-VENT-INT-VF5-CA;AP7 - AUSOL I;LQ-TUNEL;172+100;CA
319;LQ-VENT-INT-VF6-CA;LQ-VENT-INT-VF6-CA;LQ-VENT-INT-VF6-CA;AP7 - AUSOL I;LQ-TUNEL;172+100;CA
320;LQ-VENT-INT-VF7-CA;LQ-VENT-INT-VF7-CA;LQ-VENT-INT-VF7-CA;AP7 - AUSOL I;LQ-TUNEL;172+100;CA
321;LQ-VENT-INT-VF8-CA;LQ-VENT-INT-VF8-CA;LQ-VENT-INT-VF8-CA;AP7 - AUSOL I;LQ-TUNEL;172+100;CA
322;LQ-VENT-INT-VF9-CA;LQ-VENT-INT-VF9-CA;LQ-VENT-INT-VF9-CA;AP7 - AUSOL I;LQ-TUNEL;172+100;CA
323;LQ-VENT-INT-VF10-CA;LQ-VENT-INT-VF10-CA;LQ-VENT-INT-VF10-CA;AP7 - AUSOL I;LQ-TUNEL;172+100;CA
324;LQ-VENT-INT-VF11-CA;LQ-VENT-INT-VF11-CA;LQ-VENT-INT-VF11-CA;AP7 - AUSOL I;LQ-TUNEL;172+100;CA
325;LQ-VENT-INT-VF12-CA;LQ-VENT-INT-VF12-CA;LQ-VENT-INT-VF12-CA;AP7 - AUSOL I;LQ-TUNEL;172+100;CA
326;LQ-VENT-INT-VF13-CA;LQ-VENT-INT-VF13-CA;LQ-VENT-INT-VF13-CA;AP7 - AUSOL I;LQ-TUNEL;172+100;CA
327;LQ-VENT-INT-VF14-CA;LQ-VENT-INT-VF14-CA;LQ-VENT-INT-VF14-CA;AP7 - AUSOL I;LQ-TUNEL;172+100;CA
328;LQ-VENT-INT-VF15-CA;LQ-VENT-INT-VF15-CA;LQ-VENT-INT-VF15-CA;AP7 - AUSOL I;LQ-TUNEL;172+100;CA
329;LQ-VENT-INT-VF16-CA;LQ-VENT-INT-VF16-CA;LQ-VENT-INT-VF16-CA;AP7 - AUSOL I;LQ-TUNEL;172+100;CA
330;LQ-MAG-CSV-2;LQ-MAG-CSV-2;LQ-MAG-CSV-2;AP7 - AUSOL I;LQ-TUNEL;172+100;CA
331;LQ-INT-CSV-2;LQ-INT-CSV-2;LQ-INT-CSV-2;AP7 - AUSOL I;LQ-TUNEL;172+100;CA
332;LQ-MAGDIF-RCAL-CV2;LQ-MAGDIF-RCAL-CV2;LQ-MAGDIF-RCAL-CV2;AP7 - AUSOL I;LQ-TUNEL;172+100;CA
333;LQ-VENT-INT-VF1-MA;LQ-VENT-INT-VF1-MA;LQ-VENT-INT-VF1-MA;AP7 - AUSOL I;LQ-TUNEL;172+100;CA
334;LQ-VENT-INT-VF3-MA;LQ-VENT-INT-VF3-MA;LQ-VENT-INT-VF3-MA;AP7 - AUSOL I;LQ-TUNEL;172+100;CA
335;LQ-VENT-INT-VF4-MA;LQ-VENT-INT-VF4-MA;LQ-VENT-INT-VF4-MA;AP7 - AUSOL I;LQ-TUNEL;172+100;CA
336;LQ-VENT-INT-VF5-MA;LQ-VENT-INT-VF5-MA;LQ-VENT-INT-VF5-MA;AP7 - AUSOL I;LQ-TUNEL;172+100;CA
337;LQ-VENT-INT-VF6-MA;LQ-VENT-INT-VF6-MA;LQ-VENT-INT-VF6-MA;AP7 - AUSOL I;LQ-TUNEL;172+100;CA
338;LQ-VENT-INT-VF7-MA;LQ-VENT-INT-VF7-MA;LQ-VENT-INT-VF7-MA;AP7 - AUSOL I;LQ-TUNEL;172+100;CA
339;LQ-VENT-INT-VF8-MA;LQ-VENT-INT-VF8-MA;LQ-VENT-INT-VF8-MA;AP7 - AUSOL I;LQ-TUNEL;172+100;CA
340;LQ-VENT-INT-VF9-MA;LQ-VENT-INT-VF9-MA;LQ-VENT-INT-VF9-MA;AP7 - AUSOL I;LQ-TUNEL;172+100;CA
341;LQ-VENT-INT-VF10-MA;LQ-VENT-INT-VF10-MA;LQ-VENT-INT-VF10-MA;AP7 - AUSOL I;LQ-TUNEL;172+100;CA
343;LQ-MAG-CSV-1;LQ-MAG-CSV-1;LQ-MAG-CSV-1;AP7 - AUSOL I;LQ-TUNEL;172+100;CA
344;LQ-INT-CSV-1;LQ-INT-CSV-1;LQ-INT-CSV-1;AP7 - AUSOL I;LQ-TUNEL;172+100;CA
345;LQ-MAGDIF-RCAL-CV1;LQ-MAGDIF-RCAL-CV1;LQ-MAGDIF-RCAL-CV1;AP7 - AUSOL I;LQ-TUNEL;172+100;CA
346;LQ-MAG-CSEDBT;LQ-MAG-CSEDBT;LQ-MAG-CSEDBT;AP7 - AUSOL I;LQ-TUNEL;172+100;CA
347;LQ-MAG-A1-CGBT;LQ-MAG-A1-CGBT;LQ-MAG-A1-CGBT;AP7 - AUSOL I;LQ-TUNEL;172+100;CA
348;LQ-MAG-E1-CGBT;LQ-MAG-E1-CGBT;LQ-MAG-E1-CGBT;AP7 - AUSOL I;LQ-TUNEL;172+100;CA
349;LQ-MAG-F1-CGBT;LQ-MAG-F1-CGBT;LQ-MAG-F1-CGBT;AP7 - AUSOL I;LQ-TUNEL;172+100;CA
350;LQ-MAG-F2-CGBT;LQ-MAG-F2-CGBT;LQ-MAG-F2-CGBT;AP7 - AUSOL I;LQ-TUNEL;172+100;CA
353;LQ-EKOR-RPG-UCT;LQ-EKOR-RPG-UCT;LQ-EKOR-RPG-UCT;AP7 - AUSOL I;LQ-TUNEL;172+100;CA
354;LQ-MAG-CGBT-MT;LQ-MAG-CGBT-MT;LQ-MAG-CGBT-MT;AP7 - AUSOL I;LQ-TUNEL;172+100;CA
357;LQ-MAG-CSSAI;I.Autom.IV, In=400 A, Ireg=272 A, Rele y Trans., Dif:30 mA+ AC, Curvas B+C+D;LQ-MAG-CSSAI;AP7 - AUSOL I;LQ-TUNEL;166+727;CA
358;LQ-CIR-CSSAI;I.Autom.IV, In=400 A, Ireg=272 A, Rele y Trans., Dif:30 mA+ AC, Curvas B+C+D;LQ-CIR-CSSAI;AP7 - AUSOL I;LQ-TUNEL;166+727;CA
359;LQ-MAG-CS-ITS1;I.Autom.IV, In=40 A, Ireg=272 A, Rele y Trans., Dif:30 mA+ AC, Curvas B+C+D;LQ-MAG-CS-ITS1;AP7 - AUSOL I;LQ-TUNEL;166+727;CA
360;LQ-MAG-CSG-GAL;I.Autom.IV, In=40 A, Ireg=272 A, Rele y Trans., Dif:30 mA+ AC, Curvas B+C+D;LQ-MAG-CSG-GAL;AP7 - AUSOL I;LQ-TUNEL;166+727;CA
362;LQ-MAG-CS-EDIF-ITS;I.MAG.II, 16A, I.DIF.II, 25A 30mA, AC;LQ-MAG-CS-EDIF-ITS;AP7 - AUSOL I;LQ-TUNEL;166+727;CA
363;LQ-MAG-A1-EDIF-ITS;I.Autom.IV, In=100 A, Ireg=100 A, Rele y Trans., Dif:30 mA+ AC, Curvas B+C+D;LQ-MAG-A1-EDIF-ITS;AP7 - AUSOL I;LQ-TUNEL;166+727;CA
364;LQ-MAG-E1-EDIF-ITS;I.Autom.IV, In=100 A, Ireg=100 A, Rele y Trans., Dif:30 mA+ AC, Curvas B+C+D;LQ-MAG-E1-EDIF-ITS;AP7 - AUSOL I;LQ-TUNEL;166+727;CA
365;LQ-MAG-F1-EDIF-ITS;I.Autom.IV, In=100 A, Ireg=100 A, Rele y Trans., Dif:30 mA+ AC, Curvas B+C+D;LQ-MAG-F1-EDIF-ITS;AP7 - AUSOL I;LQ-TUNEL;166+727;CA
366;LQ-MAG-F2-EDIF-ITS;I.Autom.IV, In=100 A, Ireg=100 A, Rele y Trans., Dif:30 mA+ AC, Curvas B+C+D;LQ-MAG-F2-EDIF-ITS;AP7 - AUSOL I;LQ-TUNEL;166+727;CA
367;LQ-INT-GEN-EDIF-PCI;LQ-INT-GEN-EDIF-PCI;LQ-INT-GEN-EDIF-PCI;AP7 - AUSOL I;LQ-TUNEL;166+727;CA
368;LQ-MAG-ITS1;LQ-MAG-ITS1;LQ-MAG-ITS1;AP7 - AUSOL I;LQ-TUNEL;166+727;CA
369;LQ-INT-ITS1;LQ-INT-ITS1;LQ-INT-ITS1;AP7 - AUSOL I;LQ-TUNEL;166+727;CA
370;LQ-MAGDIF-BF10;LQ-MAGDIF-BF10;LQ-MAGDIF-BF10;AP7 - AUSOL I;LQ-TUNEL;166+727;CA
371;LQ-MAGDIF-BF11;LQ-MAGDIF-BF11;LQ-MAGDIF-BF11;AP7 - AUSOL I;LQ-TUNEL;166+727;CA
372;LQ-MAGDIF-BF13-2;LQ-MAGDIF-BF13-2;LQ-MAGDIF-BF13-2;AP7 - AUSOL I;LQ-TUNEL;166+727;CA
373;LQ-MAGDIF-BF13-3;LQ-MAGDIF-BF13-3;LQ-MAGDIF-BF13-3;AP7 - AUSOL I;LQ-TUNEL;166+727;CA
374;LQ-MAGDIF-BF13-4;LQ-MAGDIF-BF13-4;LQ-MAGDIF-BF13-4;AP7 - AUSOL I;LQ-TUNEL;166+727;CA
375;LQ-MAGDIF-BF13-5;LQ-MAGDIF-BF13-5;LQ-MAGDIF-BF13-5;AP7 - AUSOL I;LQ-TUNEL;166+727;CA
376;LQ-MAGDIF-BF13-6;LQ-MAGDIF-BF13-6;LQ-MAGDIF-BF13-6;AP7 - AUSOL I;LQ-TUNEL;166+727;CA
377;LQ-MAGDIF-BF13-7;LQ-MAGDIF-BF13-7;LQ-MAGDIF-BF13-7;AP7 - AUSOL I;LQ-TUNEL;166+727;CA
380;LQ-MAGDIF-BF13-1;LQ-MAGDIF-BF13-1;LQ-MAGDIF-BF13-1;AP7 - AUSOL I;LQ-TUNEL;166+727;CA
381;LQ-MAGDIF-BF14-2;LQ-MAGDIF-BF14-2;LQ-MAGDIF-BF14-2;AP7 - AUSOL I;LQ-TUNEL;166+727;CA
382;LQ-MAGDIF-BF14-3;LQ-MAGDIF-BF14-3;LQ-MAGDIF-BF14-3;AP7 - AUSOL I;LQ-TUNEL;166+727;CA
383;LQ-MAGDIF-BF14-4;LQ-MAGDIF-BF14-4;LQ-MAGDIF-BF14-4;AP7 - AUSOL I;LQ-TUNEL;166+727;CA
384;LQ-MAGDIF-BF14-5;LQ-MAGDIF-BF14-5;LQ-MAGDIF-BF14-5;AP7 - AUSOL I;LQ-TUNEL;166+727;CA
385;LQ-MAGDIF-BF15;LQ-MAGDIF-BF15;LQ-MAGDIF-BF15;AP7 - AUSOL I;LQ-TUNEL;166+727;CA
388;LQ-MAGDIF-BF16;LQ-MAGDIF-BF16;LQ-MAGDIF-BF16;AP7 - AUSOL I;LQ-TUNEL;166+727;CA
389;LQ-MAGDIF-DET1-LAZO;LQ-MAGDIF-DET1-LAZO;LQ-MAGDIF-DET1-LAZO;AP7 - AUSOL I;LQ-TUNEL;166+727;CA
390;LQ-MAGDIF-METEO;LQ-MAGDIF-METEO;LQ-MAGDIF-METEO;AP7 - AUSOL I;LQ-TUNEL;166+727;CA
391;LQ-MAGDIF-BF20;LQ-MAGDIF-BF20;LQ-MAGDIF-BF20;AP7 - AUSOL I;LQ-TUNEL;166+727;CA
392;LQ-MAGDIF-BF21;LQ-MAGDIF-BF21;LQ-MAGDIF-BF21;AP7 - AUSOL I;LQ-TUNEL;166+727;CA
393;LQ-MAGDIF-BF22;LQ-MAGDIF-BF22;LQ-MAGDIF-BF22;AP7 - AUSOL I;LQ-TUNEL;166+727;CA
394;LQ-MAGDIF-BF23;LQ-MAGDIF-BF23;LQ-MAGDIF-BF23;AP7 - AUSOL I;LQ-TUNEL;166+727;CA
395;LQ-MAGDIF-BF25;LQ-MAGDIF-BF25;LQ-MAGDIF-BF25;AP7 - AUSOL I;LQ-TUNEL;166+727;CA
396;LQ-MAGDIF-BF26;LQ-MAGDIF-BF26;LQ-MAGDIF-BF26;AP7 - AUSOL I;LQ-TUNEL;166+727;CA
397;LQ-MAGDIF-BF27;LQ-MAGDIF-BF27;LQ-MAGDIF-BF27;AP7 - AUSOL I;LQ-TUNEL;166+727;CA
398;LQ-MAGDIF-BF28;LQ-MAGDIF-BF28;LQ-MAGDIF-BF28;AP7 - AUSOL I;LQ-TUNEL;166+727;CA
399;LQ-MAGDIF-BF29;LQ-MAGDIF-BF29;LQ-MAGDIF-BF29;AP7 - AUSOL I;LQ-TUNEL;166+727;CA
400;LQ-MAGDIF-BF30;LQ-MAGDIF-BF30;LQ-MAGDIF-BF30;AP7 - AUSOL I;LQ-TUNEL;166+727;CA
401;LQ-MAGDIF-BF34;LQ-MAGDIF-BF34;LQ-MAGDIF-BF34;AP7 - AUSOL I;LQ-TUNEL;166+727;CA
403;LQ-VENT-INT-VF2-MA;LQ-VENT-INT-VF2-MA;LQ-VENT-INT-VF2-MA;AP7 - AUSOL I;LQ-TUNEL;172+100;CA
404;RV-EKOR-RPG-UCT;RV-EKOR-RPG-UCT;RV-EKOR-RPG-UCT;AP7 - AUSOL I;RV-TUNEL;177+317;CA
405;CH-INT-CSA-RED;CH-INT-CSA-RED;CH-INT-CSA-RED;AP7 - AUSOL I;CH-TUNEL;13+825;CA
406;CH-MAGDIF-MAN-CSA-RED;CH-MAGDIF-MAN-CSA-RED;CH-MAGDIF-MAN-CSA-RED;AP7 - AUSOL I;CH-TUNEL;13+825;CA
407;CH-MAGDIF-A3-SC;CH-MAGDIF-A3-SC;CH-MAGDIF-A3-SC;AP7 - AUSOL I;CH-TUNEL;13+825;CA
408;CH-MAGDIF-A5-SC;CH-MAGDIF-A5-SC;CH-MAGDIF-A5-SC;AP7 - AUSOL I;CH-TUNEL;13+825;CA
409;CH-MAGDIF-A7-SC;CH-MAGDIF-A7-SC;CH-MAGDIF-A7-SC;AP7 - AUSOL I;CH-TUNEL;13+825;CA
410;CH-MAGDIF-A4-SC;CH-MAGDIF-A4-SC;CH-MAGDIF-A4-SC;AP7 - AUSOL I;CH-TUNEL;13+825;CA
411;CH-MAGDIF-A6-SC;CH-MAGDIF-A6-SC;CH-MAGDIF-A6-SC;AP7 - AUSOL I;CH-TUNEL;13+825;CA
412;CH-MAGDIF-A8-SC;CH-MAGDIF-A8-SC;CH-MAGDIF-A8-SC;AP7 - AUSOL I;CH-TUNEL;13+825;CA
413;CH-MAGDIF-A14-SM;CH-MAGDIF-A14-SM;CH-MAGDIF-A14-SM;AP7 - AUSOL I;CH-TUNEL;13+825;CA
414;CH-MAGDIF-A16-SM;CH-MAGDIF-A16-SM;CH-MAGDIF-A16-SM;AP7 - AUSOL I;CH-TUNEL;13+825;CA
415;CH-MAGDIF-A18-SM;CH-MAGDIF-A18-SM;CH-MAGDIF-A18-SM;AP7 - AUSOL I;CH-TUNEL;13+825;CA
416;CH-MAGDIF-A11-SM;CH-MAGDIF-A11-SM;CH-MAGDIF-A11-SM;AP7 - AUSOL I;CH-TUNEL;13+825;CA
417;CH-MAGDIF-A13-SM;CH-MAGDIF-A13-SM;CH-MAGDIF-A13-SM;AP7 - AUSOL I;CH-TUNEL;13+825;CA
418;CH-MAGDIF-A15-SM;CH-MAGDIF-A15-SM;CH-MAGDIF-A15-SM;AP7 - AUSOL I;CH-TUNEL;13+825;CA
419;CH-INT-CSA-SAI;CH-INT-CSA-SAI;CH-INT-CSA-SAI;AP7 - AUSOL I;CH-TUNEL;13+825;CA
420;CH-MAGDIF-MAN-CSA-SAI;CH-MAGDIF-MAN-CSA-SAI;CH-MAGDIF-MAN-CSA-SAI;AP7 - AUSOL I;CH-TUNEL;13+825;CA
421;CH-MAGDIF-AA1-SM;CH-MAGDIF-AA1-SM;CH-MAGDIF-AA1-SM;AP7 - AUSOL I;CH-TUNEL;13+825;CA
422;CH-MAGDIF-AA2-SM;CH-MAGDIF-AA2-SM;CH-MAGDIF-AA2-SM;AP7 - AUSOL I;CH-TUNEL;13+825;CA
423;CH-MAGDIF-AA12-SC;CH-MAGDIF-AA12-SC;CH-MAGDIF-AA12-SC;AP7 - AUSOL I;CH-TUNEL;13+825;CA
424;CH-MAGDIF-AA9-SC;CH-MAGDIF-AA9-SC;CH-MAGDIF-AA9-SC;AP7 - AUSOL I;CH-TUNEL;13+825;CA
425;CH-MAGDIF-AE10-SC;CH-MAGDIF-AE10-SC;CH-MAGDIF-AE10-SC;AP7 - AUSOL I;CH-TUNEL;13+825;CA
426;CH-MAGDIF-AE17-SM;CH-MAGDIF-AE17-SM;CH-MAGDIF-AE17-SM;AP7 - AUSOL I;CH-TUNEL;13+825;CA
429;CH-MAGDIF-A19-SC;CH-MAGDIF-A19-SC;CH-MAGDIF-A19-SC;AP7 - AUSOL I;CH-TUNEL;13+825;CA
430;CH-MAGDIF-A20-SC;CH-MAGDIF-A20-SC;CH-MAGDIF-A20-SC;AP7 - AUSOL I;CH-TUNEL;13+825;CA
431;CH-MAGDIF-A21-SM;CH-MAGDIF-A21-SM;CH-MAGDIF-A21-SM;AP7 - AUSOL I;CH-TUNEL;13+825;CA
432;CH-MAGDIF-A22-SM;CH-MAGDIF-A22-SM;CH-MAGDIF-A22-SM;AP7 - AUSOL I;CH-TUNEL;13+825;CA
433;CH-INT-CGBT;CH-INT-CGBT;CH-INT-CGBT;AP7 - AUSOL I;CH-TUNEL;13+825;CA
434;CH-INT-CSA-RED-CGBT;CH-INT-CSA-RED-CGBT;CH-INT-CSA-RED-CGBT;AP7 - AUSOL I;CH-TUNEL;13+825;CA
435;CH-MAGDIF-SER-AUX-GE-CGBT;CH-MAGDIF-SER-AUX-GE-CGBT;CH-MAGDIF-SER-AUX-GE-CGBT;AP7 - AUSOL I;CH-TUNEL;13+825;CA
436;CH-INT-CS-SAI-CGBT;CH-INT-CS-SAI-CGBT;CH-INT-CS-SAI-CGBT;AP7 - AUSOL I;CH-TUNEL;13+825;CA
437;CH-INT-CSV-SM-CGBT;CH-INT-CSV-SM-CGBT;CH-INT-CSV-SM-CGBT;AP7 - AUSOL I;CH-TUNEL;13+825;CA
438;CH-INT-CSV-SC-CGBT;CH-INT-CSV-SC-CGBT;CH-INT-CSV-SC-CGBT;AP7 - AUSOL I;CH-TUNEL;13+825;CA
439;CH-INT-CS-PCI-CGBT;CH-INT-CS-PCI-CGBT;CH-INT-CS-PCI-CGBT;AP7 - AUSOL I;CH-TUNEL;13+825;CA
440;CH-INT-BAT-COND-CGBT;CH-INT-BAT-COND-CGBT;CH-INT-BAT-COND-CGBT;AP7 - AUSOL I;CH-TUNEL;13+825;CA
441;CH-MAGDIF-CS-BT-CGBT;CH-MAGDIF-CS-BT-CGBT;CH-MAGDIF-CS-BT-CGBT;AP7 - AUSOL I;CH-TUNEL;13+825;CA
443;CH-INT-CS-ITS1;CH-INT-CS-ITS1;CH-INT-CS-ITS1;AP7 - AUSOL I;CH-TUNEL;13+825;CA
444;CH-MAGDIF-MAN-CS-ITS1;CH-MAGDIF-MAN-CS-ITS1;CH-MAGDIF-MAN-CS-ITS1;AP7 - AUSOL I;CH-TUNEL;13+825;CA
445;CH-MAGDIF-BF10;CH-MAGDIF-BF10;CH-MAGDIF-BF10;AP7 - AUSOL I;CH-TUNEL;13+825;CA
446;CH-MAGDIF-BF11;CH-MAGDIF-BF11;CH-MAGDIF-BF11;AP7 - AUSOL I;CH-TUNEL;13+825;CA
447;CH-MAGDIF-BF13.1;CH-MAGDIF-BF13.1;CH-MAGDIF-BF13.1;AP7 - AUSOL I;CH-TUNEL;13+825;CA
448;CH-MAGDIF-BF13.2;CH-MAGDIF-BF13.2;CH-MAGDIF-BF13.2;AP7 - AUSOL I;CH-TUNEL;13+825;CA
449;CH-MAGDIF-BF13.3;CH-MAGDIF-BF13.3;CH-MAGDIF-BF13.3;AP7 - AUSOL I;CH-TUNEL;13+825;CA
450;CH-MAGDIF-BF14.1;CH-MAGDIF-BF14.1;CH-MAGDIF-BF14.1;AP7 - AUSOL I;CH-TUNEL;13+825;CA
451;CH-MAGDIF-BF14.2;CH-MAGDIF-BF14.2;CH-MAGDIF-BF14.2;AP7 - AUSOL I;CH-TUNEL;13+825;CA
452;CH-MAGDIF-BF14.3;CH-MAGDIF-BF14.3;CH-MAGDIF-BF14.3;AP7 - AUSOL I;CH-TUNEL;13+825;CA
453;CH-MAGDIF-BF15;CH-MAGDIF-BF15;CH-MAGDIF-BF15;AP7 - AUSOL I;CH-TUNEL;13+825;CA
454;CH-MAGDIF-METEO;CH-MAGDIF-METEO;CH-MAGDIF-METEO;AP7 - AUSOL I;CH-TUNEL;13+825;CA
455;CH-MAGDIF-BF19;CH-MAGDIF-BF19;CH-MAGDIF-BF19;AP7 - AUSOL I;CH-TUNEL;13+825;CA
456;CH-MAGDIF-BF20;CH-MAGDIF-BF20;CH-MAGDIF-BF20;AP7 - AUSOL I;CH-TUNEL;13+825;CA
457;CH-MAGDIF-BF21;CH-MAGDIF-BF21;CH-MAGDIF-BF21;AP7 - AUSOL I;CH-TUNEL;13+825;CA
458;CH-MAGDIF-BF22;CH-MAGDIF-BF22;CH-MAGDIF-BF22;AP7 - AUSOL I;CH-TUNEL;13+825;CA
459;CH-MAGDIF-BF23;CH-MAGDIF-BF23;CH-MAGDIF-BF23;AP7 - AUSOL I;CH-TUNEL;13+825;CA
460;CH-MAGDIF-BF24;CH-MAGDIF-BF24;CH-MAGDIF-BF24;AP7 - AUSOL I;CH-TUNEL;13+825;CA
461;CH-MAGDIF-OP-MOVISTAR;CH-MAGDIF-OP-MOVISTAR;CH-MAGDIF-OP-MOVISTAR;AP7 - AUSOL I;CH-TUNEL;13+825;CA
462;CH-MAGDIF-BF26;CH-MAGDIF-BF26;CH-MAGDIF-BF26;AP7 - AUSOL I;CH-TUNEL;13+825;CA
466;CH-MAGDIF-DET1-LAZO;CH-MAGDIF-DET1-LAZO;CH-MAGDIF-DET1-LAZO;AP7 - AUSOL I;CH-TUNEL;13+825;CA
467;CH-INT-CS-ITS2;CH-INT-CS-ITS2;CH-INT-CS-ITS2;AP7 - AUSOL I;CH-TUNEL;13+825;CA
468;CH-MAGDIF-MAN-CS-ITS2;CH-MAGDIF-MAN-CS-ITS2;CH-MAGDIF-MAN-CS-ITS2;AP7 - AUSOL I;CH-TUNEL;13+825;CA
469;CH-MAGDIF-BF27-SEM;CH-MAGDIF-BF27-SEM;CH-MAGDIF-BF27-SEM;AP7 - AUSOL I;CH-TUNEL;13+825;CA
470;CH-MAGDIF-BF28;CH-MAGDIF-BF28;CH-MAGDIF-BF28;AP7 - AUSOL I;CH-TUNEL;13+825;CA
471;CH-MAGDIF-BF29;CH-MAGDIF-BF29;CH-MAGDIF-BF29;AP7 - AUSOL I;CH-TUNEL;13+825;CA
472;CH-MAGDIF-BF30;CH-MAGDIF-BF30;CH-MAGDIF-BF30;AP7 - AUSOL I;CH-TUNEL;13+825;CA
473;CH-MAGDIF-BF34;CH-MAGDIF-BF34;CH-MAGDIF-BF34;AP7 - AUSOL I;CH-TUNEL;13+825;CA
474;CH-MAGDIF-BF32;CH-MAGDIF-BF32;CH-MAGDIF-BF32;AP7 - AUSOL I;CH-TUNEL;13+825;CA
475;CH-INT-CS-SAI;CH-INT-CS-SAI;CH-INT-CS-SAI;AP7 - AUSOL I;CH-TUNEL;13+825;CA
476;CH-MAGDIF-CSA-SAI-CS-SAI;CH-MAGDIF-CSA-SAI-CS-SAI;CH-MAGDIF-CSA-SAI-CS-SAI;AP7 - AUSOL I;CH-TUNEL;13+825;CA
477;CH-MAGDIF-CS-ITS1-SAI;CH-MAGDIF-CS-ITS1-SAI;CH-MAGDIF-CS-ITS1-SAI;AP7 - AUSOL I;CH-TUNEL;13+825;CA
478;CH-MAGDIF-CS-ITS2-SAI;CH-MAGDIF-CS-ITS2-SAI;CH-MAGDIF-CS-ITS2-SAI;AP7 - AUSOL I;CH-TUNEL;13+825;CA
479;CH-MAGDIF-CSG-GAL-SAI;CH-MAGDIF-CSG-GAL-SAI;CH-MAGDIF-CSG-GAL-SAI;AP7 - AUSOL I;CH-TUNEL;13+825;CA
480;CH-MAGDIF-CS-ITS-SAI;CH-MAGDIF-CS-ITS-SAI;CH-MAGDIF-CS-ITS-SAI;AP7 - AUSOL I;CH-TUNEL;13+825;CA
481;CH-MAGDIF-CS-PCI-SAI;CH-MAGDIF-CS-PCI-SAI;CH-MAGDIF-CS-PCI-SAI;AP7 - AUSOL I;CH-TUNEL;13+825;CA
482;CH-MAGDIF-CS-BT;CH-MAGDIF-CS-BT;CH-MAGDIF-CS-BT;AP7 - AUSOL I;CH-TUNEL;13+825;CA
483;CH-MAG-A1-BT;CH-MAG-A1-BT;CH-MAG-A1-BT;AP7 - AUSOL I;CH-TUNEL;13+825;CA
484;CH-MAG-E1-BT;CH-MAG-E1-BT;CH-MAG-E1-BT;AP7 - AUSOL I;CH-TUNEL;13+825;CA
485;CH-MAG-F1-BT;CH-MAG-F1-BT;CH-MAG-F1-BT;AP7 - AUSOL I;CH-TUNEL;13+825;CA
486;CH-MAG-F2-BT;CH-MAG-F2-BT;CH-MAG-F2-BT;AP7 - AUSOL I;CH-TUNEL;13+825;CA
487;CH-INT-CSV-CA;CH-INT-CSV-CA;CH-INT-CSV-CA;AP7 - AUSOL I;CH-TUNEL;13+825;CA
488;CH-MAGDIF-MAN-CSV-CA;CH-MAGDIF-MAN-CSV-CA;CH-MAGDIF-MAN-CSV-CA;AP7 - AUSOL I;CH-TUNEL;13+825;CA
489;CH-VENT-MAGDIF-VF1-CA;CH-VENT-MAGDIF-VF1-CA;CH-VENT-MAGDIF-VF1-CA;AP7 - AUSOL I;CH-TUNEL;13+825;CA
490;CH-VENT-MAGDIF-VF2-CA;CH-VENT-MAGDIF-VF2-CA;CH-VENT-MAGDIF-VF2-CA;AP7 - AUSOL I;CH-TUNEL;13+825;CA
491;CH-VENT-MAGDIF-VF3-CA;CH-VENT-MAGDIF-VF3-CA;CH-VENT-MAGDIF-VF3-CA;AP7 - AUSOL I;CH-TUNEL;13+825;CA
492;CH-VENT-MAGDIF-VF4-CA;CH-VENT-MAGDIF-VF4-CA;CH-VENT-MAGDIF-VF4-CA;AP7 - AUSOL I;CH-TUNEL;13+825;CA
493;CH-VENT-MAGDIF-VF5-CA;CH-VENT-MAGDIF-VF5-CA;CH-VENT-MAGDIF-VF5-CA;AP7 - AUSOL I;CH-TUNEL;13+825;CA
494;CH-VENT-MAGDIF-VF6-CA;CH-VENT-MAGDIF-VF6-CA;CH-VENT-MAGDIF-VF6-CA;AP7 - AUSOL I;CH-TUNEL;13+825;CA
495;CH-VENT-MAGDIF-VF7-CA;CH-VENT-MAGDIF-VF7-CA;CH-VENT-MAGDIF-VF7-CA;AP7 - AUSOL I;CH-TUNEL;13+825;CA
496;CH-VENT-MAGDIF-VF8-CA;CH-VENT-MAGDIF-VF8-CA;CH-VENT-MAGDIF-VF8-CA;AP7 - AUSOL I;CH-TUNEL;13+825;CA
497;CH-MAGDIF-RCAL-CV1-CA;CH-MAGDIF-RCAL-CV1-CA;CH-MAGDIF-RCAL-CV1-CA;AP7 - AUSOL I;CH-TUNEL;13+825;CA
498;CH-INT-CSV-MA;CH-INT-CSV-MA;CH-INT-CSV-MA;AP7 - AUSOL I;CH-TUNEL;13+825;CA
499;CH-MAGDIF-MAN-CSV-MA;CH-MAGDIF-MAN-CSV-MA;CH-MAGDIF-MAN-CSV-MA;AP7 - AUSOL I;CH-TUNEL;13+825;CA
500;CH-VENT-MAGDIF-VF1-MA;CH-VENT-MAGDIF-VF1-MA;CH-VENT-MAGDIF-VF1-MA;AP7 - AUSOL I;CH-TUNEL;13+825;CA
501;CH-VENT-MAGDIF-VF2-MA;CH-VENT-MAGDIF-VF2-MA;CH-VENT-MAGDIF-VF2-MA;AP7 - AUSOL I;CH-TUNEL;13+825;CA
502;CH-VENT-MAGDIF-VF3-MA;CH-VENT-MAGDIF-VF3-MA;CH-VENT-MAGDIF-VF3-MA;AP7 - AUSOL I;CH-TUNEL;13+825;CA
503;CH-VENT-MAGDIF-VF4-MA;CH-VENT-MAGDIF-VF4-MA;CH-VENT-MAGDIF-VF4-MA;AP7 - AUSOL I;CH-TUNEL;13+825;CA
504;CH-VENT-MAGDIF-VF5-MA;CH-VENT-MAGDIF-VF5-MA;CH-VENT-MAGDIF-VF5-MA;AP7 - AUSOL I;CH-TUNEL;13+825;CA
505;CH-VENT-MAGDIF-VF6-MA;CH-VENT-MAGDIF-VF6-MA;CH-VENT-MAGDIF-VF6-MA;AP7 - AUSOL I;CH-TUNEL;13+825;CA
506;CH-VENT-MAGDIF-VF7-MA;CH-VENT-MAGDIF-VF7-MA;CH-VENT-MAGDIF-VF7-MA;AP7 - AUSOL I;CH-TUNEL;13+825;CA
507;CH-VENT-MAGDIF-VF8-MA;CH-VENT-MAGDIF-VF8-MA;CH-VENT-MAGDIF-VF8-MA;AP7 - AUSOL I;CH-TUNEL;13+825;CA
508;CH-MAGDIF-RCAL-CV1-MA;CH-MAGDIF-RCAL-CV1-MA;CH-MAGDIF-RCAL-CV1-MA;AP7 - AUSOL I;CH-TUNEL;13+825;CA
509;CH-INT-CSG-GAL;CH-INT-CSG-GAL;CH-INT-CSG-GAL;AP7 - AUSOL I;CH-TUNEL;13+825;CA
511;CH-MAGDIF-GA1;CH-MAGDIF-GA1;CH-MAGDIF-GA1;AP7 - AUSOL I;CH-TUNEL;13+825;CA
512;CH-MAGDIF-GA2;CH-MAGDIF-GA2;CH-MAGDIF-GA2;AP7 - AUSOL I;CH-TUNEL;13+825;CA
513;CH-MAGDIF-GE1;CH-MAGDIF-GE1;CH-MAGDIF-GE1;AP7 - AUSOL I;CH-TUNEL;13+825;CA
514;CH-MAGDIF-GF6;CH-MAGDIF-GF6;CH-MAGDIF-GF6;AP7 - AUSOL I;CH-TUNEL;13+825;CA
515;CH-MAGDIF-GF9;CH-MAGDIF-GF9;CH-MAGDIF-GF9;AP7 - AUSOL I;CH-TUNEL;13+825;CA
516;CH-MAGDIF-CIRC-PRES;CH-MAGDIF-CIRC-PRES;CH-MAGDIF-CIRC-PRES;AP7 - AUSOL I;CH-TUNEL;13+825;CA
517;CH-MAGDIF-CS-ITS;CH-MAGDIF-CS-ITS;CH-MAGDIF-CS-ITS;AP7 - AUSOL I;CH-TUNEL;13+825;CA
518;CH-MAG-A1-ITS;CH-MAG-A1-ITS;CH-MAG-A1-ITS;AP7 - AUSOL I;CH-TUNEL;13+825;CA
519;CH-MAG-E1-ITS;CH-MAG-E1-ITS;CH-MAG-E1-ITS;AP7 - AUSOL I;CH-TUNEL;13+825;CA
520;CH-MAG-F1-ITS;CH-MAG-F1-ITS;CH-MAG-F1-ITS;AP7 - AUSOL I;CH-TUNEL;13+825;CA
521;CH-MAG-F2-ITS;CH-MAG-F2-ITS;CH-MAG-F2-ITS;AP7 - AUSOL I;CH-TUNEL;13+825;CA
526;CH-INT-CGBT-MT;CH-INT-CGBT-MT;CH-INT-CGBT-MT;AP7 - AUSOL I;CH-TUNEL;13+825;CA
528;CAS-MAGDIF-MAN-CSA-SAI-B;CAS-MAGDIF-MAN-CSA-SAI-B;CAS-MAGDIF-MAN-CSA-SAI-B;AP7 - AUSOL II;CAS-TUNEL;147+505;CA
529;CAS-MAGDIF-AA1-SC;CAS-MAGDIF-AA1-SC;CAS-MAGDIF-AA1-SC;AP7 - AUSOL II;CAS-TUNEL;147+505;CA
530;CAS-MAGDIF-AA2-SC;CAS-MAGDIF-AA2-SC;CAS-MAGDIF-AA2-SC;AP7 - AUSOL II;CAS-TUNEL;147+505;CA
531;CAS-MAGDIF-AA10-SM;CAS-MAGDIF-AA10-SM;CAS-MAGDIF-AA10-SM;AP7 - AUSOL II;CAS-TUNEL;147+505;CA
532;CAS-MAGDIF-AA11-SM;CAS-MAGDIF-AA11-SM;CAS-MAGDIF-AA11-SM;AP7 - AUSOL II;CAS-TUNEL;147+505;CA
533;CAS-MAGDIF-AE9-SM;CAS-MAGDIF-AE9-SM;CAS-MAGDIF-AE9-SM;AP7 - AUSOL II;CAS-TUNEL;147+505;CA
534;CAS-MAGDIF-AE12-SC;CAS-MAGDIF-AE12-SC;CAS-MAGDIF-AE12-SC;AP7 - AUSOL II;CAS-TUNEL;147+505;CA
537;CAS-MAGDIF-A15-SC;CAS-MAGDIF-A15-SC;CAS-MAGDIF-A15-SC;AP7 - AUSOL II;CAS-TUNEL;147+505;CA
538;CAS-MAGDIF-A16-SM;CAS-MAGDIF-A16-SM;CAS-MAGDIF-A16-SM;AP7 - AUSOL II;CAS-TUNEL;147+505;CA
539;CAS-MAGDIF-MAN-CSA-RED-B;CAS-MAGDIF-MAN-CSA-RED-B;CAS-MAGDIF-MAN-CSA-RED-B;AP7 - AUSOL II;CAS-TUNEL;147+505;CA
540;CAS-MAGDIF-A3-SC;CAS-MAGDIF-A3-SC;CAS-MAGDIF-A3-SC;AP7 - AUSOL II;CAS-TUNEL;147+505;CA
541;CAS-MAGDIF-A5-SC;CAS-MAGDIF-A5-SC;CAS-MAGDIF-A5-SC;AP7 - AUSOL II;CAS-TUNEL;147+505;CA
542;CAS-MAGDIF-A4-SC;CAS-MAGDIF-A4-SC;CAS-MAGDIF-A4-SC;AP7 - AUSOL II;CAS-TUNEL;147+505;CA
543;CAS-MAGDIF-A6-SC;CAS-MAGDIF-A6-SC;CAS-MAGDIF-A6-SC;AP7 - AUSOL II;CAS-TUNEL;147+505;CA
544;CAS-MAG-CSA-SAI-B;CAS-MAG-CSA-SAI-B;CAS-MAG-CSA-SAI-B;AP7 - AUSOL II;CAS-TUNEL;147+505;CA
545;CAS-MAG-CSA-RED-B;CAS-MAG-CSA-RED-B;CAS-MAG-CSA-RED-B;AP7 - AUSOL II;CAS-TUNEL;147+505;CA
546;CAS-MAGDIF-MAN-CSA-SAI-A;CAS-MAGDIF-MAN-CSA-SAI-A;CAS-MAGDIF-MAN-CSA-SAI-A;AP7 - AUSOL II;CAS-TUNEL;147+505;CA
547;CAS-MAGDIF-AA10-SC;CAS-MAGDIF-AA10-SC;CAS-MAGDIF-AA10-SC;AP7 - AUSOL II;CAS-TUNEL;147+505;CA
548;CAS-MAGDIF-AA11-SC;CAS-MAGDIF-AA11-SC;CAS-MAGDIF-AA11-SC;AP7 - AUSOL II;CAS-TUNEL;147+505;CA
549;CAS-MAGDIF-AA1-SM;CAS-MAGDIF-AA1-SM;CAS-MAGDIF-AA1-SM;AP7 - AUSOL II;CAS-TUNEL;147+505;CA
550;CAS-MAGDIF-AA2-SM;CAS-MAGDIF-AA2-SM;CAS-MAGDIF-AA2-SM;AP7 - AUSOL II;CAS-TUNEL;147+505;CA
551;CAS-MAGDIF-AE9-SC;CAS-MAGDIF-AE9-SC;CAS-MAGDIF-AE9-SC;AP7 - AUSOL II;CAS-TUNEL;147+505;CA
552;CAS-MAGDIF-AE12-SM;CAS-MAGDIF-AE12-SM;CAS-MAGDIF-AE12-SM;AP7 - AUSOL II;CAS-TUNEL;147+505;CA
555;CAS-MAGDIF-A13-SC;CAS-MAGDIF-A13-SC;CAS-MAGDIF-A13-SC;AP7 - AUSOL II;CAS-TUNEL;147+505;CA
556;CAS-MAGDIF-A14-SM;CAS-MAGDIF-A14-SM;CAS-MAGDIF-A14-SM;AP7 - AUSOL II;CAS-TUNEL;147+505;CA
557;CAS-MAGDIF-MAN-CSA-RED-A;CAS-MAGDIF-MAN-CSA-RED-A;CAS-MAGDIF-MAN-CSA-RED-A;AP7 - AUSOL II;CAS-TUNEL;147+505;CA
558;CAS-MAGDIF-A3-SM;CAS-MAGDIF-A3-SM;CAS-MAGDIF-A3-SM;AP7 - AUSOL II;CAS-TUNEL;147+505;CA
559;CAS-MAGDIF-A5-SM;CAS-MAGDIF-A5-SM;CAS-MAGDIF-A5-SM;AP7 - AUSOL II;CAS-TUNEL;147+505;CA
560;CAS-MAGDIF-A4-SM;CAS-MAGDIF-A4-SM;CAS-MAGDIF-A4-SM;AP7 - AUSOL II;CAS-TUNEL;147+505;CA
561;CAS-MAGDIF-A6-SM;CAS-MAGDIF-A6-SM;CAS-MAGDIF-A6-SM;AP7 - AUSOL II;CAS-TUNEL;147+505;CA
562;CAS-MAG-A1-ITS-A;CAS-MAG-A1-ITS-A;CAS-MAG-A1-ITS-A;AP7 - AUSOL II;CAS-TUNEL;147+505;CA
563;CAS-MAG-E1-ITS-A;CAS-MAG-E1-ITS-A;CAS-MAG-E1-ITS-A;AP7 - AUSOL II;CAS-TUNEL;147+505;CA
564;CAS-MAG-F1-ITS-A;CAS-MAG-F1-ITS-A;CAS-MAG-F1-ITS-A;AP7 - AUSOL II;CAS-TUNEL;147+505;CA
565;CAS-MAG-F2-ITS-A;CAS-MAG-F2-ITS-A;CAS-MAG-F2-ITS-A;AP7 - AUSOL II;CAS-TUNEL;147+505;CA
566;CAS-MAG-CSA-SAI-A;CAS-MAG-CSA-SAI-A;CAS-MAG-CSA-SAI-A;AP7 - AUSOL II;CAS-TUNEL;147+505;CA
567;CAS-MAG-CSA-RED-A;CAS-MAG-CSA-RED-A;CAS-MAG-CSA-RED-A;AP7 - AUSOL II;CAS-TUNEL;147+505;CA
568;CAS-MAGDIF-CS-ITS-A;CAS-MAGDIF-CS-ITS-A;CAS-MAGDIF-CS-ITS-A;AP7 - AUSOL II;CAS-TUNEL;147+505;CA
569;CAS-INT-MT-CGBT-A;CAS-INT-MT-CGBT-A;CAS-INT-MT-CGBT-A;AP7 - AUSOL II;CAS-TUNEL;147+505;CA
570;CAS-MAGDIF-CSA-RED-A-CGBT-A;CAS-MAGDIF-CSA-RED-A-CGBT-A;CAS-MAGDIF-CSA-RED-A-CGBT-A;AP7 - AUSOL II;CAS-TUNEL;147+505;CA
571;CAS-INT-CGBT-A;CAS-INT-CGBT-A;CAS-INT-CGBT-A;AP7 - AUSOL II;CAS-TUNEL;147+505;CA
572;CAS-MAGDIF-SER-AUX-GE-CGBT-A;CAS-MAGDIF-SER-AUX-GE-CGBT-A;CAS-MAGDIF-SER-AUX-GE-CGBT-A;AP7 - AUSOL II;CAS-TUNEL;147+505;CA
573;CAS-CONT-CONM-RED-CGBT-A;CAS-CONT-CONM-RED-CGBT-A;CAS-CONT-CONM-RED-CGBT-A;AP7 - AUSOL II;CAS-TUNEL;147+505;CA
574;CAS-CONT-CONM-GRUPO-CGBT-A;CAS-CONT-CONM-GRUPO-CGBT-A;CAS-CONT-CONM-GRUPO-CGBT-A;AP7 - AUSOL II;CAS-TUNEL;147+505;CA
575;CAS-INT-SAI-CGBT-A;CAS-INT-SAI-CGBT-A;CAS-INT-SAI-CGBT-A;AP7 - AUSOL II;CAS-TUNEL;147+505;CA
576;CAS-INT-CSV-A-CGBT-A;CAS-INT-CSV-A-CGBT-A;CAS-INT-CSV-A-CGBT-A;AP7 - AUSOL II;CAS-TUNEL;147+505;CA
577;CAS-INT-CS-PCI-CGBT-A;CAS-INT-CS-PCI-CGBT-A;CAS-INT-CS-PCI-CGBT-A;AP7 - AUSOL II;CAS-TUNEL;147+505;CA
578;CAS-INT-BAT-COND-CGBT-A;CAS-INT-BAT-COND-CGBT-A;CAS-INT-BAT-COND-CGBT-A;AP7 - AUSOL II;CAS-TUNEL;147+505;CA
579;CAS-MAGDIF-CS-BT-CGBT-A;CAS-MAGDIF-CS-BT-CGBT-A;CAS-MAGDIF-CS-BT-CGBT-A;AP7 - AUSOL II;CAS-TUNEL;147+505;CA
581;CAS-INT-CS-SAI-A;CAS-INT-CS-SAI-A;CAS-INT-CS-SAI-A;AP7 - AUSOL II;CAS-TUNEL;147+505;CA
582;CAS-MAGDIF-CSA-SAI-CS-SAI-A;CAS-MAGDIF-CSA-SAI-CS-SAI-A;CAS-MAGDIF-CSA-SAI-CS-SAI-A;AP7 - AUSOL II;CAS-TUNEL;147+505;CA
583;CAS-MAGDIF-ITS-1-SAI-A;CAS-MAGDIF-ITS-1-SAI-A;CAS-MAGDIF-ITS-1-SAI-A;AP7 - AUSOL II;CAS-TUNEL;147+505;CA
584;CAS-MAGDIF-CSG-GAL-SAI-A;CAS-MAGDIF-CSG-GAL-SAI-A;CAS-MAGDIF-CSG-GAL-SAI-A;AP7 - AUSOL II;CAS-TUNEL;147+505;CA
585;CAS-MAGDIF-CS-ITS-SAI-A;CAS-MAGDIF-CS-ITS-SAI-A;CAS-MAGDIF-CS-ITS-SAI-A;AP7 - AUSOL II;CAS-TUNEL;147+505;CA
586;CAS-MAGDIF-CS-PCI-SAI-A;CAS-MAGDIF-CS-PCI-SAI-A;CAS-MAGDIF-CS-PCI-SAI-A;AP7 - AUSOL II;CAS-TUNEL;147+505;CA
587;CAS-MAGDIF-CS-BT-A;CAS-MAGDIF-CS-BT-A;CAS-MAGDIF-CS-BT-A;AP7 - AUSOL II;CAS-TUNEL;147+505;CA
588;CAS-MAG-A1-BT-A;CAS-MAG-A1-BT-A;CAS-MAG-A1-BT-A;AP7 - AUSOL II;CAS-TUNEL;147+505;CA
589;CAS-MAG-E1-BT-A;CAS-MAG-E1-BT-A;CAS-MAG-E1-BT-A;AP7 - AUSOL II;CAS-TUNEL;147+505;CA
590;CAS-MAG-F1-BT-A;CAS-MAG-F1-BT-A;CAS-MAG-F1-BT-A;AP7 - AUSOL II;CAS-TUNEL;147+505;CA
591;CAS-MAG-F2-BT-A;CAS-MAG-F2-BT-A;CAS-MAG-F2-BT-A;AP7 - AUSOL II;CAS-TUNEL;147+505;CA
592;CAS-INT-MT-CGBT-B;CAS-INT-MT-CGBT-B;CAS-INT-MT-CGBT-B;AP7 - AUSOL II;CAS-TUNEL;147+505;CA
593;CAS-MAGDIF-CSA-RED-B-CGBT-B;CAS-MAGDIF-CSA-RED-B-CGBT-B;CAS-MAGDIF-CSA-RED-B-CGBT-B;AP7 - AUSOL II;CAS-TUNEL;147+505;CA
594;CAS-INT-CGBT-B;CAS-INT-CGBT-B;CAS-INT-CGBT-B;AP7 - AUSOL II;CAS-TUNEL;147+505;CA
595;CAS-MAGDIF-SER-AUX-GE-CGBT-B;CAS-MAGDIF-SER-AUX-GE-CGBT-B;CAS-MAGDIF-SER-AUX-GE-CGBT-B;AP7 - AUSOL II;CAS-TUNEL;147+505;CA
596;CAS-CONT-CONM-RED-CGBT-B;CAS-CONT-CONM-RED-CGBT-B;CAS-CONT-CONM-RED-CGBT-B;AP7 - AUSOL II;CAS-TUNEL;147+505;CA
597;CAS-CONT-CONM-GRUPO-CGBT-B;CAS-CONT-CONM-GRUPO-CGBT-B;CAS-CONT-CONM-GRUPO-CGBT-B;AP7 - AUSOL II;CAS-TUNEL;147+505;CA
598;CAS-INT-SAI-CGBT-B;CAS-INT-SAI-CGBT-B;CAS-INT-SAI-CGBT-B;AP7 - AUSOL II;CAS-TUNEL;147+505;CA
599;CAS-INT-CSV-B-CGBT-B;CAS-INT-CSV-B-CGBT-B;CAS-INT-CSV-B-CGBT-B;AP7 - AUSOL II;CAS-TUNEL;147+505;CA
600;CAS-INT-BAT-COND-CGBT-B;CAS-INT-BAT-COND-CGBT-B;CAS-INT-BAT-COND-CGBT-B;AP7 - AUSOL II;CAS-TUNEL;147+505;CA
601;CAS-MAGDIF-CS-BT-CGBT-B;CAS-MAGDIF-CS-BT-CGBT-B;CAS-MAGDIF-CS-BT-CGBT-B;AP7 - AUSOL II;CAS-TUNEL;147+505;CA
602;CAS-MAGDIF-CUAD-SECC-CGBT-B;CAS-MAGDIF-CUAD-SECC-CGBT-B;CAS-MAGDIF-CUAD-SECC-CGBT-B;AP7 - AUSOL II;CAS-TUNEL;147+505;CA
603;CAS-INT-CS-SAI-B;CAS-INT-CS-SAI-B;CAS-INT-CS-SAI-B;AP7 - AUSOL II;CAS-TUNEL;147+505;CA
604;CAS-MAGDIF-CSA-SAI-CS-SAI-B;CAS-MAGDIF-CSA-SAI-CS-SAI-B;CAS-MAGDIF-CSA-SAI-CS-SAI-B;AP7 - AUSOL II;CAS-TUNEL;147+505;CA
605;CAS-MAGDIF-ITS-1-SAI-B;CAS-MAGDIF-ITS-1-SAI-B;CAS-MAGDIF-ITS-1-SAI-B;AP7 - AUSOL II;CAS-TUNEL;147+505;CA
606;CAS-MAGDIF-CSG-GAL-SAI-B;CAS-MAGDIF-CSG-GAL-SAI-B;CAS-MAGDIF-CSG-GAL-SAI-B;AP7 - AUSOL II;CAS-TUNEL;147+505;CA
607;CAS-MAGDIF-CS-ITS-SAI-B;CAS-MAGDIF-CS-ITS-SAI-B;CAS-MAGDIF-CS-ITS-SAI-B;AP7 - AUSOL II;CAS-TUNEL;147+505;CA
608;CAS-MAGDIF-CS-ITS-B;CAS-MAGDIF-CS-ITS-B;CAS-MAGDIF-CS-ITS-B;AP7 - AUSOL II;CAS-TUNEL;147+505;CA
609;CAS-MAG-A1-ITS-B;CAS-MAG-A1-ITS-B;CAS-MAG-A1-ITS-B;AP7 - AUSOL II;CAS-TUNEL;147+505;CA
610;CAS-MAG-E1-ITS-B;CAS-MAG-E1-ITS-B;CAS-MAG-E1-ITS-B;AP7 - AUSOL II;CAS-TUNEL;147+505;CA
611;CAS-MAG-F1-ITS-B;CAS-MAG-F1-ITS-B;CAS-MAG-F1-ITS-B;AP7 - AUSOL II;CAS-TUNEL;147+505;CA
612;CAS-MAG-F2-ITS-B;CAS-MAG-F2-ITS-B;CAS-MAG-F2-ITS-B;AP7 - AUSOL II;CAS-TUNEL;147+505;CA
613;CAS-MAGDIF-CS-BT-B;CAS-MAGDIF-CS-BT-B;CAS-MAGDIF-CS-BT-B;AP7 - AUSOL II;CAS-TUNEL;147+505;CA
614;CAS-MAG-A1-BT-B;CAS-MAG-A1-BT-B;CAS-MAG-A1-BT-B;AP7 - AUSOL II;CAS-TUNEL;147+505;CA
615;CAS-MAG-E1-BT-B;CAS-MAG-E1-BT-B;CAS-MAG-E1-BT-B;AP7 - AUSOL II;CAS-TUNEL;147+505;CA
616;CAS-MAG-F1-BT-B;CAS-MAG-F1-BT-B;CAS-MAG-F1-BT-B;AP7 - AUSOL II;CAS-TUNEL;147+505;CA
617;CAS-MAG-F2-BT-B;CAS-MAG-F2-BT-B;CAS-MAG-F2-BT-B;AP7 - AUSOL II;CAS-TUNEL;147+505;CA
618;CAS-MAG-ITS-1-A;CAS-MAG-ITS-1-A;CAS-MAG-ITS-1-A;AP7 - AUSOL II;CAS-TUNEL;147+505;CA
619;CAS-MAGDIF-BF10-A;CAS-MAGDIF-BF10-A;CAS-MAGDIF-BF10-A;AP7 - AUSOL II;CAS-TUNEL;147+505;CA
620;CAS-MAGDIF-BF11-A;CAS-MAGDIF-BF11-A;CAS-MAGDIF-BF11-A;AP7 - AUSOL II;CAS-TUNEL;147+505;CA
621;CAS-MAGDIF-BF12-A;CAS-MAGDIF-BF12-A;CAS-MAGDIF-BF12-A;AP7 - AUSOL II;CAS-TUNEL;147+505;CA
622;CAS-MAGDIF-BF13.1-A;CAS-MAGDIF-BF13.1-A;CAS-MAGDIF-BF13.1-A;AP7 - AUSOL II;CAS-TUNEL;147+505;CA
623;CAS-MAGDIF-BF13.3-A;CAS-MAGDIF-BF13.3-A;CAS-MAGDIF-BF13.3-A;AP7 - AUSOL II;CAS-TUNEL;147+505;CA
624;CAS-MAGDIF-BF13.2-A;CAS-MAGDIF-BF13.2-A;CAS-MAGDIF-BF13.2-A;AP7 - AUSOL II;CAS-TUNEL;147+505;CA
625;CAS-MAGDIF-BF14.1-A;CAS-MAGDIF-BF14.1-A;CAS-MAGDIF-BF14.1-A;AP7 - AUSOL II;CAS-TUNEL;147+505;CA
626;CAS-MAGDIF-BF14.2-A;CAS-MAGDIF-BF14.2-A;CAS-MAGDIF-BF14.2-A;AP7 - AUSOL II;CAS-TUNEL;147+505;CA
627;CAS-MAGDIF-BF14.3-A;CAS-MAGDIF-BF14.3-A;CAS-MAGDIF-BF14.3-A;AP7 - AUSOL II;CAS-TUNEL;147+505;CA
628;CAS-MAGDIF-BF15-A;CAS-MAGDIF-BF15-A;CAS-MAGDIF-BF15-A;AP7 - AUSOL II;CAS-TUNEL;147+505;CA
629;CAS-MAGDIF-OP-VODAFONE-A;CAS-MAGDIF-OP-VODAFONE-A;CAS-MAGDIF-OP-VODAFONE-A;AP7 - AUSOL II;CAS-TUNEL;147+505;CA
630;CAS-MAGDIF-BF19-A;CAS-MAGDIF-BF19-A;CAS-MAGDIF-BF19-A;AP7 - AUSOL II;CAS-TUNEL;147+505;CA
631;CAS-MAGDIF-BF20-A;CAS-MAGDIF-BF20-A;CAS-MAGDIF-BF20-A;AP7 - AUSOL II;CAS-TUNEL;147+505;CA
632;CAS-MAGDIF-BF21-A;CAS-MAGDIF-BF21-A;CAS-MAGDIF-BF21-A;AP7 - AUSOL II;CAS-TUNEL;147+505;CA
633;CAS-MAGDIF-BF22-A;CAS-MAGDIF-BF22-A;CAS-MAGDIF-BF22-A;AP7 - AUSOL II;CAS-TUNEL;147+505;CA
634;CAS-MAGDIF-BF23-A;CAS-MAGDIF-BF23-A;CAS-MAGDIF-BF23-A;AP7 - AUSOL II;CAS-TUNEL;147+505;CA
635;CAS-MAGDIF-BF24-A;CAS-MAGDIF-BF24-A;CAS-MAGDIF-BF24-A;AP7 - AUSOL II;CAS-TUNEL;147+505;CA
636;CAS-MAGDIF-BF25-A;CAS-MAGDIF-BF25-A;CAS-MAGDIF-BF25-A;AP7 - AUSOL II;CAS-TUNEL;147+505;CA
637;CAS-MAGDIF-BF26-A;CAS-MAGDIF-BF26-A;CAS-MAGDIF-BF26-A;AP7 - AUSOL II;CAS-TUNEL;147+505;CA
638;CAS-MAGDIF-BF27-A;CAS-MAGDIF-BF27-A;CAS-MAGDIF-BF27-A;AP7 - AUSOL II;CAS-TUNEL;147+505;CA
639;CAS-MAGDIF-BF28-A;CAS-MAGDIF-BF28-A;CAS-MAGDIF-BF28-A;AP7 - AUSOL II;CAS-TUNEL;147+505;CA
640;CAS-MAGDIF-OP-ORANGE-A;CAS-MAGDIF-OP-ORANGE-A;CAS-MAGDIF-OP-ORANGE-A;AP7 - AUSOL II;CAS-TUNEL;147+505;CA
641;CAS-MAGDIF-BF30-A;CAS-MAGDIF-BF30-A;CAS-MAGDIF-BF30-A;AP7 - AUSOL II;CAS-TUNEL;147+505;CA
642;CAS-MAGDIF-BF31-A;CAS-MAGDIF-BF31-A;CAS-MAGDIF-BF31-A;AP7 - AUSOL II;CAS-TUNEL;147+505;CA
643;CAS-MAGDIF-OP-MOVISTAR-A;CAS-MAGDIF-OP-MOVISTAR-A;CAS-MAGDIF-OP-MOVISTAR-A;AP7 - AUSOL II;CAS-TUNEL;147+505;CA
644;CAS-MAGDIF-BF33-A;CAS-MAGDIF-BF33-A;CAS-MAGDIF-BF33-A;AP7 - AUSOL II;CAS-TUNEL;147+505;CA
645;CAS-MAGDIF-BF34-A;CAS-MAGDIF-BF34-A;CAS-MAGDIF-BF34-A;AP7 - AUSOL II;CAS-TUNEL;147+505;CA
646;CAS-MAGDIF-BF35-A;CAS-MAGDIF-BF35-A;CAS-MAGDIF-BF35-A;AP7 - AUSOL II;CAS-TUNEL;147+505;CA
647;CAS-MAGDIF-DET-LAZO-A;CAS-MAGDIF-DET-LAZO-A;CAS-MAGDIF-DET-LAZO-A;AP7 - AUSOL II;CAS-TUNEL;147+505;CA
649;CAS-MAGDIF-CGBT-ITS-1-A;CAS-MAGDIF-CGBT-ITS-1-A;CAS-MAGDIF-CGBT-ITS-1-A;AP7 - AUSOL II;CAS-TUNEL;147+505;CA
651;CAS-MAG-ITS-1-B;CAS-MAG-ITS-1-B;CAS-MAG-ITS-1-B;AP7 - AUSOL II;CAS-TUNEL;147+505;CA
652;CAS-MAGDIF-BF10-B;CAS-MAGDIF-BF10-B;CAS-MAGDIF-BF10-B;AP7 - AUSOL II;CAS-TUNEL;147+505;CA
653;CAS-MAGDIF-BF11-B;CAS-MAGDIF-BF11-B;CAS-MAGDIF-BF11-B;AP7 - AUSOL II;CAS-TUNEL;147+505;CA
655;CAS-MAGDIF-BF13.1-B;CAS-MAGDIF-BF13.1-B;CAS-MAGDIF-BF13.1-B;AP7 - AUSOL II;CAS-TUNEL;147+505;CA
656;CAS-MAGDIF-BF13.2-B;CAS-MAGDIF-BF13.2-B;CAS-MAGDIF-BF13.2-B;AP7 - AUSOL II;CAS-TUNEL;147+505;CA
657;CAS-MAGDIF-BF14.1-B;CAS-MAGDIF-BF14.1-B;CAS-MAGDIF-BF14.1-B;AP7 - AUSOL II;CAS-TUNEL;147+505;CA
658;CAS-MAGDIF-BF14.2-B;CAS-MAGDIF-BF14.2-B;CAS-MAGDIF-BF14.2-B;AP7 - AUSOL II;CAS-TUNEL;147+505;CA
659;CAS-MAGDIF-BF15-B;CAS-MAGDIF-BF15-B;CAS-MAGDIF-BF15-B;AP7 - AUSOL II;CAS-TUNEL;147+505;CA
661;CAS-MAGDIF-BF19-B;CAS-MAGDIF-BF19-B;CAS-MAGDIF-BF19-B;AP7 - AUSOL II;CAS-TUNEL;147+505;CA
662;CAS-MAGDIF-BF20-B;CAS-MAGDIF-BF20-B;CAS-MAGDIF-BF20-B;AP7 - AUSOL II;CAS-TUNEL;147+505;CA
663;CAS-MAGDIF-BF21-B;CAS-MAGDIF-BF21-B;CAS-MAGDIF-BF21-B;AP7 - AUSOL II;CAS-TUNEL;147+505;CA
664;CAS-MAGDIF-BF22-B;CAS-MAGDIF-BF22-B;CAS-MAGDIF-BF22-B;AP7 - AUSOL II;CAS-TUNEL;147+505;CA
665;CAS-MAGDIF-BF23-B;CAS-MAGDIF-BF23-B;CAS-MAGDIF-BF23-B;AP7 - AUSOL II;CAS-TUNEL;147+505;CA
666;CAS-MAGDIF-BF24-B;CAS-MAGDIF-BF24-B;CAS-MAGDIF-BF24-B;AP7 - AUSOL II;CAS-TUNEL;147+505;CA
667;CAS-MAGDIF-BF26-B;CAS-MAGDIF-BF26-B;CAS-MAGDIF-BF26-B;AP7 - AUSOL II;CAS-TUNEL;147+505;CA
668;CAS-MAGDIF-BF27-B;CAS-MAGDIF-BF27-B;CAS-MAGDIF-BF27-B;AP7 - AUSOL II;CAS-TUNEL;147+505;CA
669;CAS-MAGDIF-BF28-B;CAS-MAGDIF-BF28-B;CAS-MAGDIF-BF28-B;AP7 - AUSOL II;CAS-TUNEL;147+505;CA
670;CAS-MAGDIF-BF30-B;CAS-MAGDIF-BF30-B;CAS-MAGDIF-BF30-B;AP7 - AUSOL II;CAS-TUNEL;147+505;CA
671;CAS-MAGDIF-BF31-B;CAS-MAGDIF-BF31-B;CAS-MAGDIF-BF31-B;AP7 - AUSOL II;CAS-TUNEL;147+505;CA
672;CAS-MAGDIF-CGBT-ITS-1-B;CAS-MAGDIF-CGBT-ITS-1-B;CAS-MAGDIF-CGBT-ITS-1-B;AP7 - AUSOL II;CAS-TUNEL;147+505;CA
673;CAS-MAGDIF-BF33-B;CAS-MAGDIF-BF33-B;CAS-MAGDIF-BF33-B;AP7 - AUSOL II;CAS-TUNEL;147+505;CA
674;CAS-MAGDIF-BF34-B;CAS-MAGDIF-BF34-B;CAS-MAGDIF-BF34-B;AP7 - AUSOL II;CAS-TUNEL;147+505;CA
675;CAS-MAGDIF-BF35-B;CAS-MAGDIF-BF35-B;CAS-MAGDIF-BF35-B;AP7 - AUSOL II;CAS-TUNEL;147+505;CA
676;CAS-MAGDIF-DET-LAZO-B;CAS-MAGDIF-DET-LAZO-B;CAS-MAGDIF-DET-LAZO-B;AP7 - AUSOL II;CAS-TUNEL;147+505;CA
677;CAS-INT-CSV-A;CAS-INT-CSV-A;CAS-INT-CSV-A;AP7 - AUSOL II;CAS-TUNEL;147+505;CA
678;CAS-MAGDIF-MAN-CSV-A;CAS-MAGDIF-MAN-CSV-A;CAS-MAGDIF-MAN-CSV-A;AP7 - AUSOL II;CAS-TUNEL;147+505;CA
679;CAS-VENT-INT-VF1-MA;CAS-VENT-INT-VF1-MA;CAS-VENT-INT-VF1-MA;AP7 - AUSOL II;CAS-TUNEL;147+505;CA
680;CAS-VENT-INT-VF2-MA;CAS-VENT-INT-VF2-MA;CAS-VENT-INT-VF2-MA;AP7 - AUSOL II;CAS-TUNEL;147+505;CA
681;CAS-VENT-INT-VF3-MA;CAS-VENT-INT-VF3-MA;CAS-VENT-INT-VF3-MA;AP7 - AUSOL II;CAS-TUNEL;147+505;CA
682;CAS-VENT-INT-VF4-MA;CAS-VENT-INT-VF4-MA;CAS-VENT-INT-VF4-MA;AP7 - AUSOL II;CAS-TUNEL;147+505;CA
683;CAS-VENT-INT-VF5-MA;CAS-VENT-INT-VF5-MA;CAS-VENT-INT-VF5-MA;AP7 - AUSOL II;CAS-TUNEL;147+505;CA
684;CAS-VENT-INT-VF6-MA;CAS-VENT-INT-VF6-MA;CAS-VENT-INT-VF6-MA;AP7 - AUSOL II;CAS-TUNEL;147+505;CA
685;CAS-VENT-INT-VF7-MA;CAS-VENT-INT-VF7-MA;CAS-VENT-INT-VF7-MA;AP7 - AUSOL II;CAS-TUNEL;147+505;CA
686;CAS-VENT-INT-VF7-CA;CAS-VENT-INT-VF7-CA;CAS-VENT-INT-VF7-CA;AP7 - AUSOL II;CAS-TUNEL;147+505;CA
687;CAS-VENT-INT-VF8-CA;CAS-VENT-INT-VF8-CA;CAS-VENT-INT-VF8-CA;AP7 - AUSOL II;CAS-TUNEL;147+505;CA
688;CAS-MAGDIF-RCAL-CV1-CSV-A;CAS-MAGDIF-RCAL-CV1-CSV-A;CAS-MAGDIF-RCAL-CV1-CSV-A;AP7 - AUSOL II;CAS-TUNEL;147+505;CA
690;CAS-INT-CSV-B;CAS-INT-CSV-B;CAS-INT-CSV-B;AP7 - AUSOL II;CAS-TUNEL;147+505;CA
691;CAS-MAGDIF-MAN-CSV-B;CAS-MAGDIF-MAN-CSV-B;CAS-MAGDIF-MAN-CSV-B;AP7 - AUSOL II;CAS-TUNEL;147+505;CA
692;CAS-VENT-INT-VF1-CA;CAS-VENT-INT-VF1-CA;CAS-VENT-INT-VF1-CA;AP7 - AUSOL II;CAS-TUNEL;147+505;CA
693;CAS-VENT-INT-VF2-CA;CAS-VENT-INT-VF2-CA;CAS-VENT-INT-VF2-CA;AP7 - AUSOL II;CAS-TUNEL;147+505;CA
694;CAS-VENT-INT-VF3-CA;CAS-VENT-INT-VF3-CA;CAS-VENT-INT-VF3-CA;AP7 - AUSOL II;CAS-TUNEL;147+505;CA
695;CAS-VENT-INT-VF4-CA;CAS-VENT-INT-VF4-CA;CAS-VENT-INT-VF4-CA;AP7 - AUSOL II;CAS-TUNEL;147+505;CA
696;CAS-VENT-INT-VF5-CA;CAS-VENT-INT-VF5-CA;CAS-VENT-INT-VF5-CA;AP7 - AUSOL II;CAS-TUNEL;147+505;CA
697;CAS-VENT-INT-VF6-CA;CAS-VENT-INT-VF6-CA;CAS-VENT-INT-VF6-CA;AP7 - AUSOL II;CAS-TUNEL;147+505;CA
698;CAS-VENT-INT-VF8-MA;CAS-VENT-INT-VF8-MA;CAS-VENT-INT-VF8-MA;AP7 - AUSOL II;CAS-TUNEL;147+505;CA
699;CAS-VENT-INT-VF9-MA;CAS-VENT-INT-VF9-MA;CAS-VENT-INT-VF9-MA;AP7 - AUSOL II;CAS-TUNEL;147+505;CA
700;CAS-VENT-INT-VF10-MA;CAS-VENT-INT-VF10-MA;CAS-VENT-INT-VF10-MA;AP7 - AUSOL II;CAS-TUNEL;147+505;CA
703;CAS-MAG-CSG-GAL-2;CAS-MAG-CSG-GAL-2;CAS-MAG-CSG-GAL-2;AP7 - AUSOL II;CAS-TUNEL;147+505;CA
705;CAS-MAGDIF-GA1-CSG-2;CAS-MAGDIF-GA1-CSG-2;CAS-MAGDIF-GA1-CSG-2;AP7 - AUSOL II;CAS-TUNEL;147+505;CA
706;CAS-MAGDIF-GA2-CSG-2;CAS-MAGDIF-GA2-CSG-2;CAS-MAGDIF-GA2-CSG-2;AP7 - AUSOL II;CAS-TUNEL;147+505;CA
707;CAS-MAGDIF-GE1-CSG-2;CAS-MAGDIF-GE1-CSG-2;CAS-MAGDIF-GE1-CSG-2;AP7 - AUSOL II;CAS-TUNEL;147+505;CA
708;CAS-MAGDIF-GF5-CSG-2;CAS-MAGDIF-GF5-CSG-2;CAS-MAGDIF-GF5-CSG-2;AP7 - AUSOL II;CAS-TUNEL;147+505;CA
709;CAS-MAGDIF-GF6-CSG-2;CAS-MAGDIF-GF6-CSG-2;CAS-MAGDIF-GF6-CSG-2;AP7 - AUSOL II;CAS-TUNEL;147+505;CA
710;CAS-MAGDIF-GF9-CSG-2;CAS-MAGDIF-GF9-CSG-2;CAS-MAGDIF-GF9-CSG-2;AP7 - AUSOL II;CAS-TUNEL;147+505;CA
711;CAS-MAGDIF-CIR-PRES-CSG-2;CAS-MAGDIF-CIR-PRES-CSG-2;CAS-MAGDIF-CIR-PRES-CSG-2;AP7 - AUSOL II;CAS-TUNEL;147+505;CA
712;CAS-MAG-CSG-GAL-1;CAS-MAG-CSG-GAL-1;CAS-MAG-CSG-GAL-1;AP7 - AUSOL II;CAS-TUNEL;147+505;CA
714;CAS-MAGDIF-GA1-CSG-1;CAS-MAGDIF-GA1-CSG-1;CAS-MAGDIF-GA1-CSG-1;AP7 - AUSOL II;CAS-TUNEL;147+505;CA
715;CAS-MAGDIF-GA2-CSG-1;CAS-MAGDIF-GA2-CSG-1;CAS-MAGDIF-GA2-CSG-1;AP7 - AUSOL II;CAS-TUNEL;147+505;CA
716;CAS-MAGDIF-GE1-CSG-1;CAS-MAGDIF-GE1-CSG-1;CAS-MAGDIF-GE1-CSG-1;AP7 - AUSOL II;CAS-TUNEL;147+505;CA
717;CAS-MAGDIF-GF5-CSG-1;CAS-MAGDIF-GF5-CSG-1;CAS-MAGDIF-GF5-CSG-1;AP7 - AUSOL II;CAS-TUNEL;147+505;CA
718;CAS-MAGDIF-GF6-CSG-1;CAS-MAGDIF-GF6-CSG-1;CAS-MAGDIF-GF6-CSG-1;AP7 - AUSOL II;CAS-TUNEL;147+505;CA
719;CAS-MAGDIF-GF9-CSG-1;CAS-MAGDIF-GF9-CSG-1;CAS-MAGDIF-GF9-CSG-1;AP7 - AUSOL II;CAS-TUNEL;147+505;CA
720;CAS-MAGDIF-CIR-PRES-CSG-1;CAS-MAGDIF-CIR-PRES-CSG-1;CAS-MAGDIF-CIR-PRES-CSG-1;AP7 - AUSOL II;CAS-TUNEL;147+505;CA
721;CAS-CONT-GA1-CSG-2;CAS-CONT-GA1-CSG-2;CAS-CONT-GA1-CSG-2;AP7 - AUSOL II;CAS-TUNEL;147+505;CA
722;CAS-CONT-GA2-CSG-2;CAS-CONT-GA2-CSG-2;CAS-CONT-GA2-CSG-2;AP7 - AUSOL II;CAS-TUNEL;147+505;CA
723;CAS-CONT-GE1-CSG-2;CAS-CONT-GE1-CSG-2;CAS-CONT-GE1-CSG-2;AP7 - AUSOL II;CAS-TUNEL;147+505;CA
724;CAS-CONT-GA1-CSG-1;CAS-CONT-GA1-CSG-1;CAS-CONT-GA1-CSG-1;AP7 - AUSOL II;CAS-TUNEL;147+505;CA
725;CAS-CONT-GA2-CSG-1;CAS-CONT-GA2-CSG-1;CAS-CONT-GA2-CSG-1;AP7 - AUSOL II;CAS-TUNEL;147+505;CA
726;CAS-CONT-GE1-CSG-1;CAS-CONT-GE1-CSG-1;CAS-CONT-GE1-CSG-1;AP7 - AUSOL II;CAS-TUNEL;147+505;CA
728;COR-INT-CSA-RED-A;COR-INT-CSA-RED-A;COR-INT-CSA-RED-A;AP7 - AUSOL II;COR-TUNEL;151+823;CA
729;COR-MAGDIF-MAN-CSA-RED-A;COR-MAGDIF-MAN-CSA-RED-A;COR-MAGDIF-MAN-CSA-RED-A;AP7 - AUSOL II;COR-TUNEL;151+823;CA
730;COR-MAGDIF-A3-SM;COR-MAGDIF-A3-SM;COR-MAGDIF-A3-SM;AP7 - AUSOL II;COR-TUNEL;151+823;CA
731;COR-MAGDIF-A5-SM;COR-MAGDIF-A5-SM;COR-MAGDIF-A5-SM;AP7 - AUSOL II;COR-TUNEL;151+823;CA
732;COR-MAGDIF-A4-SM;COR-MAGDIF-A4-SM;COR-MAGDIF-A4-SM;AP7 - AUSOL II;COR-TUNEL;151+823;CA
733;COR-MAGDIF-A6-SM;COR-MAGDIF-A6-SM;COR-MAGDIF-A6-SM;AP7 - AUSOL II;COR-TUNEL;151+823;CA
734;COR-INT-CSA-SAI-A;COR-INT-CSA-SAI-A;COR-INT-CSA-SAI-A;AP7 - AUSOL II;COR-TUNEL;151+823;CA
735;COR-MAGDIF-MAN-CSA-SAI-A;COR-MAGDIF-MAN-CSA-SAI-A;COR-MAGDIF-MAN-CSA-SAI-A;AP7 - AUSOL II;COR-TUNEL;151+823;CA
736;COR-MAGDIF-AA12-SC;COR-MAGDIF-AA12-SC;COR-MAGDIF-AA12-SC;AP7 - AUSOL II;COR-TUNEL;151+823;CA
737;COR-MAGDIF-AA9-SC;COR-MAGDIF-AA9-SC;COR-MAGDIF-AA9-SC;AP7 - AUSOL II;COR-TUNEL;151+823;CA
738;COR-MAGDIF-AA1-SM;COR-MAGDIF-AA1-SM;COR-MAGDIF-AA1-SM;AP7 - AUSOL II;COR-TUNEL;151+823;CA
739;COR-MAGDIF-AA2-SM;COR-MAGDIF-AA2-SM;COR-MAGDIF-AA2-SM;AP7 - AUSOL II;COR-TUNEL;151+823;CA
740;COR-MAGDIF-AE10-SM;COR-MAGDIF-AE10-SM;COR-MAGDIF-AE10-SM;AP7 - AUSOL II;COR-TUNEL;151+823;CA
741;COR-MAGDIF-AE11-SC;COR-MAGDIF-AE11-SC;COR-MAGDIF-AE11-SC;AP7 - AUSOL II;COR-TUNEL;151+823;CA
744;COR-MAGDIF-A12-SC;COR-MAGDIF-A12-SC;COR-MAGDIF-A12-SC;AP7 - AUSOL II;COR-TUNEL;151+823;CA
745;COR-MAGDIF-A13-SM;COR-MAGDIF-A13-SM;COR-MAGDIF-A13-SM;AP7 - AUSOL II;COR-TUNEL;151+823;CA
746;COR-INT-CSA-RED-B;COR-INT-CSA-RED-B;COR-INT-CSA-RED-B;AP7 - AUSOL II;COR-TUNEL;151+823;CA
747;COR-MAGDIF-MAN-CSA-RED-B;COR-MAGDIF-MAN-CSA-RED-B;COR-MAGDIF-MAN-CSA-RED-B;AP7 - AUSOL II;COR-TUNEL;151+823;CA
748;COR-MAGDIF-A3-SC;COR-MAGDIF-A3-SC;COR-MAGDIF-A3-SC;AP7 - AUSOL II;COR-TUNEL;151+823;CA
749;COR-MAGDIF-A5-SC;COR-MAGDIF-A5-SC;COR-MAGDIF-A5-SC;AP7 - AUSOL II;COR-TUNEL;151+823;CA
750;COR-MAGDIF-A4-SC;COR-MAGDIF-A4-SC;COR-MAGDIF-A4-SC;AP7 - AUSOL II;COR-TUNEL;151+823;CA
751;COR-MAGDIF-A6-SC;COR-MAGDIF-A6-SC;COR-MAGDIF-A6-SC;AP7 - AUSOL II;COR-TUNEL;151+823;CA
752;COR-INT-CSA-SAI-B;COR-INT-CSA-SAI-B;COR-INT-CSA-SAI-B;AP7 - AUSOL II;COR-TUNEL;151+823;CA
753;COR-MAGDIF-MAN-CSA-SAI-B;COR-MAGDIF-MAN-CSA-SAI-B;COR-MAGDIF-MAN-CSA-SAI-B;AP7 - AUSOL II;COR-TUNEL;151+823;CA
754;COR-MAGDIF-AA1-SC;COR-MAGDIF-AA1-SC;COR-MAGDIF-AA1-SC;AP7 - AUSOL II;COR-TUNEL;151+823;CA
755;COR-MAGDIF-AA2-SC;COR-MAGDIF-AA2-SC;COR-MAGDIF-AA2-SC;AP7 - AUSOL II;COR-TUNEL;151+823;CA
756;COR-MAGDIF-AA12-SM;COR-MAGDIF-AA12-SM;COR-MAGDIF-AA12-SM;AP7 - AUSOL II;COR-TUNEL;151+823;CA
757;COR-MAGDIF-AA9-SM;COR-MAGDIF-AA9-SM;COR-MAGDIF-AA9-SM;AP7 - AUSOL II;COR-TUNEL;151+823;CA
758;COR-MAGDIF-AE-10-SC;COR-MAGDIF-AE-10-SC;COR-MAGDIF-AE-10-SC;AP7 - AUSOL II;COR-TUNEL;151+823;CA
759;COR-MAGDIF-AE11-SM;COR-MAGDIF-AE11-SM;COR-MAGDIF-AE11-SM;AP7 - AUSOL II;COR-TUNEL;151+823;CA
762;COR-MAGDIF-A14-SC;COR-MAGDIF-A14-SC;COR-MAGDIF-A14-SC;AP7 - AUSOL II;COR-TUNEL;151+823;CA
763;COR-MAGDIF-A15-SM;COR-MAGDIF-A15-SM;COR-MAGDIF-A15-SM;AP7 - AUSOL II;COR-TUNEL;151+823;CA
764;COR-INT-CGBT-A;COR-INT-CGBT-A;COR-INT-CGBT-A;AP7 - AUSOL II;COR-TUNEL;151+823;CA
765;COR-INT-CSA-RED-A-CGBT-A;COR-INT-CSA-RED-A-CGBT-A;COR-INT-CSA-RED-A-CGBT-A;AP7 - AUSOL II;COR-TUNEL;151+823;CA
766;COR-INT-CS-BT-CGBT-A;COR-INT-CS-BT-CGBT-A;COR-INT-CS-BT-CGBT-A;AP7 - AUSOL II;COR-TUNEL;151+823;CA
767;COR-MAGDIF-SER-AUX-GE-CGBT-A;COR-MAGDIF-SER-AUX-GE-CGBT-A;COR-MAGDIF-SER-AUX-GE-CGBT-A;AP7 - AUSOL II;COR-TUNEL;151+823;CA
769;COR-CONT-CONM-RED-CGBT-A;COR-CONT-CONM-RED-CGBT-A;COR-CONT-CONM-RED-CGBT-A;AP7 - AUSOL II;COR-TUNEL;151+823;CA
770;COR-CONT-CONM-GRUPO-CGBT-A;COR-CONT-CONM-GRUPO-CGBT-A;COR-CONT-CONM-GRUPO-CGBT-A;AP7 - AUSOL II;COR-TUNEL;151+823;CA
771;COR-INT-SAI-CGBT-A;COR-INT-SAI-CGBT-A;COR-INT-SAI-CGBT-A;AP7 - AUSOL II;COR-TUNEL;151+823;CA
772;COR-INT-CSV-A-MA-CGBT-A;COR-INT-CSV-A-MA-CGBT-A;COR-INT-CSV-A-MA-CGBT-A;AP7 - AUSOL II;COR-TUNEL;151+823;CA
773;COR-INT-CSV-A-CA-CGBT-A;COR-INT-CSV-A-CA-CGBT-A;COR-INT-CSV-A-CA-CGBT-A;AP7 - AUSOL II;COR-TUNEL;151+823;CA
774;COR-MAGDIF-CS-PCI-CGBT-A;COR-MAGDIF-CS-PCI-CGBT-A;COR-MAGDIF-CS-PCI-CGBT-A;AP7 - AUSOL II;COR-TUNEL;151+823;CA
775;COR-INT-BAT-COND-CGBT-A;COR-INT-BAT-COND-CGBT-A;COR-INT-BAT-COND-CGBT-A;AP7 - AUSOL II;COR-TUNEL;151+823;CA
776;COR-INT-CGBT-B;COR-INT-CGBT-B;COR-INT-CGBT-B;AP7 - AUSOL II;COR-TUNEL;151+823;CA
777;COR-INT-CSA-RED-B-CGBT-B;COR-INT-CSA-RED-B-CGBT-B;COR-INT-CSA-RED-B-CGBT-B;AP7 - AUSOL II;COR-TUNEL;151+823;CA
778;COR-INT-CS-BT-CGBT-B;COR-INT-CS-BT-CGBT-B;COR-INT-CS-BT-CGBT-B;AP7 - AUSOL II;COR-TUNEL;151+823;CA
779;COR-MAGDIF-SER-AUX-GE-CGBT-B;COR-MAGDIF-SER-AUX-GE-CGBT-B;COR-MAGDIF-SER-AUX-GE-CGBT-B;AP7 - AUSOL II;COR-TUNEL;151+823;CA
780;COR-MAGDIF-CUAD-SECC-CGBT-B;COR-MAGDIF-CUAD-SECC-CGBT-B;COR-MAGDIF-CUAD-SECC-CGBT-B;AP7 - AUSOL II;COR-TUNEL;151+823;CA
781;COR-CONT-CONM-RED-CGBT-B;COR-CONT-CONM-RED-CGBT-B;COR-CONT-CONM-RED-CGBT-B;AP7 - AUSOL II;COR-TUNEL;151+823;CA
782;COR-CONT-CONM-GRUPO-CGBT-B;COR-CONT-CONM-GRUPO-CGBT-B;COR-CONT-CONM-GRUPO-CGBT-B;AP7 - AUSOL II;COR-TUNEL;151+823;CA
783;COR-INT-SAI-CGBT-B;COR-INT-SAI-CGBT-B;COR-INT-SAI-CGBT-B;AP7 - AUSOL II;COR-TUNEL;151+823;CA
784;COR-INT-CSV-B-MA-CGBT-B;COR-INT-CSV-B-MA-CGBT-B;COR-INT-CSV-B-MA-CGBT-B;AP7 - AUSOL II;COR-TUNEL;151+823;CA
785;COR-INT-CSV-B-CA-CGBT-B;COR-INT-CSV-B-CA-CGBT-B;COR-INT-CSV-B-CA-CGBT-B;AP7 - AUSOL II;COR-TUNEL;151+823;CA
786;COR-INT-BAT-COND-CGBT-B;COR-INT-BAT-COND-CGBT-B;COR-INT-BAT-COND-CGBT-B;AP7 - AUSOL II;COR-TUNEL;151+823;CA
787;COR-INT-CS-ITS-A;COR-INT-CS-ITS-A;COR-INT-CS-ITS-A;AP7 - AUSOL II;COR-TUNEL;151+823;CA
788;COR-MAGDIF-MAN-CS-ITS-A;COR-MAGDIF-MAN-CS-ITS-A;COR-MAGDIF-MAN-CS-ITS-A;AP7 - AUSOL II;COR-TUNEL;151+823;CA
789;COR-MAGDIF-BF10-ITS1-A;COR-MAGDIF-BF10-ITS1-A;COR-MAGDIF-BF10-ITS1-A;AP7 - AUSOL II;COR-TUNEL;151+823;CA
790;COR-MAGDIF-BF11-ITS1-A;COR-MAGDIF-BF11-ITS1-A;COR-MAGDIF-BF11-ITS1-A;AP7 - AUSOL II;COR-TUNEL;151+823;CA
791;COR-MAGDIF-CGBT-ITS1-A;COR-MAGDIF-CGBT-ITS1-A;COR-MAGDIF-CGBT-ITS1-A;AP7 - AUSOL II;COR-TUNEL;151+823;CA
792;COR-MAGDIF-BF13.1-ITS1-A;COR-MAGDIF-BF13.1-ITS1-A;COR-MAGDIF-BF13.1-ITS1-A;AP7 - AUSOL II;COR-TUNEL;151+823;CA
793;COR-MAGDIF-BF13.2-ITS1-A;COR-MAGDIF-BF13.2-ITS1-A;COR-MAGDIF-BF13.2-ITS1-A;AP7 - AUSOL II;COR-TUNEL;151+823;CA
794;COR-MAGDIF-BF14.1-ITS1-A;COR-MAGDIF-BF14.1-ITS1-A;COR-MAGDIF-BF14.1-ITS1-A;AP7 - AUSOL II;COR-TUNEL;151+823;CA
795;COR-MAGDIF-BF14.2-ITS1-A;COR-MAGDIF-BF14.2-ITS1-A;COR-MAGDIF-BF14.2-ITS1-A;AP7 - AUSOL II;COR-TUNEL;151+823;CA
796;COR-MAGDIF-BF15-ITS1-A;COR-MAGDIF-BF15-ITS1-A;COR-MAGDIF-BF15-ITS1-A;AP7 - AUSOL II;COR-TUNEL;151+823;CA
798;COR-MAGDIF-BF19-ITS1-A;COR-MAGDIF-BF19-ITS1-A;COR-MAGDIF-BF19-ITS1-A;AP7 - AUSOL II;COR-TUNEL;151+823;CA
799;COR-MAGDIF-BF20-ITS1-A;COR-MAGDIF-BF20-ITS1-A;COR-MAGDIF-BF20-ITS1-A;AP7 - AUSOL II;COR-TUNEL;151+823;CA
800;COR-MAGDIF-BF21-ITS1-A;COR-MAGDIF-BF21-ITS1-A;COR-MAGDIF-BF21-ITS1-A;AP7 - AUSOL II;COR-TUNEL;151+823;CA
801;COR-MAGDIF-BF22-ITS1-A;COR-MAGDIF-BF22-ITS1-A;COR-MAGDIF-BF22-ITS1-A;AP7 - AUSOL II;COR-TUNEL;151+823;CA
802;COR-MAGDIF-BF23-ITS1-A;COR-MAGDIF-BF23-ITS1-A;COR-MAGDIF-BF23-ITS1-A;AP7 - AUSOL II;COR-TUNEL;151+823;CA
803;COR-MAGDIF-BF24-ITS1-A;COR-MAGDIF-BF24-ITS1-A;COR-MAGDIF-BF24-ITS1-A;AP7 - AUSOL II;COR-TUNEL;151+823;CA
804;COR-MAGDIF-BF25-ITS1-A;COR-MAGDIF-BF25-ITS1-A;COR-MAGDIF-BF25-ITS1-A;AP7 - AUSOL II;COR-TUNEL;151+823;CA
805;COR-MAGDIF-BF26-ITS1-A;COR-MAGDIF-BF26-ITS1-A;COR-MAGDIF-BF26-ITS1-A;AP7 - AUSOL II;COR-TUNEL;151+823;CA
806;COR-MAGDIF-BF27-ITS1-A;COR-MAGDIF-BF27-ITS1-A;COR-MAGDIF-BF27-ITS1-A;AP7 - AUSOL II;COR-TUNEL;151+823;CA
807;COR-MAGDIF-BF28-ITS1-A;COR-MAGDIF-BF28-ITS1-A;COR-MAGDIF-BF28-ITS1-A;AP7 - AUSOL II;COR-TUNEL;151+823;CA
808;COR-MAGDIF-OP-VODAFONE-ITS1-A;COR-MAGDIF-OP-VODAFONE-ITS1-A;COR-MAGDIF-OP-VODAFONE-ITS1-A;AP7 - AUSOL II;COR-TUNEL;151+823;CA
809;COR-MAGDIF-BF30-ITS1-A;COR-MAGDIF-BF30-ITS1-A;COR-MAGDIF-BF30-ITS1-A;AP7 - AUSOL II;COR-TUNEL;151+823;CA
810;COR-MAGDIF-BF31-ITS1-A;COR-MAGDIF-BF31-ITS1-A;COR-MAGDIF-BF31-ITS1-A;AP7 - AUSOL II;COR-TUNEL;151+823;CA
811;COR-MAGDIF-OP-MOVISTAR-ITS1-A;COR-MAGDIF-OP-MOVISTAR-ITS1-A;COR-MAGDIF-OP-MOVISTAR-ITS1-A;AP7 - AUSOL II;COR-TUNEL;151+823;CA
812;COR-MAGDIF-BF33-ITS1-A;COR-MAGDIF-BF33-ITS1-A;COR-MAGDIF-BF33-ITS1-A;AP7 - AUSOL II;COR-TUNEL;151+823;CA
813;COR-MAGDIF-BF34-ITS1-A;COR-MAGDIF-BF34-ITS1-A;COR-MAGDIF-BF34-ITS1-A;AP7 - AUSOL II;COR-TUNEL;151+823;CA
815;COR-MAGDIF-BF36-ITS1-A;COR-MAGDIF-BF36-ITS1-A;COR-MAGDIF-BF36-ITS1-A;AP7 - AUSOL II;COR-TUNEL;151+823;CA
816;COR-MAGDIF-DET-LAZO-ITS1-A;COR-MAGDIF-DET-LAZO-ITS1-A;COR-MAGDIF-DET-LAZO-ITS1-A;AP7 - AUSOL II;COR-TUNEL;151+823;CA
817;COR-INT-CS-ITS-B;COR-INT-CS-ITS-B;COR-INT-CS-ITS-B;AP7 - AUSOL II;COR-TUNEL;151+823;CA
818;COR-MAGDIF-MAN-CS-ITS-B;COR-MAGDIF-MAN-CS-ITS-B;COR-MAGDIF-MAN-CS-ITS-B;AP7 - AUSOL II;COR-TUNEL;151+823;CA
819;COR-MAGDIF-BF10-ITS1-B;COR-MAGDIF-BF10-ITS1-B;COR-MAGDIF-BF10-ITS1-B;AP7 - AUSOL II;COR-TUNEL;151+823;CA
820;COR-MAGDIF-BF11-ITS1-B;COR-MAGDIF-BF11-ITS1-B;COR-MAGDIF-BF11-ITS1-B;AP7 - AUSOL II;COR-TUNEL;151+823;CA
821;COR-MAGDIF-BF13.1-ITS1-B;COR-MAGDIF-BF13.1-ITS1-B;COR-MAGDIF-BF13.1-ITS1-B;AP7 - AUSOL II;COR-TUNEL;151+823;CA
822;COR-MAGDIF-BF13.2-ITS1-B;COR-MAGDIF-BF13.2-ITS1-B;COR-MAGDIF-BF13.2-ITS1-B;AP7 - AUSOL II;COR-TUNEL;151+823;CA
823;COR-MAGDIF-BF14.1-ITS1-B;COR-MAGDIF-BF14.1-ITS1-B;COR-MAGDIF-BF14.1-ITS1-B;AP7 - AUSOL II;COR-TUNEL;151+823;CA
824;COR-MAGDIF-BF14.2-ITS1-B;COR-MAGDIF-BF14.2-ITS1-B;COR-MAGDIF-BF14.2-ITS1-B;AP7 - AUSOL II;COR-TUNEL;151+823;CA
825;COR-MAGDIF-BF15-ITS1-B;COR-MAGDIF-BF15-ITS1-B;COR-MAGDIF-BF15-ITS1-B;AP7 - AUSOL II;COR-TUNEL;151+823;CA
827;COR-MAGDIF-BF19-ITS1-B;COR-MAGDIF-BF19-ITS1-B;COR-MAGDIF-BF19-ITS1-B;AP7 - AUSOL II;COR-TUNEL;151+823;CA
828;COR-MAGDIF-BF20-ITS1-B;COR-MAGDIF-BF20-ITS1-B;COR-MAGDIF-BF20-ITS1-B;AP7 - AUSOL II;COR-TUNEL;151+823;CA
829;COR-MAGDIF-BF21-ITS1-B;COR-MAGDIF-BF21-ITS1-B;COR-MAGDIF-BF21-ITS1-B;AP7 - AUSOL II;COR-TUNEL;151+823;CA
830;COR-MAGDIF-BF22-ITS1-B;COR-MAGDIF-BF22-ITS1-B;COR-MAGDIF-BF22-ITS1-B;AP7 - AUSOL II;COR-TUNEL;151+823;CA
831;COR-MAGDIF-BF23-ITS1-B;COR-MAGDIF-BF23-ITS1-B;COR-MAGDIF-BF23-ITS1-B;AP7 - AUSOL II;COR-TUNEL;151+823;CA
832;COR-MAGDIF-BF24-ITS1-B;COR-MAGDIF-BF24-ITS1-B;COR-MAGDIF-BF24-ITS1-B;AP7 - AUSOL II;COR-TUNEL;151+823;CA
833;COR-MAGDIF-BF25-ITS1-B;COR-MAGDIF-BF25-ITS1-B;COR-MAGDIF-BF25-ITS1-B;AP7 - AUSOL II;COR-TUNEL;151+823;CA
834;COR-MAGDIF-BF26-ITS1-B;COR-MAGDIF-BF26-ITS1-B;COR-MAGDIF-BF26-ITS1-B;AP7 - AUSOL II;COR-TUNEL;151+823;CA
835;COR-MAGDIF-BF27-ITS1-B;COR-MAGDIF-BF27-ITS1-B;COR-MAGDIF-BF27-ITS1-B;AP7 - AUSOL II;COR-TUNEL;151+823;CA
836;COR-MAGDIF-CGBT-ITS1-B;COR-MAGDIF-CGBT-ITS1-B;COR-MAGDIF-CGBT-ITS1-B;AP7 - AUSOL II;COR-TUNEL;151+823;CA
837;COR-MAGDIF-BF29-ITS1-B;COR-MAGDIF-BF29-ITS1-B;COR-MAGDIF-BF29-ITS1-B;AP7 - AUSOL II;COR-TUNEL;151+823;CA
838;COR-MAGDIF-BF30-ITS1-B;COR-MAGDIF-BF30-ITS1-B;COR-MAGDIF-BF30-ITS1-B;AP7 - AUSOL II;COR-TUNEL;151+823;CA
839;COR-MAGDIF-BF31-ITS1-B;COR-MAGDIF-BF31-ITS1-B;COR-MAGDIF-BF31-ITS1-B;AP7 - AUSOL II;COR-TUNEL;151+823;CA
840;COR-MAGDIF-BF33-ITS1-B;COR-MAGDIF-BF33-ITS1-B;COR-MAGDIF-BF33-ITS1-B;AP7 - AUSOL II;COR-TUNEL;151+823;CA
841;COR-MAGDIF-BF34-ITS1-B;COR-MAGDIF-BF34-ITS1-B;COR-MAGDIF-BF34-ITS1-B;AP7 - AUSOL II;COR-TUNEL;151+823;CA
842;COR-MAGDIF-BF35-ITS1-B;COR-MAGDIF-BF35-ITS1-B;COR-MAGDIF-BF35-ITS1-B;AP7 - AUSOL II;COR-TUNEL;151+823;CA
843;COR-MAGDIF-BF36-ITS1-B;COR-MAGDIF-BF36-ITS1-B;COR-MAGDIF-BF36-ITS1-B;AP7 - AUSOL II;COR-TUNEL;151+823;CA
844;COR-MAGDIF-DET-LAZO-ITS1-B;COR-MAGDIF-DET-LAZO-ITS1-B;COR-MAGDIF-DET-LAZO-ITS1-B;AP7 - AUSOL II;COR-TUNEL;151+823;CA
845;COR-INT-CSG-1;COR-INT-CSG-1;COR-INT-CSG-1;AP7 - AUSOL II;COR-TUNEL;151+823;CA
847;COR-MAGDIF-GA1-CSG-1;COR-MAGDIF-GA1-CSG-1;COR-MAGDIF-GA1-CSG-1;AP7 - AUSOL II;COR-TUNEL;151+823;CA
848;COR-CONT-GA1-CSG-1;COR-CONT-GA1-CSG-1;COR-CONT-GA1-CSG-1;AP7 - AUSOL II;COR-TUNEL;151+823;CA
849;COR-MAGDIF-GA2-CSG-1;COR-MAGDIF-GA2-CSG-1;COR-MAGDIF-GA2-CSG-1;AP7 - AUSOL II;COR-TUNEL;151+823;CA
850;COR-CONT-GA2-CSG-1;COR-CONT-GA2-CSG-1;COR-CONT-GA2-CSG-1;AP7 - AUSOL II;COR-TUNEL;151+823;CA
851;COR-MAGDIF-GE1-CSG-1;COR-MAGDIF-GE1-CSG-1;COR-MAGDIF-GE1-CSG-1;AP7 - AUSOL II;COR-TUNEL;151+823;CA
852;COR-CONT-GE1-CSG-1;COR-CONT-GE1-CSG-1;COR-CONT-GE1-CSG-1;AP7 - AUSOL II;COR-TUNEL;151+823;CA
854;COR-MAGDIF-GF6-CSG-1;COR-MAGDIF-GF6-CSG-1;COR-MAGDIF-GF6-CSG-1;AP7 - AUSOL II;COR-TUNEL;151+823;CA
855;COR-MAGDIF-GF9-CSG-1;COR-MAGDIF-GF9-CSG-1;COR-MAGDIF-GF9-CSG-1;AP7 - AUSOL II;COR-TUNEL;151+823;CA
856;COR-MAGDIF-CIR-PRES-CSG-1;COR-MAGDIF-CIR-PRES-CSG-1;COR-MAGDIF-CIR-PRES-CSG-1;AP7 - AUSOL II;COR-TUNEL;151+823;CA
857;COR-INT-CSG-2;COR-INT-CSG-2;COR-INT-CSG-2;AP7 - AUSOL II;COR-TUNEL;151+823;CA
859;COR-MAGDIF-GA1-CSG-2;COR-MAGDIF-GA1-CSG-2;COR-MAGDIF-GA1-CSG-2;AP7 - AUSOL II;COR-TUNEL;151+823;CA
860;COR-CONT-GA1-CSG-2;COR-CONT-GA1-CSG-2;COR-CONT-GA1-CSG-2;AP7 - AUSOL II;COR-TUNEL;151+823;CA
861;COR-MAGDIF-GA2-CSG-2;COR-MAGDIF-GA2-CSG-2;COR-MAGDIF-GA2-CSG-2;AP7 - AUSOL II;COR-TUNEL;151+823;CA
862;COR-CONT-GA2-CSG-2;COR-CONT-GA2-CSG-2;COR-CONT-GA2-CSG-2;AP7 - AUSOL II;COR-TUNEL;151+823;CA
863;COR-MAGDIF-GE1-CSG-2;COR-MAGDIF-GE1-CSG-2;COR-MAGDIF-GE1-CSG-2;AP7 - AUSOL II;COR-TUNEL;151+823;CA
864;COR-CONT-GE1-CSG-2;COR-CONT-GE1-CSG-2;COR-CONT-GE1-CSG-2;AP7 - AUSOL II;COR-TUNEL;151+823;CA
866;COR-MAGDIF-GF6-CSG-2;COR-MAGDIF-GF6-CSG-2;COR-MAGDIF-GF6-CSG-2;AP7 - AUSOL II;COR-TUNEL;151+823;CA
867;COR-MAGDIF-GF9-CSG-2;COR-MAGDIF-GF9-CSG-2;COR-MAGDIF-GF9-CSG-2;AP7 - AUSOL II;COR-TUNEL;151+823;CA
868;COR-MAGDIF-CIR-PRES-CSG-2;COR-MAGDIF-CIR-PRES-CSG-2;COR-MAGDIF-CIR-PRES-CSG-2;AP7 - AUSOL II;COR-TUNEL;151+823;CA
869;COR-INT-CSG-3;COR-INT-CSG-3;COR-INT-CSG-3;AP7 - AUSOL II;COR-TUNEL;151+823;CA
871;COR-MAGDIF-GA1-CSG-3;COR-MAGDIF-GA1-CSG-3;COR-MAGDIF-GA1-CSG-3;AP7 - AUSOL II;COR-TUNEL;151+823;CA
873;COR-MAGDIF-GA2-CSG-3;COR-MAGDIF-GA2-CSG-3;COR-MAGDIF-GA2-CSG-3;AP7 - AUSOL II;COR-TUNEL;151+823;CA
875;COR-MAGDIF-GE1-CSG-3;COR-MAGDIF-GE1-CSG-3;COR-MAGDIF-GE1-CSG-3;AP7 - AUSOL II;COR-TUNEL;151+823;CA
878;COR-MAGDIF-GF6-CSG-3;COR-MAGDIF-GF6-CSG-3;COR-MAGDIF-GF6-CSG-3;AP7 - AUSOL II;COR-TUNEL;151+823;CA
879;COR-MAGDIF-GF9-CSG-3;COR-MAGDIF-GF9-CSG-3;COR-MAGDIF-GF9-CSG-3;AP7 - AUSOL II;COR-TUNEL;151+823;CA
880;COR-MAGDIF-CIR-PRES-CSG-3;COR-MAGDIF-CIR-PRES-CSG-3;COR-MAGDIF-CIR-PRES-CSG-3;AP7 - AUSOL II;COR-TUNEL;151+823;CA
881;COR-INT-CSV-A-MA;COR-INT-CSV-A-MA;COR-INT-CSV-A-MA;AP7 - AUSOL II;COR-TUNEL;151+823;CA
882;COR-MAGDIF-MAN-CSV-A-MA;COR-MAGDIF-MAN-CSV-A-MA;COR-MAGDIF-MAN-CSV-A-MA;AP7 - AUSOL II;COR-TUNEL;151+823;CA
883;COR-VENT-INT-VF1-MA;COR-VENT-INT-VF1-MA;COR-VENT-INT-VF1-MA;AP7 - AUSOL II;COR-TUNEL;151+823;CA
884;COR-VENT-INT-VF2-MA;COR-VENT-INT-VF2-MA;COR-VENT-INT-VF2-MA;AP7 - AUSOL II;COR-TUNEL;151+823;CA
885;COR-VENT-INT-VF3-MA;COR-VENT-INT-VF3-MA;COR-VENT-INT-VF3-MA;AP7 - AUSOL II;COR-TUNEL;151+823;CA
886;COR-VENT-INT-VF4-MA;COR-VENT-INT-VF4-MA;COR-VENT-INT-VF4-MA;AP7 - AUSOL II;COR-TUNEL;151+823;CA
887;COR-VENT-INT-VF5-MA;COR-VENT-INT-VF5-MA;COR-VENT-INT-VF5-MA;AP7 - AUSOL II;COR-TUNEL;151+823;CA
888;COR-VENT-INT-VF6-MA;COR-VENT-INT-VF6-MA;COR-VENT-INT-VF6-MA;AP7 - AUSOL II;COR-TUNEL;151+823;CA
890;COR-INT-CSV-A-CA;COR-INT-CSV-A-CA;COR-INT-CSV-A-CA;AP7 - AUSOL II;COR-TUNEL;151+823;CA
891;COR-MAGDIF-MAN-CSV-A-CA;COR-MAGDIF-MAN-CSV-A-CA;COR-MAGDIF-MAN-CSV-A-CA;AP7 - AUSOL II;COR-TUNEL;151+823;CA
892;COR-VENT-INT-VF6-CA;COR-VENT-INT-VF6-CA;COR-VENT-INT-VF6-CA;AP7 - AUSOL II;COR-TUNEL;151+823;CA
893;COR-VENT-INT-VF7-CA;COR-VENT-INT-VF7-CA;COR-VENT-INT-VF7-CA;AP7 - AUSOL II;COR-TUNEL;151+823;CA
894;COR-VENT-INT-VF8-CA;COR-VENT-INT-VF8-CA;COR-VENT-INT-VF8-CA;AP7 - AUSOL II;COR-TUNEL;151+823;CA
895;COR-MAGDIF-RCALD-CSV-A-CA;COR-MAGDIF-RCALD-CSV-A-CA;COR-MAGDIF-RCALD-CSV-A-CA;AP7 - AUSOL II;COR-TUNEL;151+823;CA
896;COR-INT-CSV-B-MA;COR-INT-CSV-B-MA;COR-INT-CSV-B-MA;AP7 - AUSOL II;COR-TUNEL;151+823;CA
897;COR-MAGDIF-MAN-CSV-B-MA;COR-MAGDIF-MAN-CSV-B-MA;COR-MAGDIF-MAN-CSV-B-MA;AP7 - AUSOL II;COR-TUNEL;151+823;CA
898;COR-VENT-INT-VF7-MA;COR-VENT-INT-VF7-MA;COR-VENT-INT-VF7-MA;AP7 - AUSOL II;COR-TUNEL;151+823;CA
899;COR-VENT-INT-VF8-MA;COR-VENT-INT-VF8-MA;COR-VENT-INT-VF8-MA;AP7 - AUSOL II;COR-TUNEL;151+823;CA
900;COR-VENT-INT-VF9-MA;COR-VENT-INT-VF9-MA;COR-VENT-INT-VF9-MA;AP7 - AUSOL II;COR-TUNEL;151+823;CA
901;COR-VENT-INT-VF10-MA;COR-VENT-INT-VF10-MA;COR-VENT-INT-VF10-MA;AP7 - AUSOL II;COR-TUNEL;151+823;CA
903;COR-INT-CSV-B-CA;COR-INT-CSV-B-CA;COR-INT-CSV-B-CA;AP7 - AUSOL II;COR-TUNEL;151+823;CA
904;COR-MAGDIF-MAN-CSV-B-CA;COR-MAGDIF-MAN-CSV-B-CA;COR-MAGDIF-MAN-CSV-B-CA;AP7 - AUSOL II;COR-TUNEL;151+823;CA
905;COR-VENT-INT-VF1-CA;COR-VENT-INT-VF1-CA;COR-VENT-INT-VF1-CA;AP7 - AUSOL II;COR-TUNEL;151+823;CA
906;COR-VENT-INT-VF2-CA;COR-VENT-INT-VF2-CA;COR-VENT-INT-VF2-CA;AP7 - AUSOL II;COR-TUNEL;151+823;CA
907;COR-VENT-INT-VF3-CA;COR-VENT-INT-VF3-CA;COR-VENT-INT-VF3-CA;AP7 - AUSOL II;COR-TUNEL;151+823;CA
908;COR-VENT-INT-VF4-CA;COR-VENT-INT-VF4-CA;COR-VENT-INT-VF4-CA;AP7 - AUSOL II;COR-TUNEL;151+823;CA
909;COR-VENT-INT-VF5-CA;COR-VENT-INT-VF5-CA;COR-VENT-INT-VF5-CA;AP7 - AUSOL II;COR-TUNEL;151+823;CA
911;EST-INT-CGBT;EST-INT-CGBT;EST-INT-CGBT;AP7 - AUSOL II;EST-TUNEL;177+229;CA
912;EST-INT-CSA-RED-CGBT;EST-INT-CSA-RED-CGBT;EST-INT-CSA-RED-CGBT;AP7 - AUSOL II;EST-TUNEL;177+229;CA
913;EST-MAGDIF-SER-AUX-GE-CGBT;EST-MAGDIF-SER-AUX-GE-CGBT;EST-MAGDIF-SER-AUX-GE-CGBT;AP7 - AUSOL II;EST-TUNEL;177+229;CA
914;EST-CONT-CONM-RED-CGBT;EST-CONT-CONM-RED-CGBT;EST-CONT-CONM-RED-CGBT;AP7 - AUSOL II;EST-TUNEL;177+229;CA
915;EST-MAGDIF-CS-BT-CGBT;EST-MAGDIF-CS-BT-CGBT;EST-MAGDIF-CS-BT-CGBT;AP7 - AUSOL II;EST-TUNEL;177+229;CA
916;EST-CONT-CONM-GRUPO-CGBT;EST-CONT-CONM-GRUPO-CGBT;EST-CONT-CONM-GRUPO-CGBT;AP7 - AUSOL II;EST-TUNEL;177+229;CA
917;EST-INT-CS-SAI-CGBT;EST-INT-CS-SAI-CGBT;EST-INT-CS-SAI-CGBT;AP7 - AUSOL II;EST-TUNEL;177+229;CA
918;EST-MAGDIF-BAT-COND-CGBT;EST-MAGDIF-BAT-COND-CGBT;EST-MAGDIF-BAT-COND-CGBT;AP7 - AUSOL II;EST-TUNEL;177+229;CA
921;EST-MAGDIF-CS-BT;EST-MAGDIF-CS-BT;EST-MAGDIF-CS-BT;AP7 - AUSOL II;EST-TUNEL;177+229;CA
922;EST-MAG-A1-BT;EST-MAG-A1-BT;EST-MAG-A1-BT;AP7 - AUSOL II;EST-TUNEL;177+229;CA
923;EST-MAG-E1-BT;EST-MAG-E1-BT;EST-MAG-E1-BT;AP7 - AUSOL II;EST-TUNEL;177+229;CA
924;EST-MAG-F1-BT;EST-MAG-F1-BT;EST-MAG-F1-BT;AP7 - AUSOL II;EST-TUNEL;177+229;CA
925;EST-MAG-F2-BT;EST-MAG-F2-BT;EST-MAG-F2-BT;AP7 - AUSOL II;EST-TUNEL;177+229;CA
926;EST-INT-CS-SAI;EST-INT-CS-SAI;EST-INT-CS-SAI;AP7 - AUSOL II;EST-TUNEL;177+229;CA
927;EST-MAGDIF-CSA-SAI-CS-SAI;EST-MAGDIF-CSA-SAI-CS-SAI;EST-MAGDIF-CSA-SAI-CS-SAI;AP7 - AUSOL II;EST-TUNEL;177+229;CA
928;EST-MAGDIF-ITS-1-SAI;EST-MAGDIF-ITS-1-SAI;EST-MAGDIF-ITS-1-SAI;AP7 - AUSOL II;EST-TUNEL;177+229;CA
929;EST-MAGDIF-CS-ITS-SAI;EST-MAGDIF-CS-ITS-SAI;EST-MAGDIF-CS-ITS-SAI;AP7 - AUSOL II;EST-TUNEL;177+229;CA
930;EST-MAGDIF-CS-ITS;EST-MAGDIF-CS-ITS;EST-MAGDIF-CS-ITS;AP7 - AUSOL II;EST-TUNEL;177+229;CA
931;EST-MAG-A1-ITS;EST-MAG-A1-ITS;EST-MAG-A1-ITS;AP7 - AUSOL II;EST-TUNEL;177+229;CA
932;EST-MAG-E1-ITS;EST-MAG-E1-ITS;EST-MAG-E1-ITS;AP7 - AUSOL II;EST-TUNEL;177+229;CA
933;EST-MAG-F1-ITS;EST-MAG-F1-ITS;EST-MAG-F1-ITS;AP7 - AUSOL II;EST-TUNEL;177+229;CA
934;EST-MAG-F2-ITS;EST-MAG-F2-ITS;EST-MAG-F2-ITS;AP7 - AUSOL II;EST-TUNEL;177+229;CA
935;COR-INT-CS-SAI-A;COR-INT-CS-SAI-A;COR-INT-CS-SAI-A;AP7 - AUSOL II;COR-TUNEL;151+823;CA
936;COR-MAGDIF-CSA-CS-SAI-A;COR-MAGDIF-CSA-CS-SAI-A;COR-MAGDIF-CSA-CS-SAI-A;AP7 - AUSOL II;COR-TUNEL;151+823;CA
937;COR-MAGDIF-ITS1-SAI-A;COR-MAGDIF-ITS1-SAI-A;COR-MAGDIF-ITS1-SAI-A;AP7 - AUSOL II;COR-TUNEL;151+823;CA
938;COR-MAGDIF-CSG-1-SAI-A;COR-MAGDIF-CSG-1-SAI-A;COR-MAGDIF-CSG-1-SAI-A;AP7 - AUSOL II;COR-TUNEL;151+823;CA
939;COR-MAGDIF-CSG-2-SAI-A;COR-MAGDIF-CSG-2-SAI-A;COR-MAGDIF-CSG-2-SAI-A;AP7 - AUSOL II;COR-TUNEL;151+823;CA
940;COR-MAGDIF-ITS-SAI-A;COR-MAGDIF-ITS-SAI-A;COR-MAGDIF-ITS-SAI-A;AP7 - AUSOL II;COR-TUNEL;151+823;CA
941;COR-MAGDIF-PCI-SAI-A;COR-MAGDIF-PCI-SAI-A;COR-MAGDIF-PCI-SAI-A;AP7 - AUSOL II;COR-TUNEL;151+823;CA
942;COR-MAGDIF-CS-BT-A;COR-MAGDIF-CS-BT-A;COR-MAGDIF-CS-BT-A;AP7 - AUSOL II;COR-TUNEL;151+823;CA
943;COR-MAG-A1-BT-A;COR-MAG-A1-BT-A;COR-MAG-A1-BT-A;AP7 - AUSOL II;COR-TUNEL;151+823;CA
944;COR-MAG-E1-BT-A;COR-MAG-E1-BT-A;COR-MAG-E1-BT-A;AP7 - AUSOL II;COR-TUNEL;151+823;CA
945;COR-MAG-F1-BT-A;COR-MAG-F1-BT-A;COR-MAG-F1-BT-A;AP7 - AUSOL II;COR-TUNEL;151+823;CA
946;COR-MAG-F2-BT-A;COR-MAG-F2-BT-A;COR-MAG-F2-BT-A;AP7 - AUSOL II;COR-TUNEL;151+823;CA
947;COR-INT-CS-SAI-B;COR-INT-CS-SAI-B;COR-INT-CS-SAI-B;AP7 - AUSOL II;COR-TUNEL;151+823;CA
948;COR-MAGDIF-CSA-SAI-CS-SAI-B;COR-MAGDIF-CSA-SAI-CS-SAI-B;COR-MAGDIF-CSA-SAI-CS-SAI-B;AP7 - AUSOL II;COR-TUNEL;151+823;CA
949;COR-MAGDIF-ITS1-SAI-B;COR-MAGDIF-ITS1-SAI-B;COR-MAGDIF-ITS1-SAI-B;AP7 - AUSOL II;COR-TUNEL;151+823;CA
950;COR-MAGDIF-CSG-3-SAI-B;COR-MAGDIF-CSG-3-SAI-B;COR-MAGDIF-CSG-3-SAI-B;AP7 - AUSOL II;COR-TUNEL;151+823;CA
951;COR-MAGDIF-ITS-SAI-B;COR-MAGDIF-ITS-SAI-B;COR-MAGDIF-ITS-SAI-B;AP7 - AUSOL II;COR-TUNEL;151+823;CA
952;COR-MAGDIF-CS-BT-B;COR-MAGDIF-CS-BT-B;COR-MAGDIF-CS-BT-B;AP7 - AUSOL II;COR-TUNEL;151+823;CA
953;COR-MAG-A1-BT-B;COR-MAG-A1-BT-B;COR-MAG-A1-BT-B;AP7 - AUSOL II;COR-TUNEL;151+823;CA
954;COR-MAG-E1-BT-B;COR-MAG-E1-BT-B;COR-MAG-E1-BT-B;AP7 - AUSOL II;COR-TUNEL;151+823;CA
955;COR-MAG-F1-BT-B;COR-MAG-F1-BT-B;COR-MAG-F1-BT-B;AP7 - AUSOL II;COR-TUNEL;151+823;CA
956;COR-MAG-F2-BT-B;COR-MAG-F2-BT-B;COR-MAG-F2-BT-B;AP7 - AUSOL II;COR-TUNEL;151+823;CA
957;COR-MAGDIF-CS-ITS-A;COR-MAGDIF-CS-ITS-A;COR-MAGDIF-CS-ITS-A;AP7 - AUSOL II;COR-TUNEL;151+823;CA
958;COR-MAG-A1-ITS-A;COR-MAG-A1-ITS-A;COR-MAG-A1-ITS-A;AP7 - AUSOL II;COR-TUNEL;151+823;CA
959;COR-MAG-E1-ITS-A;COR-MAG-E1-ITS-A;COR-MAG-E1-ITS-A;AP7 - AUSOL II;COR-TUNEL;151+823;CA
960;COR-MAG-F1-ITS-A;COR-MAG-F1-ITS-A;COR-MAG-F1-ITS-A;AP7 - AUSOL II;COR-TUNEL;151+823;CA
961;COR-MAG-F2-ITS-A;COR-MAG-F2-ITS-A;COR-MAG-F2-ITS-A;AP7 - AUSOL II;COR-TUNEL;151+823;CA
962;COR-MAGDIF-CS-ITS-B;COR-MAGDIF-CS-ITS-B;COR-MAGDIF-CS-ITS-B;AP7 - AUSOL II;COR-TUNEL;151+823;CA
963;COR-MAG-A1-ITS-B;COR-MAG-A1-ITS-B;COR-MAG-A1-ITS-B;AP7 - AUSOL II;COR-TUNEL;151+823;CA
964;COR-MAG-E1-ITS-B;COR-MAG-E1-ITS-B;COR-MAG-E1-ITS-B;AP7 - AUSOL II;COR-TUNEL;151+823;CA
965;COR-MAG-F1-ITS-B;COR-MAG-F1-ITS-B;COR-MAG-F1-ITS-B;AP7 - AUSOL II;COR-TUNEL;151+823;CA
966;COR-MAG-F2-ITS-B;COR-MAG-F2-ITS-B;COR-MAG-F2-ITS-B;AP7 - AUSOL II;COR-TUNEL;151+823;CA
967;EST-MAG-CSA-SAI;EST-MAG-CSA-SAI;EST-MAG-CSA-SAI;AP7 - AUSOL II;EST-TUNEL;177+229;CA
968;EST-MAGDIF-MAN-CSA-SAI;EST-MAGDIF-MAN-CSA-SAI;EST-MAGDIF-MAN-CSA-SAI;AP7 - AUSOL II;EST-TUNEL;177+229;CA
969;EST-MAGDIF-AA1-SC;EST-MAGDIF-AA1-SC;EST-MAGDIF-AA1-SC;AP7 - AUSOL II;EST-TUNEL;177+229;CA
970;EST-MAGDIF-AA2-SC;EST-MAGDIF-AA2-SC;EST-MAGDIF-AA2-SC;AP7 - AUSOL II;EST-TUNEL;177+229;CA
971;EST-MAGDIF-AA6-SM;EST-MAGDIF-AA6-SM;EST-MAGDIF-AA6-SM;AP7 - AUSOL II;EST-TUNEL;177+229;CA
972;EST-MAGDIF-AA5-SM;EST-MAGDIF-AA5-SM;EST-MAGDIF-AA5-SM;AP7 - AUSOL II;EST-TUNEL;177+229;CA
973;EST-MAGDIF-AE9-SM;EST-MAGDIF-AE9-SM;EST-MAGDIF-AE9-SM;AP7 - AUSOL II;EST-TUNEL;177+229;CA
974;EST-MAGDIF-AE10-SC;EST-MAGDIF-AE10-SC;EST-MAGDIF-AE10-SC;AP7 - AUSOL II;EST-TUNEL;177+229;CA
975;EST-MAGDIF-A11-SC;EST-MAGDIF-A11-SC;EST-MAGDIF-A11-SC;AP7 - AUSOL II;EST-TUNEL;177+229;CA
976;EST-MAGDIF-A12-SC;EST-MAGDIF-A12-SC;EST-MAGDIF-A12-SC;AP7 - AUSOL II;EST-TUNEL;177+229;CA
977;EST-MAGDIF-A13-SM;EST-MAGDIF-A13-SM;EST-MAGDIF-A13-SM;AP7 - AUSOL II;EST-TUNEL;177+229;CA
978;EST-MAGDIF-A14-SM;EST-MAGDIF-A14-SM;EST-MAGDIF-A14-SM;AP7 - AUSOL II;EST-TUNEL;177+229;CA
979;EST-INT-CSA-RED;EST-INT-CSA-RED;EST-INT-CSA-RED;AP7 - AUSOL II;EST-TUNEL;177+229;CA
980;EST-MAGDIF-MAN-CSA-RED;EST-MAGDIF-MAN-CSA-RED;EST-MAGDIF-MAN-CSA-RED;AP7 - AUSOL II;EST-TUNEL;177+229;CA
981;EST-MAGDIF-A3-SC;EST-MAGDIF-A3-SC;EST-MAGDIF-A3-SC;AP7 - AUSOL II;EST-TUNEL;177+229;CA
982;EST-MAGDIF-A4-SC;EST-MAGDIF-A4-SC;EST-MAGDIF-A4-SC;AP7 - AUSOL II;EST-TUNEL;177+229;CA
983;EST-MAGDIF-A8-SM;EST-MAGDIF-A8-SM;EST-MAGDIF-A8-SM;AP7 - AUSOL II;EST-TUNEL;177+229;CA
984;EST-MAGDIF-A7-SM;EST-MAGDIF-A7-SM;EST-MAGDIF-A7-SM;AP7 - AUSOL II;EST-TUNEL;177+229;CA
985;EST-MAG-CS-ITS-1;EST-MAG-CS-ITS-1;EST-MAG-CS-ITS-1;AP7 - AUSOL II;EST-TUNEL;177+229;CA
986;EST-MAGDIF-MAN-CS-ITS-1;EST-MAGDIF-MAN-CS-ITS-1;EST-MAGDIF-MAN-CS-ITS-1;AP7 - AUSOL II;EST-TUNEL;177+229;CA
987;EST-MAGDIF-BF2.1;EST-MAGDIF-BF2.1;EST-MAGDIF-BF2.1;AP7 - AUSOL II;EST-TUNEL;177+229;CA
988;EST-MAGDIF-BF2.2;EST-MAGDIF-BF2.2;EST-MAGDIF-BF2.2;AP7 - AUSOL II;EST-TUNEL;177+229;CA
989;EST-MAGDIF-BF3;EST-MAGDIF-BF3;EST-MAGDIF-BF3;AP7 - AUSOL II;EST-TUNEL;177+229;CA
990;EST-MAGDIF-BF5;EST-MAGDIF-BF5;EST-MAGDIF-BF5;AP7 - AUSOL II;EST-TUNEL;177+229;CA
991;EST-MAGDIF-DET-LAZO;EST-MAGDIF-DET-LAZO;EST-MAGDIF-DET-LAZO;AP7 - AUSOL II;EST-TUNEL;177+229;CA
992;EST-MAGDIF-BF8;EST-MAGDIF-BF8;EST-MAGDIF-BF8;AP7 - AUSOL II;EST-TUNEL;177+229;CA
994;EST-MAGDIF-BF9;EST-MAGDIF-BF9;EST-MAGDIF-BF9;AP7 - AUSOL II;EST-TUNEL;177+229;CA
996;EST-MAGDIF-BF11;EST-MAGDIF-BF11;EST-MAGDIF-BF11;AP7 - AUSOL II;EST-TUNEL;177+229;CA
998;EST-MAGDIF-BF13;EST-MAGDIF-BF13;EST-MAGDIF-BF13;AP7 - AUSOL II;EST-TUNEL;177+229;CA
999;EST-MAGDIF-BF14;EST-MAGDIF-BF14;EST-MAGDIF-BF14;AP7 - AUSOL II;EST-TUNEL;177+229;CA
1000;EST-MAGDIF-BF15;EST-MAGDIF-BF15;EST-MAGDIF-BF15;AP7 - AUSOL II;EST-TUNEL;177+229;CA
1001;EST-MAGDIF-BF17.1;EST-MAGDIF-BF17.1;EST-MAGDIF-BF17.1;AP7 - AUSOL II;EST-TUNEL;177+229;CA
1002;EST-MAGDIF-BF17.2;EST-MAGDIF-BF17.2;EST-MAGDIF-BF17.2;AP7 - AUSOL II;EST-TUNEL;177+229;CA
1003;EST-MAGDIF-BF17.3;EST-MAGDIF-BF17.3;EST-MAGDIF-BF17.3;AP7 - AUSOL II;EST-TUNEL;177+229;CA
1004;EST-MAGDIF-BF18.1;EST-MAGDIF-BF18.1;EST-MAGDIF-BF18.1;AP7 - AUSOL II;EST-TUNEL;177+229;CA
1005;EST-MAGDIF-BF18.2;EST-MAGDIF-BF18.2;EST-MAGDIF-BF18.2;AP7 - AUSOL II;EST-TUNEL;177+229;CA
1006;EST-MAGDIF-BF18.3;EST-MAGDIF-BF18.3;EST-MAGDIF-BF18.3;AP7 - AUSOL II;EST-TUNEL;177+229;CA
1007;EST-MAGDIF-BF20;EST-MAGDIF-BF20;EST-MAGDIF-BF20;AP7 - AUSOL II;EST-TUNEL;177+229;CA
1008;EST-MAGDIF-BF21;EST-MAGDIF-BF21;EST-MAGDIF-BF21;AP7 - AUSOL II;EST-TUNEL;177+229;CA
1009;STM2-INT-CSA-RED;STM2-INT-CSA-RED;STM2-INT-CSA-RED;AP7 - AUSOL II;STMII-TUNEL;150+787;CA
1010;STM2-MAGDIF-MAN-CSA-RED;STM2-MAGDIF-MAN-CSA-RED;STM2-MAGDIF-MAN-CSA-RED;AP7 - AUSOL II;STMII-TUNEL;150+787;CA
1011;STM2-MAGDIF-A9-SC;STM2-MAGDIF-A9-SC;STM2-MAGDIF-A9-SC;AP7 - AUSOL II;STMII-TUNEL;150+787;CA
1012;STM2-MAGDIF-A11-SC;STM2-MAGDIF-A11-SC;STM2-MAGDIF-A11-SC;AP7 - AUSOL II;STMII-TUNEL;150+787;CA
1013;STM2-MAGDIF-A10-SC;STM2-MAGDIF-A10-SC;STM2-MAGDIF-A10-SC;AP7 - AUSOL II;STMII-TUNEL;150+787;CA
1014;STM2-MAGDIF-A12-SC;STM2-MAGDIF-A12-SC;STM2-MAGDIF-A12-SC;AP7 - AUSOL II;STMII-TUNEL;150+787;CA
1015;STM2-MAGDIF-A4-SM;STM2-MAGDIF-A4-SM;STM2-MAGDIF-A4-SM;AP7 - AUSOL II;STMII-TUNEL;150+787;CA
1016;STM2-MAGDIF-A6-SM;STM2-MAGDIF-A6-SM;STM2-MAGDIF-A6-SM;AP7 - AUSOL II;STMII-TUNEL;150+787;CA
1017;STM2-MAGDIF-A3-SM;STM2-MAGDIF-A3-SM;STM2-MAGDIF-A3-SM;AP7 - AUSOL II;STMII-TUNEL;150+787;CA
1018;STM2-MAGDIF-A5-SM;STM2-MAGDIF-A5-SM;STM2-MAGDIF-A5-SM;AP7 - AUSOL II;STMII-TUNEL;150+787;CA
1019;STM2-INT-CSA-SAI;STM2-INT-CSA-SAI;STM2-INT-CSA-SAI;AP7 - AUSOL II;STMII-TUNEL;150+787;CA
1020;STM2-MAGDIF-MAN-CSA-SAI;STM2-MAGDIF-MAN-CSA-SAI;STM2-MAGDIF-MAN-CSA-SAI;AP7 - AUSOL II;STMII-TUNEL;150+787;CA
1021;STM2-MAGDIF-AA7-SC;STM2-MAGDIF-AA7-SC;STM2-MAGDIF-AA7-SC;AP7 - AUSOL II;STMII-TUNEL;150+787;CA
1022;STM2-MAGDIF-AA8-SC;STM2-MAGDIF-AA8-SC;STM2-MAGDIF-AA8-SC;AP7 - AUSOL II;STMII-TUNEL;150+787;CA
1023;STM2-MAGDIF-AA2-SM;STM2-MAGDIF-AA2-SM;STM2-MAGDIF-AA2-SM;AP7 - AUSOL II;STMII-TUNEL;150+787;CA
1024;STM2-MAGDIF-AA1-SM;STM2-MAGDIF-AA1-SM;STM2-MAGDIF-AA1-SM;AP7 - AUSOL II;STMII-TUNEL;150+787;CA
1025;STM2-MAGDIF-AE13-SM;STM2-MAGDIF-AE13-SM;STM2-MAGDIF-AE13-SM;AP7 - AUSOL II;STMII-TUNEL;150+787;CA
1026;STM2-MAGDIF-AE14-SC;STM2-MAGDIF-AE14-SC;STM2-MAGDIF-AE14-SC;AP7 - AUSOL II;STMII-TUNEL;150+787;CA
1029;STM2-MAGDIF-A15-SC;STM2-MAGDIF-A15-SC;STM2-MAGDIF-A15-SC;AP7 - AUSOL II;STMII-TUNEL;150+787;CA
1030;STM2-MAGDIF-A16-SC;STM2-MAGDIF-A16-SC;STM2-MAGDIF-A16-SC;AP7 - AUSOL II;STMII-TUNEL;150+787;CA
1031;STM2-MAGDIF-A17-SM;STM2-MAGDIF-A17-SM;STM2-MAGDIF-A17-SM;AP7 - AUSOL II;STMII-TUNEL;150+787;CA
1032;STM2-MAGDIF-A18-SM;STM2-MAGDIF-A18-SM;STM2-MAGDIF-A18-SM;AP7 - AUSOL II;STMII-TUNEL;150+787;CA
1033;STM2-INT-MT-CGBT;STM2-INT-MT-CGBT;STM2-INT-MT-CGBT;AP7 - AUSOL II;STMII-TUNEL;150+787;CA
1034;STM2-INT-CGBT;STM2-INT-CGBT;STM2-INT-CGBT;AP7 - AUSOL II;STMII-TUNEL;150+787;CA
1035;STM2-CSA-RED-CGBT;STM2-CSA-RED-CGBT;STM2-CSA-RED-CGBT;AP7 - AUSOL II;STMII-TUNEL;150+787;CA
1036;STM2-MAGDIF-SER-AUX-GE-CGBT;STM2-MAGDIF-SER-AUX-GE-CGBT;STM2-MAGDIF-SER-AUX-GE-CGBT;AP7 - AUSOL II;STMII-TUNEL;150+787;CA
1037;STM2-CONT-CONM-RED-CGBT;STM2-CONT-CONM-RED-CGBT;STM2-CONT-CONM-RED-CGBT;AP7 - AUSOL II;STMII-TUNEL;150+787;CA
1038;STM2-CONT-CONM-GRUPO-CGBT;STM2-CONT-CONM-GRUPO-CGBT;STM2-CONT-CONM-GRUPO-CGBT;AP7 - AUSOL II;STMII-TUNEL;150+787;CA
1039;STM2-INT-CS-SAI-CGBT;STM2-INT-CS-SAI-CGBT;STM2-INT-CS-SAI-CGBT;AP7 - AUSOL II;STMII-TUNEL;150+787;CA
1040;STM2-INT-CSV-MA-CGBT;STM2-INT-CSV-MA-CGBT;STM2-INT-CSV-MA-CGBT;AP7 - AUSOL II;STMII-TUNEL;150+787;CA
1041;STM2-INT-CSV-CA-CGBT;STM2-INT-CSV-CA-CGBT;STM2-INT-CSV-CA-CGBT;AP7 - AUSOL II;STMII-TUNEL;150+787;CA
1042;STM2-INT-BAT-COND-CGBT;STM2-INT-BAT-COND-CGBT;STM2-INT-BAT-COND-CGBT;AP7 - AUSOL II;STMII-TUNEL;150+787;CA
1043;STM2-MAGDIF-CS-BT-CGBT;STM2-MAGDIF-CS-BT-CGBT;STM2-MAGDIF-CS-BT-CGBT;AP7 - AUSOL II;STMII-TUNEL;150+787;CA
1045;STM2-INT-CS-SAI;STM2-INT-CS-SAI;STM2-INT-CS-SAI;AP7 - AUSOL II;STMII-TUNEL;150+787;CA
1046;STM2-MAGDIF-CSA-SAI-CS-SAI;STM2-MAGDIF-CSA-SAI-CS-SAI;STM2-MAGDIF-CSA-SAI-CS-SAI;AP7 - AUSOL II;STMII-TUNEL;150+787;CA
1047;STM2-MAGDIF-ITS-1-CS-SAI;STM2-MAGDIF-ITS-1-CS-SAI;STM2-MAGDIF-ITS-1-CS-SAI;AP7 - AUSOL II;STMII-TUNEL;150+787;CA
1048;STM2-MAGDIF-CSG-CS-SAI;STM2-MAGDIF-CSG-CS-SAI;STM2-MAGDIF-CSG-CS-SAI;AP7 - AUSOL II;STMII-TUNEL;150+787;CA
1049;STM2-MAGDIF-ITS-2-CS-SAI;STM2-MAGDIF-ITS-2-CS-SAI;STM2-MAGDIF-ITS-2-CS-SAI;AP7 - AUSOL II;STMII-TUNEL;150+787;CA
1050;STM2-MAGDIF-CS-BT;STM2-MAGDIF-CS-BT;STM2-MAGDIF-CS-BT;AP7 - AUSOL II;STMII-TUNEL;150+787;CA
1051;STM2-MAG-A1-BT;STM2-MAG-A1-BT;STM2-MAG-A1-BT;AP7 - AUSOL II;STMII-TUNEL;150+787;CA
1052;STM2-MAG-E1-BT;STM2-MAG-E1-BT;STM2-MAG-E1-BT;AP7 - AUSOL II;STMII-TUNEL;150+787;CA
1053;STM2-MAG-F1-BT;STM2-MAG-F1-BT;STM2-MAG-F1-BT;AP7 - AUSOL II;STMII-TUNEL;150+787;CA
1054;STM2-MAG-F2-BT;STM2-MAG-F2-BT;STM2-MAG-F2-BT;AP7 - AUSOL II;STMII-TUNEL;150+787;CA
1055;STM2-INT-CSV-MA;STM2-INT-CSV-MA;STM2-INT-CSV-MA;AP7 - AUSOL II;STMII-TUNEL;150+787;CA
1056;STM2-MAGDIF-MAN-CSV-MA;STM2-MAGDIF-MAN-CSV-MA;STM2-MAGDIF-MAN-CSV-MA;AP7 - AUSOL II;STMII-TUNEL;150+787;CA
1057;STM2-VENT-INT-VF1-MA;STM2-VENT-INT-VF1-MA;STM2-VENT-INT-VF1-MA;AP7 - AUSOL II;STMII-TUNEL;150+787;CA
1058;STM2-VENT-INT-VF2-MA;STM2-VENT-INT-VF2-MA;STM2-VENT-INT-VF2-MA;AP7 - AUSOL II;STMII-TUNEL;150+787;CA
1059;STM2-VENT-INT-VF3-MA;STM2-VENT-INT-VF3-MA;STM2-VENT-INT-VF3-MA;AP7 - AUSOL II;STMII-TUNEL;150+787;CA
1060;STM2-VENT-INT-VF4-MA;STM2-VENT-INT-VF4-MA;STM2-VENT-INT-VF4-MA;AP7 - AUSOL II;STMII-TUNEL;150+787;CA
1061;STM2-VENT-INT-VF5-MA;STM2-VENT-INT-VF5-MA;STM2-VENT-INT-VF5-MA;AP7 - AUSOL II;STMII-TUNEL;150+787;CA
1062;STM2-VENT-INT-VF6-MA;STM2-VENT-INT-VF6-MA;STM2-VENT-INT-VF6-MA;AP7 - AUSOL II;STMII-TUNEL;150+787;CA
1063;STM2-MAGDIF-RCALD-CSV-MA;STM2-MAGDIF-RCALD-CSV-MA;STM2-MAGDIF-RCALD-CSV-MA;AP7 - AUSOL II;STMII-TUNEL;150+787;CA
1064;STM2-INT-CSV-CA;STM2-INT-CSV-CA;STM2-INT-CSV-CA;AP7 - AUSOL II;STMII-TUNEL;150+787;CA
1065;STM2-MAGDIF-MAN-CSV-CA;STM2-MAGDIF-MAN-CSV-CA;STM2-MAGDIF-MAN-CSV-CA;AP7 - AUSOL II;STMII-TUNEL;150+787;CA
1066;STM2-VENT-INT-VF1-CA;STM2-VENT-INT-VF1-CA;STM2-VENT-INT-VF1-CA;AP7 - AUSOL II;STMII-TUNEL;150+787;CA
1067;STM2-VENT-INT-VF2-CA;STM2-VENT-INT-VF2-CA;STM2-VENT-INT-VF2-CA;AP7 - AUSOL II;STMII-TUNEL;150+787;CA
1068;STM2-VENT-INT-VF3-CA;STM2-VENT-INT-VF3-CA;STM2-VENT-INT-VF3-CA;AP7 - AUSOL II;STMII-TUNEL;150+787;CA
1069;STM2-VENT-INT-VF4-CA;STM2-VENT-INT-VF4-CA;STM2-VENT-INT-VF4-CA;AP7 - AUSOL II;STMII-TUNEL;150+787;CA
1070;STM2-VENT-INT-VF5-CA;STM2-VENT-INT-VF5-CA;STM2-VENT-INT-VF5-CA;AP7 - AUSOL II;STMII-TUNEL;150+787;CA
1071;STM2-VENT-INT-VF6-CA;STM2-VENT-INT-VF6-CA;STM2-VENT-INT-VF6-CA;AP7 - AUSOL II;STMII-TUNEL;150+787;CA
1072;STM2-MAGDIF-RCALD-CSV-CA;STM2-MAGDIF-RCALD-CSV-CA;STM2-MAGDIF-RCALD-CSV-CA;AP7 - AUSOL II;STMII-TUNEL;150+787;CA
1073;MM-EKOR-RPG-UCT;MM-EKOR-RPG-UCT;MM-EKOR-RPG-UCT;AP7 - AUSOL I;MM-TUNEL;166+317;CA
1074;CH-CONT-CONM-RED-CGBT;CH-CONT-CONM-RED-CGBT;CH-CONT-CONM-RED-CGBT;AP7 - AUSOL I;CH-TUNEL;13+825;CA
1075;CH-CONT-CONM-GRUPO-CGBT;CH-CONT-CONM-GRUPO-CGBT;CH-CONT-CONM-GRUPO-CGBT;AP7 - AUSOL I;CH-TUNEL;13+825;CA
1076;CAS-EKOR-RPG-UCT-BM;CAS-EKOR-RPG-UCT-BM;CAS-EKOR-RPG-UCT-BM;AP7 - AUSOL I;CAS-TUNEL;166+317;CA
1077;NG-VENT-INT-VF1-CA;NG-VENT-INT-VF1-CA;NG-VENT-INT-VF1-CA;AP7 - AUSOL I;NG-TUNEL;166+317;CA
1078;NG-VENT-INT-VF2-CA;NG-VENT-INT-VF2-CA;NG-VENT-INT-VF2-CA;AP7 - AUSOL I;NG-TUNEL;166+317;CA
1079;NG-VENT-INT-VF3-CA;NG-VENT-INT-VF3-CA;NG-VENT-INT-VF3-CA;AP7 - AUSOL I;NG-TUNEL;166+317;CA
1080;NG-VENT-INT-VF4-CA;NG-VENT-INT-VF4-CA;NG-VENT-INT-VF4-CA;AP7 - AUSOL I;NG-TUNEL;166+317;CA
1081;NG-VENT-INT-VF5-CA;NG-VENT-INT-VF5-CA;NG-VENT-INT-VF5-CA;AP7 - AUSOL I;NG-TUNEL;166+317;CA
1082;NG-VENT-INT-VF6-CA;NG-VENT-INT-VF6-CA;NG-VENT-INT-VF6-CA;AP7 - AUSOL I;NG-TUNEL;166+317;CA
1083;NG-VENT-INT-VF7-CA;NG-VENT-INT-VF7-CA;NG-VENT-INT-VF7-CA;AP7 - AUSOL I;NG-TUNEL;166+317;CA
1084;NG-VENT-INT-VF8-CA;NG-VENT-INT-VF8-CA;NG-VENT-INT-VF8-CA;AP7 - AUSOL I;NG-TUNEL;166+317;CA
1085;NG-INT-CSV;NG-INT-CSV;NG-INT-CSV;AP7 - AUSOL I;NG-TUNEL;166+317;CA
1086;NG-MAGDIF-MAN-CSV;NG-MAGDIF-MAN-CSV;NG-MAGDIF-MAN-CSV;AP7 - AUSOL I;NG-TUNEL;166+317;CA
1087;NG-MADGIF-RCALD-CA;NG-MADGIF-RCALD-CA;NG-MADGIF-RCALD-CA;AP7 - AUSOL I;NG-TUNEL;166+317;CA
1088;NG-MADGIF-RCALD-MA;NG-MADGIF-RCALD-MA;NG-MADGIF-RCALD-MA;AP7 - AUSOL I;NG-TUNEL;166+317;CA
1089;NG-VENT-INT-VF2-MA;NG-VENT-INT-VF2-MA;NG-VENT-INT-VF2-MA;AP7 - AUSOL I;NG-TUNEL;166+317;CA
1090;NG-VENT-INT-VF1-MA;NG-VENT-INT-VF1-MA;NG-VENT-INT-VF1-MA;AP7 - AUSOL I;NG-TUNEL;166+317;CA
1091;NG-VENT-INT-VF3-MA;NG-VENT-INT-VF3-MA;NG-VENT-INT-VF3-MA;AP7 - AUSOL I;NG-TUNEL;166+317;CA
1092;NG-VENT-INT-VF6-MA;NG-VENT-INT-VF6-MA;NG-VENT-INT-VF6-MA;AP7 - AUSOL I;NG-TUNEL;166+317;CA
1093;NG-VENT-INT-VF5-MA;NG-VENT-INT-VF5-MA;NG-VENT-INT-VF5-MA;AP7 - AUSOL I;NG-TUNEL;166+317;CA
1094;NG-VENT-INT-VF4-MA;NG-VENT-INT-VF4-MA;NG-VENT-INT-VF4-MA;AP7 - AUSOL I;NG-TUNEL;166+317;CA
1095;CH-EKOR-RPG-UCT;CH-EKOR-RPG-UCT;CH-EKOR-RPG-UCT;AP7 - AUSOL I;CH-TUNEL;13+825;CA
1099;STM2-EKOR-RPG-UCT;STM2-EKOR-RPG-UCT;STM2-EKOR-RPG-UCT;AP7 - AUSOL II;STMII-TUNEL;150+787;CA
1100;COR-EKOR-RPG-UCT-BC;COR-EKOR-RPG-UCT-BC;COR-EKOR-RPG-UCT-BC;AP7 - AUSOL II;COR-TUNEL;151+823;CA
1101;COR-INT-MT-CGBT-A;COR-INT-MT-CGBT-A;COR-INT-MT-CGBT-A;AP7 - AUSOL II;COR-TUNEL;151+823;CA
1102;LQ-MAG-GAL;LQ-MAG-GAL;LQ-MAG-GAL;AP7 - AUSOL I;LQ-TUNEL;166+727;CA
1104;LQ-MAGDIF-GA1-LUM;LQ-MAGDIF-GA1-LUM;LQ-MAGDIF-GA1-LUM;AP7 - AUSOL I;LQ-TUNEL;166+727;CA
1105;LQ-MAGDIF-GA2-LUM;LQ-MAGDIF-GA2-LUM;LQ-MAGDIF-GA2-LUM;AP7 - AUSOL I;LQ-TUNEL;166+727;CA
1106;LQ-MAGDIF-GE1-LUM;LQ-MAGDIF-GE1-LUM;LQ-MAGDIF-GE1-LUM;AP7 - AUSOL I;LQ-TUNEL;166+727;CA
1107;LQ-MAGDIF-GF6-GAL;LQ-MAGDIF-GF6-GAL;LQ-MAGDIF-GF6-GAL;AP7 - AUSOL I;LQ-TUNEL;166+727;CA
1108;LQ-MAGDIF-GF9-COMM;LQ-MAGDIF-GF9-COMM;LQ-MAGDIF-GF9-COMM;AP7 - AUSOL I;LQ-TUNEL;166+727;CA
1109;LQ-MAGDIF-PRES-GAL;LQ-MAGDIF-PRES-GAL;LQ-MAGDIF-PRES-GAL;AP7 - AUSOL I;LQ-TUNEL;166+727;CA
1113;LQ-INT-CS-EDIF-ITS;LQ-INT-CS-EDIF-ITS;LQ-INT-CS-EDIF-ITS;AP7 - AUSOL I;LQ-TUNEL;166+727;CA
1114;NG-INT-CSA-RED;NG-INT-CSA-RED;NG-INT-CSA-RED;AP7 - AUSOL II;NG-TUNEL;166+317;CA
1115;NG-MAGDIF-MAN-CSA-RED;NG-MAGDIF-MAN-CSA-RED;NG-MAGDIF-MAN-CSA-RED;AP7 - AUSOL I;NG-TUNEL;166+317;CA
1116;NG-MAGDIF-A3-SC;NG-MAGDIF-A3-SC;NG-MAGDIF-A3-SC;AP7 - AUSOL I;NG-TUNEL;166+317;CA
1117;NG-MAGDIF-A5-SC;NG-MAGDIF-A5-SC;NG-MAGDIF-A5-SC;AP7 - AUSOL I;NG-TUNEL;166+317;CA
1118;NG-MAGDIF-A6-SC;NG-MAGDIF-A6-SC;NG-MAGDIF-A6-SC;AP7 - AUSOL I;NG-TUNEL;166+317;CA
1119;NG-MAGDIF-A8-SC;NG-MAGDIF-A8-SC;NG-MAGDIF-A8-SC;AP7 - AUSOL I;NG-TUNEL;166+317;CA
1120;NG-MAGDIF-A12-SM;NG-MAGDIF-A12-SM;NG-MAGDIF-A12-SM;AP7 - AUSOL I;NG-TUNEL;166+317;CA
1121;NG-MAGDIF-A14-SM;NG-MAGDIF-A14-SM;NG-MAGDIF-A14-SM;AP7 - AUSOL I;NG-TUNEL;166+317;CA
1122;NG-MAGDIF-A11-SM;NG-MAGDIF-A11-SM;NG-MAGDIF-A11-SM;AP7 - AUSOL I;NG-TUNEL;166+317;CA
1123;NG-MAGDIF-A13-SM;NG-MAGDIF-A13-SM;NG-MAGDIF-A13-SM;AP7 - AUSOL I;NG-TUNEL;166+317;CA
1124;NG-MAG-ITS-2;NG-MAG-ITS-2;NG-MAG-ITS-2;AP7 - AUSOL I;NG-TUNEL;166+317;CA
1125;NG-MAGDIF-A1-SC;NG-MAGDIF-A1-SC;NG-MAGDIF-A1-SC;AP7 - AUSOL I;NG-TUNEL;166+317;CA
1126;NG-MAGDIF-A2-SM;NG-MAGDIF-A2-SM;NG-MAGDIF-A2-SM;AP7 - AUSOL I;NG-TUNEL;166+317;CA
1127;NG-INT-CSA-SAI;NG-INT-CSA-SAI;NG-INT-CSA-SAI;AP7 - AUSOL I;NG-TUNEL;166+317;CA
1128;NG-MAGDIF-MAN-CSA-SAI;NG-MAGDIF-MAN-CSA-SAI;NG-MAGDIF-MAN-CSA-SAI;AP7 - AUSOL I;NG-TUNEL;166+317;CA
1129;NG-MAGDIF-AA1-SC;NG-MAGDIF-AA1-SC;NG-MAGDIF-AA1-SC;AP7 - AUSOL I;NG-TUNEL;166+317;CA
1130;NG-MAGDIF-AA2-SC;NG-MAGDIF-AA2-SC;NG-MAGDIF-AA2-SC;AP7 - AUSOL I;NG-TUNEL;166+317;CA
1131;NG-MAGDIF-AE4-SC;NG-MAGDIF-AE4-SC;NG-MAGDIF-AE4-SC;AP7 - AUSOL I;NG-TUNEL;166+317;CA
1132;NG-MAGDIF-AA10-SM;NG-MAGDIF-AA10-SM;NG-MAGDIF-AA10-SM;AP7 - AUSOL I;NG-TUNEL;166+317;CA
1133;NG-MAGDIF-AE7-SM;NG-MAGDIF-AE7-SM;NG-MAGDIF-AE7-SM;AP7 - AUSOL I;NG-TUNEL;166+317;CA
1134;NG-MAGDIF-AA9-SM;NG-MAGDIF-AA9-SM;NG-MAGDIF-AA9-SM;AP7 - AUSOL I;NG-TUNEL;166+317;CA
1135;NG-MAGDIF-A15-SC;NG-MAGDIF-A15-SC;NG-MAGDIF-A15-SC;AP7 - AUSOL I;NG-TUNEL;166+317;CA
1136;NG-MAGDIF-A16-SM;NG-MAGDIF-A16-SM;NG-MAGDIF-A16-SM;AP7 - AUSOL I;NG-TUNEL;166+317;CA
1137;LQ-MAGDIF-FIBRA;LQ-MAGDIF-FIBRA;LQ-MAGDIF-FIBRA;AP7 - AUSOL I;LQ-TUNEL;166+317;CA
1138;LQ-MAGDIF-CGBT-ITS1;LQ-MAGDIF-CGBT-ITS1;LQ-MAGDIF-CGBT-ITS1;AP7 - AUSOL I;LQ-TUNEL;166+317;CA
1139;NG-MAGDIF-MAN-ITS-2;NG-MAGDIF-MAN-ITS-2;NG-MAGDIF-MAN-ITS-2;AP7 - AUSOL I;NG-TUNEL;166+317;CA
1140;NG-MAGDIF-CS-ITS-2;NG-MAGDIF-CS-ITS-2;NG-MAGDIF-CS-ITS-2;AP7 - AUSOL I;NG-TUNEL;166+317;CA
1141;NG-MAGDIF-CF2-ITS-2;NG-MAGDIF-CF2-ITS-2;NG-MAGDIF-CF2-ITS-2;AP7 - AUSOL I;NG-TUNEL;166+317;CA
1142;NG-MAGDIF-CF3-ITS-2;NG-MAGDIF-CF3-ITS-2;NG-MAGDIF-CF3-ITS-2;AP7 - AUSOL I;NG-TUNEL;166+317;CA
1143;NG-MAGDIF-CF4-ITS-2;NG-MAGDIF-CF4-ITS-2;NG-MAGDIF-CF4-ITS-2;AP7 - AUSOL I;NG-TUNEL;166+317;CA
1144;NG-MAGDIF-CF5-ITS-2;NG-MAGDIF-CF5-ITS-2;NG-MAGDIF-CF5-ITS-2;AP7 - AUSOL I;NG-TUNEL;166+317;CA
1145;NG-MAGDIF-BF14.10-ITS-2;NG-MAGDIF-BF14.10-ITS-2;NG-MAGDIF-BF14.10-ITS-2;AP7 - AUSOL I;NG-TUNEL;166+317;CA
1146;NG-MAGDIF-BF13.10-ITS-2;NG-MAGDIF-BF13.10-ITS-2;NG-MAGDIF-BF13.10-ITS-2;AP7 - AUSOL I;NG-TUNEL;166+317;CA
1147;NG-MAGDIF-SMF-BC-ITS-2;NG-MAGDIF-SMF-BC-ITS-2;NG-MAGDIF-SMF-BC-ITS-2;AP7 - AUSOL I;NG-TUNEL;166+317;CA
1148;NG-MAGDIF-CF6-ITS-2;NG-MAGDIF-CF6-ITS-2;NG-MAGDIF-CF6-ITS-2;AP7 - AUSOL I;NG-TUNEL;166+317;CA
1152;NG-MAG-CSG;NG-MAG-CSG;NG-MAG-CSG;AP7 - AUSOL I;NG-TUNEL;166+317;CA
1153;NG-MAGDIF-GA1-CSG;NG-MAGDIF-GA1-CSG;NG-MAGDIF-GA1-CSG;AP7 - AUSOL I;NG-TUNEL;166+317;CA
1154;NG-MAGDIF-GA2-CSG;NG-MAGDIF-GA2-CSG;NG-MAGDIF-GA2-CSG;AP7 - AUSOL I;NG-TUNEL;166+317;CA
1155;NG-MAGDIF-GE1-CSG;NG-MAGDIF-GE1-CSG;NG-MAGDIF-GE1-CSG;AP7 - AUSOL I;NG-TUNEL;166+317;CA
1156;NG-MAGDIF-GF5-CSG;NG-MAGDIF-GF5-CSG;NG-MAGDIF-GF5-CSG;AP7 - AUSOL I;NG-TUNEL;166+317;CA
1157;NG-MAGDIF-GF6-CSG;NG-MAGDIF-GF6-CSG;NG-MAGDIF-GF6-CSG;AP7 - AUSOL I;NG-TUNEL;166+317;CA
1158;NG-MAGDIF-GF9-CSG;NG-MAGDIF-GF9-CSG;NG-MAGDIF-GF9-CSG;AP7 - AUSOL I;NG-TUNEL;166+317;CA
1159;NG-MAGDIF-CIR-PRES-CSG;NG-MAGDIF-CIR-PRES-CSG;NG-MAGDIF-CIR-PRES-CSG;AP7 - AUSOL I;NG-TUNEL;166+317;CA
1160;NG-INT-CGBT;NG-INT-CGBT;NG-INT-CGBT;AP7 - AUSOL I;NG-TUNEL;166+317;CA
1161;NG-CONT-CONM-RED-CGBT;NG-CONT-CONM-RED-CGBT;NG-CONT-CONM-RED-CGBT;AP7 - AUSOL I;NG-TUNEL;166+317;CA
1162;NG-CONT-CONM-GRUPO-CGBT;NG-CONT-CONM-GRUPO-CGBT;NG-CONT-CONM-GRUPO-CGBT;AP7 - AUSOL I;NG-TUNEL;166+317;CA
1163;NG-MAGDIF-SER-AUX-GE-CGBT;NG-MAGDIF-SER-AUX-GE-CGBT;NG-MAGDIF-SER-AUX-GE-CGBT;AP7 - AUSOL I;NG-TUNEL;166+317;CA
1164;NG-INT-CSA-RED-CGBT;NG-INT-CSA-RED-CGBT;NG-INT-CSA-RED-CGBT;AP7 - AUSOL I;NG-TUNEL;166+317;CA
1165;NG-MAGDIF-CS4;NG-MAGDIF-CS4;NG-MAGDIF-CS4;AP7 - AUSOL I;NG-TUNEL;166+317;CA
1166;NG-INT-BAT-COND-CGBT;NG-INT-BAT-COND-CGBT;NG-INT-BAT-COND-CGBT;AP7 - AUSOL I;NG-TUNEL;166+317;CA
1167;NG-MAGDIF-CS17;NG-MAGDIF-CS17;NG-MAGDIF-CS17;AP7 - AUSOL I;NG-TUNEL;166+317;CA
1168;NG-INT-CSV-CGBT;NG-INT-CSV-CGBT;NG-INT-CSV-CGBT;AP7 - AUSOL I;NG-TUNEL;166+317;CA
1169;NG-INT-CS-SAI-CGBT;NG-INT-CS-SAI-CGBT;NG-INT-CS-SAI-CGBT;AP7 - AUSOL I;NG-TUNEL;166+317;CA
1170;NG-INT-CS-PCI-CGBT;NG-INT-CS-PCI-CGBT;NG-INT-CS-PCI-CGBT;AP7 - AUSOL I;NG-TUNEL;166+317;CA
1171;NG-MAGDIF-CS-BT-CGBT;NG-MAGDIF-CS-BT-CGBT;NG-MAGDIF-CS-BT-CGBT;AP7 - AUSOL I;NG-TUNEL;166+317;CA
1172;NG-MAGDIF-CS-BT;NG-MAGDIF-CS-BT;NG-MAGDIF-CS-BT;AP7 - AUSOL I;NG-TUNEL;166+317;CA
1173;NG-MAG-A1-BT;NG-MAG-A1-BT;NG-MAG-A1-BT;AP7 - AUSOL I;NG-TUNEL;166+317;CA
1174;NG-MAG-E1-BT;NG-MAG-E1-BT;NG-MAG-E1-BT;AP7 - AUSOL I;NG-TUNEL;166+317;CA
1175;NG-MAG-F1-BT;NG-MAG-F1-BT;NG-MAG-F1-BT;AP7 - AUSOL I;NG-TUNEL;166+317;CA
1176;NG-MAG-F2-BT;NG-MAG-F2-BT;NG-MAG-F2-BT;AP7 - AUSOL I;NG-TUNEL;166+317;CA
1177;NG-MAGDIF-CS-ITS;NG-MAGDIF-CS-ITS;NG-MAGDIF-CS-ITS;AP7 - AUSOL I;NG-TUNEL;166+317;CA
1178;NG-MAG-A1-ITS;NG-MAG-A1-ITS;NG-MAG-A1-ITS;AP7 - AUSOL I;NG-TUNEL;166+317;CA
1179;NG-MAG-E1-ITS;NG-MAG-E1-ITS;NG-MAG-E1-ITS;AP7 - AUSOL I;NG-TUNEL;166+317;CA
1180;NG-MAG-F1-ITS;NG-MAG-F1-ITS;NG-MAG-F1-ITS;AP7 - AUSOL I;NG-TUNEL;166+317;CA
1181;NG-MAG-F2-ITS;NG-MAG-F2-ITS;NG-MAG-F2-ITS;AP7 - AUSOL I;NG-TUNEL;166+317;CA
1182;NG-INT-CS-SAI;NG-INT-CS-SAI;NG-INT-CS-SAI;AP7 - AUSOL I;NG-TUNEL;166+317;CA
1183;NG-MAGDIF-CSA-SAI-CS-SAI;NG-MAGDIF-CSA-SAI-CS-SAI;NG-MAGDIF-CSA-SAI-CS-SAI;AP7 - AUSOL I;NG-TUNEL;166+317;CA
1184;NG-MAGDIF-ITS-1-SAI;NG-MAGDIF-ITS-1-SAI;NG-MAGDIF-ITS-1-SAI;AP7 - AUSOL I;NG-TUNEL;166+317;CA
1185;NG-MAGDIF-CS-ITS-SAI;NG-MAGDIF-CS-ITS-SAI;NG-MAGDIF-CS-ITS-SAI;AP7 - AUSOL I;NG-TUNEL;166+317;CA
1186;NG-MAGDIF-CS-PCI-SAI;NG-MAGDIF-CS-PCI-SAI;NG-MAGDIF-CS-PCI-SAI;AP7 - AUSOL I;NG-TUNEL;166+317;CA
1187;NG-MAGDIF-CSG-SAI;NG-MAGDIF-CSG-SAI;NG-MAGDIF-CSG-SAI;AP7 - AUSOL I;NG-TUNEL;166+317;CA
1188;NG-MAGDIF-ITS-2-SAI;NG-MAGDIF-ITS-2-SAI;NG-MAGDIF-ITS-2-SAI;AP7 - AUSOL I;NG-TUNEL;166+317;CA
1189;NG-MAG-ITS-1;NG-MAG-ITS-1;NG-MAG-ITS-1;AP7 - AUSOL I;NG-TUNEL;166+317;CA
1190;NG-MAGDIF-MAN-ITS-1;NG-MAGDIF-MAN-ITS-1;NG-MAGDIF-MAN-ITS-1;AP7 - AUSOL I;NG-TUNEL;166+317;CA
1191;NG-MAGDIF-BF10-ITS-1;NG-MAGDIF-BF10-ITS-1;NG-MAGDIF-BF10-ITS-1;AP7 - AUSOL I;NG-TUNEL;166+317;CA
1192;NG-MAGDIF-BF11-ITS-1;NG-MAGDIF-BF11-ITS-1;NG-MAGDIF-BF11-ITS-1;AP7 - AUSOL I;NG-TUNEL;166+317;CA
1193;NG-MAGDIF-MAN-CT;NG-MAGDIF-MAN-CT;NG-MAGDIF-MAN-CT;AP7 - AUSOL I;NG-TUNEL;166+317;CA
1194;NG-MAGDIF-BF12-ITS-1;NG-MAGDIF-BF12-ITS-1;NG-MAGDIF-BF12-ITS-1;AP7 - AUSOL I;NG-TUNEL;166+317;CA
1195;NG-MAGDIF-BF13.1-ITS-1;NG-MAGDIF-BF13.1-ITS-1;NG-MAGDIF-BF13.1-ITS-1;AP7 - AUSOL I;NG-TUNEL;166+317;CA
1196;NG-MAGDIF-BF13.2-ITS-1;NG-MAGDIF-BF13.2-ITS-1;NG-MAGDIF-BF13.2-ITS-1;AP7 - AUSOL I;NG-TUNEL;166+317;CA
1197;NG-MAGDIF-BF13.3-ITS-1;NG-MAGDIF-BF13.3-ITS-1;NG-MAGDIF-BF13.3-ITS-1;AP7 - AUSOL I;NG-TUNEL;166+317;CA
1198;NG-MAGDIF-BF13.4-ITS-1;NG-MAGDIF-BF13.4-ITS-1;NG-MAGDIF-BF13.4-ITS-1;AP7 - AUSOL I;NG-TUNEL;166+317;CA
1199;NG-MAGDIF-BF13.5-ITS-1;NG-MAGDIF-BF13.5-ITS-1;NG-MAGDIF-BF13.5-ITS-1;AP7 - AUSOL I;NG-TUNEL;166+317;CA
1200;NG-MAGDIF-BF13.6-ITS-1;NG-MAGDIF-BF13.6-ITS-1;NG-MAGDIF-BF13.6-ITS-1;AP7 - AUSOL I;NG-TUNEL;166+317;CA
1201;NG-MAGDIF-BF13.7-ITS-1;NG-MAGDIF-BF13.7-ITS-1;NG-MAGDIF-BF13.7-ITS-1;AP7 - AUSOL I;NG-TUNEL;166+317;CA
1202;NG-MAGDIF-BF13.8-ITS-1;NG-MAGDIF-BF13.8-ITS-1;NG-MAGDIF-BF13.8-ITS-1;AP7 - AUSOL I;NG-TUNEL;166+317;CA
1203;NG-MAGDIF-BF13.9-ITS-1;NG-MAGDIF-BF13.9-ITS-1;NG-MAGDIF-BF13.9-ITS-1;AP7 - AUSOL I;NG-TUNEL;166+317;CA
1204;NG-MAGDIF-SMF-SC-ITS-1;NG-MAGDIF-SMF-SC-ITS-1;NG-MAGDIF-SMF-SC-ITS-1;AP7 - AUSOL I;NG-TUNEL;166+317;CA
1205;NG-MAGDIF-BF14.1-ITS-1;NG-MAGDIF-BF14.1-ITS-1;NG-MAGDIF-BF14.1-ITS-1;AP7 - AUSOL I;NG-TUNEL;166+317;CA
1206;NG-MAGDIF-BF14.2-ITS-1;NG-MAGDIF-BF14.2-ITS-1;NG-MAGDIF-BF14.2-ITS-1;AP7 - AUSOL I;NG-TUNEL;166+317;CA
1207;NG-MAGDIF-BF14.3-ITS-1;NG-MAGDIF-BF14.3-ITS-1;NG-MAGDIF-BF14.3-ITS-1;AP7 - AUSOL I;NG-TUNEL;166+317;CA
1208;NG-MAGDIF-BF14.4-ITS-1;NG-MAGDIF-BF14.4-ITS-1;NG-MAGDIF-BF14.4-ITS-1;AP7 - AUSOL I;NG-TUNEL;166+317;CA
1209;NG-MAGDIF-BF14.5-ITS-1;NG-MAGDIF-BF14.5-ITS-1;NG-MAGDIF-BF14.5-ITS-1;AP7 - AUSOL I;NG-TUNEL;166+317;CA
1210;NG-MAGDIF-BF14.6-ITS-1;NG-MAGDIF-BF14.6-ITS-1;NG-MAGDIF-BF14.6-ITS-1;AP7 - AUSOL I;NG-TUNEL;166+317;CA
1211;NG-MAGDIF-BF14.7-ITS-1;NG-MAGDIF-BF14.7-ITS-1;NG-MAGDIF-BF14.7-ITS-1;AP7 - AUSOL I;NG-TUNEL;166+317;CA
1212;NG-MAGDIF-BF14.8-ITS-1;NG-MAGDIF-BF14.8-ITS-1;NG-MAGDIF-BF14.8-ITS-1;AP7 - AUSOL I;NG-TUNEL;166+317;CA
1213;NG-MAGDIF-BF14.9-ITS-1;NG-MAGDIF-BF14.9-ITS-1;NG-MAGDIF-BF14.9-ITS-1;AP7 - AUSOL I;NG-TUNEL;166+317;CA
1214;NG-MAGDIF-SMF-SM-ITS-1;NG-MAGDIF-SMF-SM-ITS-1;NG-MAGDIF-SMF-SM-ITS-1;AP7 - AUSOL I;NG-TUNEL;166+317;CA
1215;NG-MAGDIF-BF15-ITS-1;NG-MAGDIF-BF15-ITS-1;NG-MAGDIF-BF15-ITS-1;AP7 - AUSOL I;NG-TUNEL;166+317;CA
1216;NG-MAGDIF-BF16-ITS-1;NG-MAGDIF-BF16-ITS-1;NG-MAGDIF-BF16-ITS-1;AP7 - AUSOL I;NG-TUNEL;166+317;CA
1217;NG-MAGDIF-CGBT-ITS-1;NG-MAGDIF-CGBT-ITS-1;NG-MAGDIF-CGBT-ITS-1;AP7 - AUSOL I;NG-TUNEL;166+317;CA
1218;NG-MAGDIF-BF18-ITS-1;NG-MAGDIF-BF18-ITS-1;NG-MAGDIF-BF18-ITS-1;AP7 - AUSOL I;NG-TUNEL;166+317;CA
1219;NG-MAGDIF-OP-VODAFONE;NG-MAGDIF-OP-VODAFONE;NG-MAGDIF-OP-VODAFONE;AP7 - AUSOL I;NG-TUNEL;166+317;CA
1220;NG-MAGDIF-OP-MOVISTAR;NG-MAGDIF-OP-MOVISTAR;NG-MAGDIF-OP-MOVISTAR;AP7 - AUSOL I;NG-TUNEL;166+317;CA
1222;NG-MAGDIF-SMF-BM-ITS-1;NG-MAGDIF-SMF-BM-ITS-1;NG-MAGDIF-SMF-BM-ITS-1;AP7 - AUSOL I;NG-TUNEL;166+317;CA
1223;NG-MAGDIF-BF19-ITS-1;NG-MAGDIF-BF19-ITS-1;NG-MAGDIF-BF19-ITS-1;AP7 - AUSOL I;NG-TUNEL;166+317;CA
1224;NG-MAGDIF-BF20-ITS-1;NG-MAGDIF-BF20-ITS-1;NG-MAGDIF-BF20-ITS-1;AP7 - AUSOL I;NG-TUNEL;166+317;CA
1225;NG-MAGDIF-LAZO;NG-MAGDIF-LAZO;NG-MAGDIF-LAZO;AP7 - AUSOL I;NG-TUNEL;166+317;CA
1229;NG-EKOR-RPG-UCT-BM;NG-EKOR-RPG-UCT-BM;NG-EKOR-RPG-UCT-BM;AP7 - AUSOL I;NG-TUNEL;195+719;MA
1231;STM2-INT-CSG;STM2-INT-CSG;STM2-INT-CSG;AP7 - AUSOL II;STMII-TUNEL;150+787;CA
1232;STM2-MAGDIF-GA1;STM2-MAGDIF-GA1;STM2-MAGDIF-GA1;AP7 - AUSOL II;STMII-TUNEL;150+787;CA
1233;STM2-MAGDIF-GA2;STM2-MAGDIF-GA2;STM2-MAGDIF-GA2;AP7 - AUSOL II;STMII-TUNEL;150+787;CA
1234;STM2-MAGDIF-GE1;STM2-MAGDIF-GE1;STM2-MAGDIF-GE1;AP7 - AUSOL II;STMII-TUNEL;150+787;CA
1235;STM2-MAGDIF-GF5;STM2-MAGDIF-GF5;STM2-MAGDIF-GF5;AP7 - AUSOL II;STMII-TUNEL;150+787;CA
1236;STM2-MAGDIF-GF6;STM2-MAGDIF-GF6;STM2-MAGDIF-GF6;AP7 - AUSOL II;STMII-TUNEL;150+787;CA
1237;STM2-MAGDIF-GF9;STM2-MAGDIF-GF9;STM2-MAGDIF-GF9;AP7 - AUSOL II;STMII-TUNEL;150+787;CA
1238;STM2-MAGDIF-CIR-PRES-CSG;STM2-MAGDIF-CIR-PRES-CSG;STM2-MAGDIF-CIR-PRES-CSG;AP7 - AUSOL II;STMII-TUNEL;150+787;CA
1239;STM2-MAGDIF-CS-ITS;STM2-MAGDIF-CS-ITS;STM2-MAGDIF-CS-ITS;AP7 - AUSOL II;STMII-TUNEL;150+787;CA
1240;STM2-MAG-A1-ITS;STM2-MAG-A1-ITS;STM2-MAG-A1-ITS;AP7 - AUSOL II;STMII-TUNEL;150+787;CA
1241;STM2-MAG-E1-ITS;STM2-MAG-E1-ITS;STM2-MAG-E1-ITS;AP7 - AUSOL II;STMII-TUNEL;150+787;CA
1242;STM2-MAG-F1-ITS;STM2-MAG-F1-ITS;STM2-MAG-F1-ITS;AP7 - AUSOL II;STMII-TUNEL;150+787;CA
1243;STM2-MAG-F2-ITS;STM2-MAG-F2-ITS;STM2-MAG-F2-ITS;AP7 - AUSOL II;STMII-TUNEL;150+787;CA
1245;MM-MAGDIF-FIBRA;MM-MAGDIF-FIBRA;MM-MAGDIF-FIBRA;AP7 - AUSOL I;MM-TUNEL;166+727;MA
1247;CH-MAGDIF-CGBT-ITS1;CH-MAGDIF-CGBT-ITS1;CH-MAGDIF-CGBT-ITS1;AP7 - AUSOL I;CH-TUNEL;13+825;CA
1248;CH-MAGDIF-SMF-PEAJE;CH-MAGDIF-SMF-PEAJE;CH-MAGDIF-SMF-PEAJE;AP7 - AUSOL I;CH-TUNEL;13+825;CA
1249;CH-MAGDIF-INF-VELO;CH-MAGDIF-INF-VELO;CH-MAGDIF-INF-VELO;AP7 - AUSOL I;CH-TUNEL;13+825;CA
1250;STM2-MAGDIF-CS-ITS-CS-SAI;STM2-MAGDIF-CS-ITS-CS-SAI;STM2-MAGDIF-CS-ITS-CS-SAI;AP7 - AUSOL II;STMII-TUNEL;150+787;CA
1251;CH-MAGDIF-VELOCIMETRO;CH-MAGDIF-VELOCIMETRO;CH-MAGDIF-VELOCIMETRO;AP7 - AUSOL I;CH-TUNEL;13+825;CA
1252;CAS-EKOR-RPG-UCT-SECC;CAS-EKOR-RPG-UCT-SECC;CAS-EKOR-RPG-UCT-SECC;AP7 - AUSOL I;CAS-TUNEL;166+317;CA
1253;CAS-EKOR-RPG-UCT-BC;CAS-EKOR-RPG-UCT-BC;CAS-EKOR-RPG-UCT-BC;AP7 - AUSOL I;CAS-TUNEL;166+317;CA
1254;COR-EKOR-RPG-UCT-BM;COR-EKOR-RPG-UCT-BM;COR-EKOR-RPG-UCT-BM;AP7 - AUSOL II;COR-TUNEL;151+823;CA
1255;COR-INT-MT-CGBT-B;COR-INT-MT-CGBT-B;COR-INT-MT-CGBT-B;AP7 - AUSOL II;COR-TUNEL;151+823;CA
1256;COR-EKOR-RPG-UCT-SECC;COR-EKOR-RPG-UCT-SECC;COR-EKOR-RPG-UCT-SECC;AP7 - AUSOL II;COR-TUNEL;151+823;CA
1257;EST-MAGDIF-CS05;EST-MAGDIF-CS05;EST-MAGDIF-CS05;AP7 - AUSOL II;EST-TUNEL;177+229;CA
1258;COR-MAGDIF-METEO;COR-MAGDIF-METEO;COR-MAGDIF-METEO;AP7 - AUSOL II;COR-TUNEL;151+823;CA
1259;STM2-MAG-ITS-1;STM2-MAG-ITS-1;STM2-MAG-ITS-1;AP7 - AUSOL II;STMII-TUNEL;150+787;CA
1260;STM2-MAGDIF-MAN-ITS-1;STM2-MAGDIF-MAN-ITS-1;STM2-MAGDIF-MAN-ITS-1;AP7 - AUSOL II;STMII-TUNEL;150+787;CA
1261;STM2-MAGDIF-BF10;STM2-MAGDIF-BF10;STM2-MAGDIF-BF10;AP7 - AUSOL II;STMII-TUNEL;150+787;CA
1262;STM2-MAGDIF-BF11;STM2-MAGDIF-BF11;STM2-MAGDIF-BF11;AP7 - AUSOL II;STMII-TUNEL;150+787;CA
1263;STM2-MAGDIF-BF13.1;STM2-MAGDIF-BF13.1;STM2-MAGDIF-BF13.1;AP7 - AUSOL II;STMII-TUNEL;150+787;CA
1264;STM2-MAGDIF-BF13.2;STM2-MAGDIF-BF13.2;STM2-MAGDIF-BF13.2;AP7 - AUSOL II;STMII-TUNEL;150+787;CA
1265;STM2-MAGDIF-BF13.3;STM2-MAGDIF-BF13.3;STM2-MAGDIF-BF13.3;AP7 - AUSOL II;STMII-TUNEL;150+787;CA
1266;STM2-MAGDIF-BF14.1;STM2-MAGDIF-BF14.1;STM2-MAGDIF-BF14.1;AP7 - AUSOL II;STMII-TUNEL;150+787;CA
1267;STM2-MAGDIF-BF14.2;STM2-MAGDIF-BF14.2;STM2-MAGDIF-BF14.2;AP7 - AUSOL II;STMII-TUNEL;150+787;CA
1268;STM2-MAGDIF-BF14.3;STM2-MAGDIF-BF14.3;STM2-MAGDIF-BF14.3;AP7 - AUSOL II;STMII-TUNEL;150+787;CA
1269;STM2-MAGDIF-BF15;STM2-MAGDIF-BF15;STM2-MAGDIF-BF15;AP7 - AUSOL II;STMII-TUNEL;150+787;CA
1271;STM2-MAGDIF-BF19;STM2-MAGDIF-BF19;STM2-MAGDIF-BF19;AP7 - AUSOL II;STMII-TUNEL;150+787;CA
1272;STM2-MAGDIF-BF20;STM2-MAGDIF-BF20;STM2-MAGDIF-BF20;AP7 - AUSOL II;STMII-TUNEL;150+787;CA
1273;STM2-MAGDIF-BF21;STM2-MAGDIF-BF21;STM2-MAGDIF-BF21;AP7 - AUSOL II;STMII-TUNEL;150+787;CA
1274;STM2-MAGDIF-BF22;STM2-MAGDIF-BF22;STM2-MAGDIF-BF22;AP7 - AUSOL II;STMII-TUNEL;150+787;CA
1275;STM2-MAGDIF-BF29;STM2-MAGDIF-BF29;STM2-MAGDIF-BF29;AP7 - AUSOL II;STMII-TUNEL;150+787;CA
1276;STM2-MAGDIF-OP-MOVISTAR;STM2-MAGDIF-OP-MOVISTAR;STM2-MAGDIF-OP-MOVISTAR;AP7 - AUSOL II;STMII-TUNEL;150+787;CA
1277;STM2-MAGDIF-BF37;STM2-MAGDIF-BF37;STM2-MAGDIF-BF37;AP7 - AUSOL II;STMII-TUNEL;150+787;CA
1278;STM2-MAGDIF-BF26;STM2-MAGDIF-BF26;STM2-MAGDIF-BF26;AP7 - AUSOL II;STMII-TUNEL;150+787;CA
1279;STM2-MAGDIF-DET-LAZO;STM2-MAGDIF-DET-LAZO;STM2-MAGDIF-DET-LAZO;AP7 - AUSOL II;STMII-TUNEL;150+787;CA
1280;STM2-MAGDIF-VTA-ANE;STM2-MAGDIF-VTA-ANE;STM2-MAGDIF-VTA-ANE;AP7 - AUSOL II;STMII-TUNEL;150+787;CA
1281;STM2-MAGDIF-BF27;STM2-MAGDIF-BF27;STM2-MAGDIF-BF27;AP7 - AUSOL II;STMII-TUNEL;150+787;CA
1282;STM2-MAGDIF-BF28;STM2-MAGDIF-BF28;STM2-MAGDIF-BF28;AP7 - AUSOL II;STMII-TUNEL;150+787;CA
1283;STM2-MAGDIF-CGBT-ITS-1;STM2-MAGDIF-CGBT-ITS-1;STM2-MAGDIF-CGBT-ITS-1;AP7 - AUSOL II;STMII-TUNEL;150+787;CA
1284;STM2-MAGDIF-OP-VODAFONE;STM2-MAGDIF-OP-VODAFONE;STM2-MAGDIF-OP-VODAFONE;AP7 - AUSOL II;STMII-TUNEL;150+787;CA
1285;STM2-MAGDIF-BF24;STM2-MAGDIF-BF24;STM2-MAGDIF-BF24;AP7 - AUSOL II;STMII-TUNEL;150+787;CA
1286;STM2-MAGDIF-BF25;STM2-MAGDIF-BF25;STM2-MAGDIF-BF25;AP7 - AUSOL II;STMII-TUNEL;150+787;CA
1287;STM2-MAGDIF-BF30;STM2-MAGDIF-BF30;STM2-MAGDIF-BF30;AP7 - AUSOL II;STMII-TUNEL;150+787;CA
1288;STM2-MAGDIF-BF31;STM2-MAGDIF-BF31;STM2-MAGDIF-BF31;AP7 - AUSOL II;STMII-TUNEL;150+787;CA
1289;STM2-MAGDIF-BF32;STM2-MAGDIF-BF32;STM2-MAGDIF-BF32;AP7 - AUSOL II;STMII-TUNEL;150+787;CA
1290;STM2-MAGDIF-BF33;STM2-MAGDIF-BF33;STM2-MAGDIF-BF33;AP7 - AUSOL II;STMII-TUNEL;150+787;CA
1291;STM2-MAG-ITS-2;STM2-MAG-ITS-2;STM2-MAG-ITS-2;AP7 - AUSOL II;STMII-TUNEL;150+787;CA
1292;STM2-MAGDIF-MAN-ITS-2;STM2-MAGDIF-MAN-ITS-2;STM2-MAGDIF-MAN-ITS-2;AP7 - AUSOL II;STMII-TUNEL;150+787;CA
1293;STM2-MAGDIF-BF34;STM2-MAGDIF-BF34;STM2-MAGDIF-BF34;AP7 - AUSOL II;STMII-TUNEL;150+787;CA
1295;STM2-MAGDIF-BF36;STM2-MAGDIF-BF36;STM2-MAGDIF-BF36;AP7 - AUSOL II;STMII-TUNEL;150+787;CA
1296;STM2-MAGDIF-METEO;STM2-MAGDIF-METEO;STM2-MAGDIF-METEO;AP7 - AUSOL II;STMII-TUNEL;150+787;CA
1297;STM2-MAGDIF-BF38;STM2-MAGDIF-BF38;STM2-MAGDIF-BF38;AP7 - AUSOL II;STMII-TUNEL;150+787;CA
1298;STM2-MAGDIF-BF39;STM2-MAGDIF-BF39;STM2-MAGDIF-BF39;AP7 - AUSOL II;STMII-TUNEL;150+787;CA
1299;SMT2-MAGDIF-SMF-AA-COR;SMT2-MAGDIF-SMF-AA-COR;SMT2-MAGDIF-SMF-AA-COR;AP7 - AUSOL II;STMII-TUNEL;150+787;CA
1300;STM2-MAGDIF-BF35;STM2-MAGDIF-BF35;STM2-MAGDIF-BF35;AP7 - AUSOL II;STMII-TUNEL;150+787;CA
1301;CAS-MAGDIF-BF39-A;CAS-MAGDIF-BF39-A;CAS-MAGDIF-BF39-A;AP7 - AUSOL II;CAS-TUNEL;147+505;CA
1302;CAS-MAGDIF-MAN-ITS-1-A;CAS-MAGDIF-MAN-ITS-1-A;CAS-MAGDIF-MAN-ITS-1-A;AP7 - AUSOL II;CAS-TUNEL;147+505;CA
1303;CAS-MAGDIF-MAN-ITS-1-B;CAS-MAGDIF-MAN-ITS-1-B;CAS-MAGDIF-MAN-ITS-1-B;AP7 - AUSOL II;CAS-TUNEL;147+505;CA
1304;CAS-MAGDIF-BF25-B;CAS-MAGDIF-BF25-B;CAS-MAGDIF-BF25-B;AP7 - AUSOL II;CAS-TUNEL;147+505;CA
1305;CAS-MAGDIF-BF29-B;CAS-MAGDIF-BF29-B;CAS-MAGDIF-BF29-B;AP7 - AUSOL II;CAS-TUNEL;147+505;CA
1306;COR-MAGDIF-ETD;COR-MAGDIF-ETD;COR-MAGDIF-ETD;AP7 - AUSOL II;COR-TUNEL;151+823;CA
1307;COR-MAGDIF-VTA-ANE;COR-MAGDIF-VTA-ANE;COR-MAGDIF-VTA-ANE;AP7 - AUSOL II;COR-TUNEL;151+823;CA
1308;EST-MAGDIF-PMV-18;EST-MAGDIF-PMV-18;EST-MAGDIF-PMV-18;AP7 - AUSOL II;EST-TUNEL;177+229;CA
1309;EST-MAGDIF-PMV-22;EST-MAGDIF-PMV-22;EST-MAGDIF-PMV-22;AP7 - AUSOL II;EST-TUNEL;177+229;CA
1310;EST-MAGDIF-ABENGOA;EST-MAGDIF-ABENGOA;EST-MAGDIF-ABENGOA;AP7 - AUSOL II;EST-TUNEL;177+229;CA
1311;NG-MAGDIF-ANILLO;NG-MAGDIF-ANILLO;NG-MAGDIF-ANILLO;AP7 - AUSOL I;NG-TUNEL;166+317;MA
1312;RV-MAGDIF-FIBRA;RV-MAGDIF-FIBRA;RV-MAGDIF-FIBRA;AP7 - AUSOL I;RV-TUNEL;166+317;CA
1313;COR-MAGDIF-0-10-V;COR-MAGDIF-0-10-V;COR-MAGDIF-0-10-V;AP7 - AUSOL II;COR-TUNEL;151+823;CA
1314;COR-MAGDIF-PMV-EST;COR-MAGDIF-PMV-EST;COR-MAGDIF-PMV-EST;AP7 - AUSOL II;COR-TUNEL;151+823;CA
1315;MM-MAG-CSG-GAL;MM-MAG-CSG-GAL;MM-MAG-CSG-GAL;AP7 - AUSOL I;MM-TUNEL;166+317;CA