alias;measure;offset;;;
RV-MET-1MA;Surface_Temperature;1;;Measures (1-8000);Port 502
RV-MET-1MA;Relative_Humidity;2;;Commands(8001-10000);Port 502
RV-MET-1MA;Air_Pressure;3;;Alarms (1-5000);Port 503
RV-MET-1MA;Gust_Wind_Direction;4;;;
RV-MET-1MA;Gust_Wind_Speed;5;;;
RV-MET-1MA;Precipitation_Intensity;6;;;
RV-MET-1MA;Precipitation_Quantity;7;;;
RV-MET-1MA;Precipitation_Type;8;;;
MM-MET-1MA;Surface_Temperature;9;;;
MM-MET-1MA;Relative_Humidity;10;;;
MM-MET-1MA;Air_Pressure;11;;;
MM-MET-1MA;Gust_Wind_Direction;12;;;
MM-MET-1MA;Gust_Wind_Speed;13;;;
MM-MET-1MA;Precipitation_Intensity;14;;;
MM-MET-1MA;Precipitation_Quantity;15;;;
MM-MET-1MA;Precipitation_Type;16;;;
CH-MET-1MA;Surface_Temperature;17;;;
CH-MET-1MA;Relative_Humidity;18;;;
CH-MET-1MA;Air_Pressure;19;;;
CH-MET-1MA;Gust_Wind_Direction;20;;;
CH-MET-1MA;Gust_Wind_Speed;21;;;
CH-MET-1MA;Precipitation_Intensity;22;;;
CH-MET-1MA;Precipitation_Quantity;23;;;
CH-MET-1MA;Precipitation_Type;24;;;
LQ-MET-1MA;Surface_Temperature;25;;;
LQ-MET-1MA;Relative_Humidity;26;;;
LQ-MET-1MA;Air_Pressure;27;;;
LQ-MET-1MA;Gust_Wind_Direction;28;;;
LQ-MET-1MA;Gust_Wind_Speed;29;;;
LQ-MET-1MA;Precipitation_Intensity;30;;;
LQ-MET-1MA;Precipitation_Quantity;31;;;
LQ-MET-1MA;Precipitation_Type;32;;;
COR-MET-1MA;Surface_Temperature;33;;;
COR-MET-1MA;Relative_Humidity;34;;;
COR-MET-1MA;Air_Pressure;35;;;
COR-MET-1MA;Gust_Wind_Direction;36;;;
COR-MET-1MA;Gust_Wind_Speed;37;;;
COR-MET-1MA;Precipitation_Intensity;38;;;
COR-MET-1MA;Precipitation_Quantity;39;;;
COR-MET-1MA;Precipitation_Type;40;;;
NG-MET-1MA;Surface_Temperature;41;;;
NG-MET-1MA;Relative_Humidity;42;;;
NG-MET-1MA;Air_Pressure;43;;;
NG-MET-1MA;Gust_Wind_Direction;44;;;
NG-MET-1MA;Gust_Wind_Speed;45;;;
NG-MET-1MA;Precipitation_Intensity;46;;;
NG-MET-1MA;Precipitation_Quantity;47;;;
NG-MET-1MA;Precipitation_Type;48;;;
STM2-MET-1MA;Surface_Temperature;49;;;
STM2-MET-1MA;Relative_Humidity;50;;;
STM2-MET-1MA;Air_Pressure;51;;;
STM2-MET-1MA;Gust_Wind_Direction;52;;;
STM2-MET-1MA;Gust_Wind_Speed;53;;;
STM2-MET-1MA;Precipitation_Intensity;54;;;
STM2-MET-1MA;Precipitation_Quantity;55;;;
STM2-MET-1MA;Precipitation_Type;56;;;
CAS-MET-1CA;Surface_Temperature;57;;;
CAS-MET-1CA;Relative_Humidity;58;;;
CAS-MET-1CA;Air_Pressure;59;;;
CAS-MET-1CA;Gust_Wind_Direction;60;;;
CAS-MET-1CA;Gust_Wind_Speed;61;;;
CAS-MET-1CA;Precipitation_Intensity;62;;;
CAS-MET-1CA;Precipitation_Quantity;63;;;
CAS-MET-1CA;Precipitation_Type;64;;;
RESERVED;RESERVED;65;;;
RESERVED;RESERVED;66;;;
RESERVED;RESERVED;67;;;
RESERVED;RESERVED;68;;;
RESERVED;RESERVED;69;;;
RESERVED;RESERVED;70;;;
RESERVED;RESERVED;71;;;
RESERVED;RESERVED;72;;;
RESERVED;RESERVED;73;;;
RESERVED;RESERVED;74;;;
RESERVED;RESERVED;75;;;
RESERVED;RESERVED;76;;;
RESERVED;RESERVED;77;;;
RESERVED;RESERVED;78;;;
RESERVED;RESERVED;79;;;
RV-SEC-1-DET-1CA-IN;periodo_integracion;80;;;
RV-SEC-1-DET-1CA-IN;fallo_datos;81;;;
RV-SEC-1-DET-1CA-IN;numero_detector;82;;;
RV-SEC-1-DET-1CA-IN;intensidad_total;83;;;
RV-SEC-1-DET-1CA-IN;ocupacion_espira_cabeza;84;;;
RV-SEC-1-DET-1CA-IN;deteccion_congestion;85;;;
RV-SEC-1-DET-1CA-IN;deteccion_intensidad_inversa;86;;;
RV-SEC-1-DET-1CA-IN;sentido_circulacion;87;;;
RV-SEC-1-DET-1CA-IN;velocidad_media;88;;;
RV-SEC-1-DET-1CA-IN;longitud_media;89;;;
RV-SEC-1-DET-1CA-IN;distancia_media;90;;;
RV-SEC-1-DET-1CA-IN;vehlong1;91;;;
RV-SEC-1-DET-1CA-IN;vehlong2;92;;;
RV-SEC-1-DET-1CA-IN;vehlong3;93;;;
RV-SEC-1-DET-1CA-IN;vehlong4;94;;;
RV-SEC-1-DET-1CA-IN;vehlong5;95;;;
RV-SEC-1-DET-1CA-IN;vehlong6;96;;;
RV-SEC-1-DET-1CA-IN;vehlong7;97;;;
RV-SEC-1-DET-1CA-IN;vehlong8;98;;;
RV-SEC-1-DET-1CA-IN;vehlong9;99;;;
RV-SEC-1-DET-1CA-IN;vehlong10;100;;;
RV-SEC-1-DET-1CA-IN;vehlong11;101;;;
RV-SEC-1-DET-1CA-IN;vehlong12;102;;;
RV-SEC-1-DET-1CA-IN;vehlong13;103;;;
RV-SEC-1-DET-1CA-IN;vehlong14;104;;;
RV-SEC-1-DET-1CA-IN;vehlong15;105;;;
RV-SEC-1-DET-1CA-IN;vehlong16;106;;;
RV-SEC-1-DET-1CA-IN;vehvel1;107;;;
RV-SEC-1-DET-1CA-IN;vehvel2;108;;;
RV-SEC-1-DET-1CA-IN;vehvel3;109;;;
RV-SEC-1-DET-1CA-IN;vehvel4;110;;;
RV-SEC-1-DET-1CA-IN;vehvel5;111;;;
RV-SEC-1-DET-1CA-IN;vehvel6;112;;;
RV-SEC-1-DET-1CA-IN;vehvel7;113;;;
RV-SEC-1-DET-1CA-IN;vehvel8;114;;;
RV-SEC-1-DET-1CA-IN;vehvel9;115;;;
RV-SEC-1-DET-1CA-IN;vehvel10;116;;;
RV-SEC-1-DET-1CA-IN;vehvel11;117;;;
RV-SEC-1-DET-1CA-IN;vehvel12;118;;;
RV-SEC-1-DET-1CA-IN;vehvel13;119;;;
RV-SEC-1-DET-1CA-IN;vehvel14;120;;;
RV-SEC-1-DET-1CA-IN;vehvel15;121;;;
RV-SEC-1-DET-1CA-IN;vehvel16;122;;;
RV-SEC-1-DET-2CA-IN;periodo_integracion;123;;;
RV-SEC-1-DET-2CA-IN;fallo_datos;124;;;
RV-SEC-1-DET-2CA-IN;numero_detector;125;;;
RV-SEC-1-DET-2CA-IN;intensidad_total;126;;;
RV-SEC-1-DET-2CA-IN;ocupacion_espira_cabeza;127;;;
RV-SEC-1-DET-2CA-IN;deteccion_congestion;128;;;
RV-SEC-1-DET-2CA-IN;deteccion_intensidad_inversa;129;;;
RV-SEC-1-DET-2CA-IN;sentido_circulacion;130;;;
RV-SEC-1-DET-2CA-IN;velocidad_media;131;;;
RV-SEC-1-DET-2CA-IN;longitud_media;132;;;
RV-SEC-1-DET-2CA-IN;distancia_media;133;;;
RV-SEC-1-DET-2CA-IN;vehlong1;134;;;
RV-SEC-1-DET-2CA-IN;vehlong2;135;;;
RV-SEC-1-DET-2CA-IN;vehlong3;136;;;
RV-SEC-1-DET-2CA-IN;vehlong4;137;;;
RV-SEC-1-DET-2CA-IN;vehlong5;138;;;
RV-SEC-1-DET-2CA-IN;vehlong6;139;;;
RV-SEC-1-DET-2CA-IN;vehlong7;140;;;
RV-SEC-1-DET-2CA-IN;vehlong8;141;;;
RV-SEC-1-DET-2CA-IN;vehlong9;142;;;
RV-SEC-1-DET-2CA-IN;vehlong10;143;;;
RV-SEC-1-DET-2CA-IN;vehlong11;144;;;
RV-SEC-1-DET-2CA-IN;vehlong12;145;;;
RV-SEC-1-DET-2CA-IN;vehlong13;146;;;
RV-SEC-1-DET-2CA-IN;vehlong14;147;;;
RV-SEC-1-DET-2CA-IN;vehlong15;148;;;
RV-SEC-1-DET-2CA-IN;vehlong16;149;;;
RV-SEC-1-DET-2CA-IN;vehvel1;150;;;
RV-SEC-1-DET-2CA-IN;vehvel2;151;;;
RV-SEC-1-DET-2CA-IN;vehvel3;152;;;
RV-SEC-1-DET-2CA-IN;vehvel4;153;;;
RV-SEC-1-DET-2CA-IN;vehvel5;154;;;
RV-SEC-1-DET-2CA-IN;vehvel6;155;;;
RV-SEC-1-DET-2CA-IN;vehvel7;156;;;
RV-SEC-1-DET-2CA-IN;vehvel8;157;;;
RV-SEC-1-DET-2CA-IN;vehvel9;158;;;
RV-SEC-1-DET-2CA-IN;vehvel10;159;;;
RV-SEC-1-DET-2CA-IN;vehvel11;160;;;
RV-SEC-1-DET-2CA-IN;vehvel12;161;;;
RV-SEC-1-DET-2CA-IN;vehvel13;162;;;
RV-SEC-1-DET-2CA-IN;vehvel14;163;;;
RV-SEC-1-DET-2CA-IN;vehvel15;164;;;
RV-SEC-1-DET-2CA-IN;vehvel16;165;;;
RV-SEC-2-DET-3MA-OUT;periodo_integracion;166;;;
RV-SEC-2-DET-3MA-OUT;fallo_datos;167;;;
RV-SEC-2-DET-3MA-OUT;numero_detector;168;;;
RV-SEC-2-DET-3MA-OUT;intensidad_total;169;;;
RV-SEC-2-DET-3MA-OUT;ocupacion_espira_cabeza;170;;;
RV-SEC-2-DET-3MA-OUT;deteccion_congestion;171;;;
RV-SEC-2-DET-3MA-OUT;deteccion_intensidad_inversa;172;;;
RV-SEC-2-DET-3MA-OUT;sentido_circulacion;173;;;
RV-SEC-2-DET-3MA-OUT;velocidad_media;174;;;
RV-SEC-2-DET-3MA-OUT;longitud_media;175;;;
RV-SEC-2-DET-3MA-OUT;distancia_media;176;;;
RV-SEC-2-DET-3MA-OUT;vehlong1;177;;;
RV-SEC-2-DET-3MA-OUT;vehlong2;178;;;
RV-SEC-2-DET-3MA-OUT;vehlong3;179;;;
RV-SEC-2-DET-3MA-OUT;vehlong4;180;;;
RV-SEC-2-DET-3MA-OUT;vehlong5;181;;;
RV-SEC-2-DET-3MA-OUT;vehlong6;182;;;
RV-SEC-2-DET-3MA-OUT;vehlong7;183;;;
RV-SEC-2-DET-3MA-OUT;vehlong8;184;;;
RV-SEC-2-DET-3MA-OUT;vehlong9;185;;;
RV-SEC-2-DET-3MA-OUT;vehlong10;186;;;
RV-SEC-2-DET-3MA-OUT;vehlong11;187;;;
RV-SEC-2-DET-3MA-OUT;vehlong12;188;;;
RV-SEC-2-DET-3MA-OUT;vehlong13;189;;;
RV-SEC-2-DET-3MA-OUT;vehlong14;190;;;
RV-SEC-2-DET-3MA-OUT;vehlong15;191;;;
RV-SEC-2-DET-3MA-OUT;vehlong16;192;;;
RV-SEC-2-DET-3MA-OUT;vehvel1;193;;;
RV-SEC-2-DET-3MA-OUT;vehvel2;194;;;
RV-SEC-2-DET-3MA-OUT;vehvel3;195;;;
RV-SEC-2-DET-3MA-OUT;vehvel4;196;;;
RV-SEC-2-DET-3MA-OUT;vehvel5;197;;;
RV-SEC-2-DET-3MA-OUT;vehvel6;198;;;
RV-SEC-2-DET-3MA-OUT;vehvel7;199;;;
RV-SEC-2-DET-3MA-OUT;vehvel8;200;;;
RV-SEC-2-DET-3MA-OUT;vehvel9;201;;;
RV-SEC-2-DET-3MA-OUT;vehvel10;202;;;
RV-SEC-2-DET-3MA-OUT;vehvel11;203;;;
RV-SEC-2-DET-3MA-OUT;vehvel12;204;;;
RV-SEC-2-DET-3MA-OUT;vehvel13;205;;;
RV-SEC-2-DET-3MA-OUT;vehvel14;206;;;
RV-SEC-2-DET-3MA-OUT;vehvel15;207;;;
RV-SEC-2-DET-3MA-OUT;vehvel16;208;;;
RV-SEC-2-DET-4MA-OUT;periodo_integracion;209;;;
RV-SEC-2-DET-4MA-OUT;fallo_datos;210;;;
RV-SEC-2-DET-4MA-OUT;numero_detector;211;;;
RV-SEC-2-DET-4MA-OUT;intensidad_total;212;;;
RV-SEC-2-DET-4MA-OUT;ocupacion_espira_cabeza;213;;;
RV-SEC-2-DET-4MA-OUT;deteccion_congestion;214;;;
RV-SEC-2-DET-4MA-OUT;deteccion_intensidad_inversa;215;;;
RV-SEC-2-DET-4MA-OUT;sentido_circulacion;216;;;
RV-SEC-2-DET-4MA-OUT;velocidad_media;217;;;
RV-SEC-2-DET-4MA-OUT;longitud_media;218;;;
RV-SEC-2-DET-4MA-OUT;distancia_media;219;;;
RV-SEC-2-DET-4MA-OUT;vehlong1;220;;;
RV-SEC-2-DET-4MA-OUT;vehlong2;221;;;
RV-SEC-2-DET-4MA-OUT;vehlong3;222;;;
RV-SEC-2-DET-4MA-OUT;vehlong4;223;;;
RV-SEC-2-DET-4MA-OUT;vehlong5;224;;;
RV-SEC-2-DET-4MA-OUT;vehlong6;225;;;
RV-SEC-2-DET-4MA-OUT;vehlong7;226;;;
RV-SEC-2-DET-4MA-OUT;vehlong8;227;;;
RV-SEC-2-DET-4MA-OUT;vehlong9;228;;;
RV-SEC-2-DET-4MA-OUT;vehlong10;229;;;
RV-SEC-2-DET-4MA-OUT;vehlong11;230;;;
RV-SEC-2-DET-4MA-OUT;vehlong12;231;;;
RV-SEC-2-DET-4MA-OUT;vehlong13;232;;;
RV-SEC-2-DET-4MA-OUT;vehlong14;233;;;
RV-SEC-2-DET-4MA-OUT;vehlong15;234;;;
RV-SEC-2-DET-4MA-OUT;vehlong16;235;;;
RV-SEC-2-DET-4MA-OUT;vehvel1;236;;;
RV-SEC-2-DET-4MA-OUT;vehvel2;237;;;
RV-SEC-2-DET-4MA-OUT;vehvel3;238;;;
RV-SEC-2-DET-4MA-OUT;vehvel4;239;;;
RV-SEC-2-DET-4MA-OUT;vehvel5;240;;;
RV-SEC-2-DET-4MA-OUT;vehvel6;241;;;
RV-SEC-2-DET-4MA-OUT;vehvel7;242;;;
RV-SEC-2-DET-4MA-OUT;vehvel8;243;;;
RV-SEC-2-DET-4MA-OUT;vehvel9;244;;;
RV-SEC-2-DET-4MA-OUT;vehvel10;245;;;
RV-SEC-2-DET-4MA-OUT;vehvel11;246;;;
RV-SEC-2-DET-4MA-OUT;vehvel12;247;;;
RV-SEC-2-DET-4MA-OUT;vehvel13;248;;;
RV-SEC-2-DET-4MA-OUT;vehvel14;249;;;
RV-SEC-2-DET-4MA-OUT;vehvel15;250;;;
RV-SEC-2-DET-4MA-OUT;vehvel16;251;;;
RV-SEC-1-DET-1MA-IN;periodo_integracion;252;;;
RV-SEC-1-DET-1MA-IN;fallo_datos;253;;;
RV-SEC-1-DET-1MA-IN;numero_detector;254;;;
RV-SEC-1-DET-1MA-IN;intensidad_total;255;;;
RV-SEC-1-DET-1MA-IN;ocupacion_espira_cabeza;256;;;
RV-SEC-1-DET-1MA-IN;deteccion_congestion;257;;;
RV-SEC-1-DET-1MA-IN;deteccion_intensidad_inversa;258;;;
RV-SEC-1-DET-1MA-IN;sentido_circulacion;259;;;
RV-SEC-1-DET-1MA-IN;velocidad_media;260;;;
RV-SEC-1-DET-1MA-IN;longitud_media;261;;;
RV-SEC-1-DET-1MA-IN;distancia_media;262;;;
RV-SEC-1-DET-1MA-IN;vehlong1;263;;;
RV-SEC-1-DET-1MA-IN;vehlong2;264;;;
RV-SEC-1-DET-1MA-IN;vehlong3;265;;;
RV-SEC-1-DET-1MA-IN;vehlong4;266;;;
RV-SEC-1-DET-1MA-IN;vehlong5;267;;;
RV-SEC-1-DET-1MA-IN;vehlong6;268;;;
RV-SEC-1-DET-1MA-IN;vehlong7;269;;;
RV-SEC-1-DET-1MA-IN;vehlong8;270;;;
RV-SEC-1-DET-1MA-IN;vehlong9;271;;;
RV-SEC-1-DET-1MA-IN;vehlong10;272;;;
RV-SEC-1-DET-1MA-IN;vehlong11;273;;;
RV-SEC-1-DET-1MA-IN;vehlong12;274;;;
RV-SEC-1-DET-1MA-IN;vehlong13;275;;;
RV-SEC-1-DET-1MA-IN;vehlong14;276;;;
RV-SEC-1-DET-1MA-IN;vehlong15;277;;;
RV-SEC-1-DET-1MA-IN;vehlong16;278;;;
RV-SEC-1-DET-1MA-IN;vehvel1;279;;;
RV-SEC-1-DET-1MA-IN;vehvel2;280;;;
RV-SEC-1-DET-1MA-IN;vehvel3;281;;;
RV-SEC-1-DET-1MA-IN;vehvel4;282;;;
RV-SEC-1-DET-1MA-IN;vehvel5;283;;;
RV-SEC-1-DET-1MA-IN;vehvel6;284;;;
RV-SEC-1-DET-1MA-IN;vehvel7;285;;;
RV-SEC-1-DET-1MA-IN;vehvel8;286;;;
RV-SEC-1-DET-1MA-IN;vehvel9;287;;;
RV-SEC-1-DET-1MA-IN;vehvel10;288;;;
RV-SEC-1-DET-1MA-IN;vehvel11;289;;;
RV-SEC-1-DET-1MA-IN;vehvel12;290;;;
RV-SEC-1-DET-1MA-IN;vehvel13;291;;;
RV-SEC-1-DET-1MA-IN;vehvel14;292;;;
RV-SEC-1-DET-1MA-IN;vehvel15;293;;;
RV-SEC-1-DET-1MA-IN;vehvel16;294;;;
RV-SEC-1-DET-2MA-IN;periodo_integracion;295;;;
RV-SEC-1-DET-2MA-IN;fallo_datos;296;;;
RV-SEC-1-DET-2MA-IN;numero_detector;297;;;
RV-SEC-1-DET-2MA-IN;intensidad_total;298;;;
RV-SEC-1-DET-2MA-IN;ocupacion_espira_cabeza;299;;;
RV-SEC-1-DET-2MA-IN;deteccion_congestion;300;;;
RV-SEC-1-DET-2MA-IN;deteccion_intensidad_inversa;301;;;
RV-SEC-1-DET-2MA-IN;sentido_circulacion;302;;;
RV-SEC-1-DET-2MA-IN;velocidad_media;303;;;
RV-SEC-1-DET-2MA-IN;longitud_media;304;;;
RV-SEC-1-DET-2MA-IN;distancia_media;305;;;
RV-SEC-1-DET-2MA-IN;vehlong1;306;;;
RV-SEC-1-DET-2MA-IN;vehlong2;307;;;
RV-SEC-1-DET-2MA-IN;vehlong3;308;;;
RV-SEC-1-DET-2MA-IN;vehlong4;309;;;
RV-SEC-1-DET-2MA-IN;vehlong5;310;;;
RV-SEC-1-DET-2MA-IN;vehlong6;311;;;
RV-SEC-1-DET-2MA-IN;vehlong7;312;;;
RV-SEC-1-DET-2MA-IN;vehlong8;313;;;
RV-SEC-1-DET-2MA-IN;vehlong9;314;;;
RV-SEC-1-DET-2MA-IN;vehlong10;315;;;
RV-SEC-1-DET-2MA-IN;vehlong11;316;;;
RV-SEC-1-DET-2MA-IN;vehlong12;317;;;
RV-SEC-1-DET-2MA-IN;vehlong13;318;;;
RV-SEC-1-DET-2MA-IN;vehlong14;319;;;
RV-SEC-1-DET-2MA-IN;vehlong15;320;;;
RV-SEC-1-DET-2MA-IN;vehlong16;321;;;
RV-SEC-1-DET-2MA-IN;vehvel1;322;;;
RV-SEC-1-DET-2MA-IN;vehvel2;323;;;
RV-SEC-1-DET-2MA-IN;vehvel3;324;;;
RV-SEC-1-DET-2MA-IN;vehvel4;325;;;
RV-SEC-1-DET-2MA-IN;vehvel5;326;;;
RV-SEC-1-DET-2MA-IN;vehvel6;327;;;
RV-SEC-1-DET-2MA-IN;vehvel7;328;;;
RV-SEC-1-DET-2MA-IN;vehvel8;329;;;
RV-SEC-1-DET-2MA-IN;vehvel9;330;;;
RV-SEC-1-DET-2MA-IN;vehvel10;331;;;
RV-SEC-1-DET-2MA-IN;vehvel11;332;;;
RV-SEC-1-DET-2MA-IN;vehvel12;333;;;
RV-SEC-1-DET-2MA-IN;vehvel13;334;;;
RV-SEC-1-DET-2MA-IN;vehvel14;335;;;
RV-SEC-1-DET-2MA-IN;vehvel15;336;;;
RV-SEC-1-DET-2MA-IN;vehvel16;337;;;
RV-SEC-2-DET-3CA-OUT;periodo_integracion;338;;;
RV-SEC-2-DET-3CA-OUT;fallo_datos;339;;;
RV-SEC-2-DET-3CA-OUT;numero_detector;340;;;
RV-SEC-2-DET-3CA-OUT;intensidad_total;341;;;
RV-SEC-2-DET-3CA-OUT;ocupacion_espira_cabeza;342;;;
RV-SEC-2-DET-3CA-OUT;deteccion_congestion;343;;;
RV-SEC-2-DET-3CA-OUT;deteccion_intensidad_inversa;344;;;
RV-SEC-2-DET-3CA-OUT;sentido_circulacion;345;;;
RV-SEC-2-DET-3CA-OUT;velocidad_media;346;;;
RV-SEC-2-DET-3CA-OUT;longitud_media;347;;;
RV-SEC-2-DET-3CA-OUT;distancia_media;348;;;
RV-SEC-2-DET-3CA-OUT;vehlong1;349;;;
RV-SEC-2-DET-3CA-OUT;vehlong2;350;;;
RV-SEC-2-DET-3CA-OUT;vehlong3;351;;;
RV-SEC-2-DET-3CA-OUT;vehlong4;352;;;
RV-SEC-2-DET-3CA-OUT;vehlong5;353;;;
RV-SEC-2-DET-3CA-OUT;vehlong6;354;;;
RV-SEC-2-DET-3CA-OUT;vehlong7;355;;;
RV-SEC-2-DET-3CA-OUT;vehlong8;356;;;
RV-SEC-2-DET-3CA-OUT;vehlong9;357;;;
RV-SEC-2-DET-3CA-OUT;vehlong10;358;;;
RV-SEC-2-DET-3CA-OUT;vehlong11;359;;;
RV-SEC-2-DET-3CA-OUT;vehlong12;360;;;
RV-SEC-2-DET-3CA-OUT;vehlong13;361;;;
RV-SEC-2-DET-3CA-OUT;vehlong14;362;;;
RV-SEC-2-DET-3CA-OUT;vehlong15;363;;;
RV-SEC-2-DET-3CA-OUT;vehlong16;364;;;
RV-SEC-2-DET-3CA-OUT;vehvel1;365;;;
RV-SEC-2-DET-3CA-OUT;vehvel2;366;;;
RV-SEC-2-DET-3CA-OUT;vehvel3;367;;;
RV-SEC-2-DET-3CA-OUT;vehvel4;368;;;
RV-SEC-2-DET-3CA-OUT;vehvel5;369;;;
RV-SEC-2-DET-3CA-OUT;vehvel6;370;;;
RV-SEC-2-DET-3CA-OUT;vehvel7;371;;;
RV-SEC-2-DET-3CA-OUT;vehvel8;372;;;
RV-SEC-2-DET-3CA-OUT;vehvel9;373;;;
RV-SEC-2-DET-3CA-OUT;vehvel10;374;;;
RV-SEC-2-DET-3CA-OUT;vehvel11;375;;;
RV-SEC-2-DET-3CA-OUT;vehvel12;376;;;
RV-SEC-2-DET-3CA-OUT;vehvel13;377;;;
RV-SEC-2-DET-3CA-OUT;vehvel14;378;;;
RV-SEC-2-DET-3CA-OUT;vehvel15;379;;;
RV-SEC-2-DET-3CA-OUT;vehvel16;380;;;
RV-SEC-2-DET-4CA-OUT;periodo_integracion;381;;;
RV-SEC-2-DET-4CA-OUT;fallo_datos;382;;;
RV-SEC-2-DET-4CA-OUT;numero_detector;383;;;
RV-SEC-2-DET-4CA-OUT;intensidad_total;384;;;
RV-SEC-2-DET-4CA-OUT;ocupacion_espira_cabeza;385;;;
RV-SEC-2-DET-4CA-OUT;deteccion_congestion;386;;;
RV-SEC-2-DET-4CA-OUT;deteccion_intensidad_inversa;387;;;
RV-SEC-2-DET-4CA-OUT;sentido_circulacion;388;;;
RV-SEC-2-DET-4CA-OUT;velocidad_media;389;;;
RV-SEC-2-DET-4CA-OUT;longitud_media;390;;;
RV-SEC-2-DET-4CA-OUT;distancia_media;391;;;
RV-SEC-2-DET-4CA-OUT;vehlong1;392;;;
RV-SEC-2-DET-4CA-OUT;vehlong2;393;;;
RV-SEC-2-DET-4CA-OUT;vehlong3;394;;;
RV-SEC-2-DET-4CA-OUT;vehlong4;395;;;
RV-SEC-2-DET-4CA-OUT;vehlong5;396;;;
RV-SEC-2-DET-4CA-OUT;vehlong6;397;;;
RV-SEC-2-DET-4CA-OUT;vehlong7;398;;;
RV-SEC-2-DET-4CA-OUT;vehlong8;399;;;
RV-SEC-2-DET-4CA-OUT;vehlong9;400;;;
RV-SEC-2-DET-4CA-OUT;vehlong10;401;;;
RV-SEC-2-DET-4CA-OUT;vehlong11;402;;;
RV-SEC-2-DET-4CA-OUT;vehlong12;403;;;
RV-SEC-2-DET-4CA-OUT;vehlong13;404;;;
RV-SEC-2-DET-4CA-OUT;vehlong14;405;;;
RV-SEC-2-DET-4CA-OUT;vehlong15;406;;;
RV-SEC-2-DET-4CA-OUT;vehlong16;407;;;
RV-SEC-2-DET-4CA-OUT;vehvel1;408;;;
RV-SEC-2-DET-4CA-OUT;vehvel2;409;;;
RV-SEC-2-DET-4CA-OUT;vehvel3;410;;;
RV-SEC-2-DET-4CA-OUT;vehvel4;411;;;
RV-SEC-2-DET-4CA-OUT;vehvel5;412;;;
RV-SEC-2-DET-4CA-OUT;vehvel6;413;;;
RV-SEC-2-DET-4CA-OUT;vehvel7;414;;;
RV-SEC-2-DET-4CA-OUT;vehvel8;415;;;
RV-SEC-2-DET-4CA-OUT;vehvel9;416;;;
RV-SEC-2-DET-4CA-OUT;vehvel10;417;;;
RV-SEC-2-DET-4CA-OUT;vehvel11;418;;;
RV-SEC-2-DET-4CA-OUT;vehvel12;419;;;
RV-SEC-2-DET-4CA-OUT;vehvel13;420;;;
RV-SEC-2-DET-4CA-OUT;vehvel14;421;;;
RV-SEC-2-DET-4CA-OUT;vehvel15;422;;;
RV-SEC-2-DET-4CA-OUT;vehvel16;423;;;
MM-SEC-1-DET-1CA-IN;periodo_integracion;424;;;
MM-SEC-1-DET-1CA-IN;fallo_datos;425;;;
MM-SEC-1-DET-1CA-IN;numero_detector;426;;;
MM-SEC-1-DET-1CA-IN;intensidad_total;427;;;
MM-SEC-1-DET-1CA-IN;ocupacion_espira_cabeza;428;;;
MM-SEC-1-DET-1CA-IN;deteccion_congestion;429;;;
MM-SEC-1-DET-1CA-IN;deteccion_intensidad_inversa;430;;;
MM-SEC-1-DET-1CA-IN;sentido_circulacion;431;;;
MM-SEC-1-DET-1CA-IN;velocidad_media;432;;;
MM-SEC-1-DET-1CA-IN;longitud_media;433;;;
MM-SEC-1-DET-1CA-IN;distancia_media;434;;;
MM-SEC-1-DET-1CA-IN;vehlong1;435;;;
MM-SEC-1-DET-1CA-IN;vehlong2;436;;;
MM-SEC-1-DET-1CA-IN;vehlong3;437;;;
MM-SEC-1-DET-1CA-IN;vehlong4;438;;;
MM-SEC-1-DET-1CA-IN;vehlong5;439;;;
MM-SEC-1-DET-1CA-IN;vehlong6;440;;;
MM-SEC-1-DET-1CA-IN;vehlong7;441;;;
MM-SEC-1-DET-1CA-IN;vehlong8;442;;;
MM-SEC-1-DET-1CA-IN;vehlong9;443;;;
MM-SEC-1-DET-1CA-IN;vehlong10;444;;;
MM-SEC-1-DET-1CA-IN;vehlong11;445;;;
MM-SEC-1-DET-1CA-IN;vehlong12;446;;;
MM-SEC-1-DET-1CA-IN;vehlong13;447;;;
MM-SEC-1-DET-1CA-IN;vehlong14;448;;;
MM-SEC-1-DET-1CA-IN;vehlong15;449;;;
MM-SEC-1-DET-1CA-IN;vehlong16;450;;;
MM-SEC-1-DET-1CA-IN;vehvel1;451;;;
MM-SEC-1-DET-1CA-IN;vehvel2;452;;;
MM-SEC-1-DET-1CA-IN;vehvel3;453;;;
MM-SEC-1-DET-1CA-IN;vehvel4;454;;;
MM-SEC-1-DET-1CA-IN;vehvel5;455;;;
MM-SEC-1-DET-1CA-IN;vehvel6;456;;;
MM-SEC-1-DET-1CA-IN;vehvel7;457;;;
MM-SEC-1-DET-1CA-IN;vehvel8;458;;;
MM-SEC-1-DET-1CA-IN;vehvel9;459;;;
MM-SEC-1-DET-1CA-IN;vehvel10;460;;;
MM-SEC-1-DET-1CA-IN;vehvel11;461;;;
MM-SEC-1-DET-1CA-IN;vehvel12;462;;;
MM-SEC-1-DET-1CA-IN;vehvel13;463;;;
MM-SEC-1-DET-1CA-IN;vehvel14;464;;;
MM-SEC-1-DET-1CA-IN;vehvel15;465;;;
MM-SEC-1-DET-1CA-IN;vehvel16;466;;;
MM-SEC-1-DET-2CA-IN;periodo_integracion;467;;;
MM-SEC-1-DET-2CA-IN;fallo_datos;468;;;
MM-SEC-1-DET-2CA-IN;numero_detector;469;;;
MM-SEC-1-DET-2CA-IN;intensidad_total;470;;;
MM-SEC-1-DET-2CA-IN;ocupacion_espira_cabeza;471;;;
MM-SEC-1-DET-2CA-IN;deteccion_congestion;472;;;
MM-SEC-1-DET-2CA-IN;deteccion_intensidad_inversa;473;;;
MM-SEC-1-DET-2CA-IN;sentido_circulacion;474;;;
MM-SEC-1-DET-2CA-IN;velocidad_media;475;;;
MM-SEC-1-DET-2CA-IN;longitud_media;476;;;
MM-SEC-1-DET-2CA-IN;distancia_media;477;;;
MM-SEC-1-DET-2CA-IN;vehlong1;478;;;
MM-SEC-1-DET-2CA-IN;vehlong2;479;;;
MM-SEC-1-DET-2CA-IN;vehlong3;480;;;
MM-SEC-1-DET-2CA-IN;vehlong4;481;;;
MM-SEC-1-DET-2CA-IN;vehlong5;482;;;
MM-SEC-1-DET-2CA-IN;vehlong6;483;;;
MM-SEC-1-DET-2CA-IN;vehlong7;484;;;
MM-SEC-1-DET-2CA-IN;vehlong8;485;;;
MM-SEC-1-DET-2CA-IN;vehlong9;486;;;
MM-SEC-1-DET-2CA-IN;vehlong10;487;;;
MM-SEC-1-DET-2CA-IN;vehlong11;488;;;
MM-SEC-1-DET-2CA-IN;vehlong12;489;;;
MM-SEC-1-DET-2CA-IN;vehlong13;490;;;
MM-SEC-1-DET-2CA-IN;vehlong14;491;;;
MM-SEC-1-DET-2CA-IN;vehlong15;492;;;
MM-SEC-1-DET-2CA-IN;vehlong16;493;;;
MM-SEC-1-DET-2CA-IN;vehvel1;494;;;
MM-SEC-1-DET-2CA-IN;vehvel2;495;;;
MM-SEC-1-DET-2CA-IN;vehvel3;496;;;
MM-SEC-1-DET-2CA-IN;vehvel4;497;;;
MM-SEC-1-DET-2CA-IN;vehvel5;498;;;
MM-SEC-1-DET-2CA-IN;vehvel6;499;;;
MM-SEC-1-DET-2CA-IN;vehvel7;500;;;
MM-SEC-1-DET-2CA-IN;vehvel8;501;;;
MM-SEC-1-DET-2CA-IN;vehvel9;502;;;
MM-SEC-1-DET-2CA-IN;vehvel10;503;;;
MM-SEC-1-DET-2CA-IN;vehvel11;504;;;
MM-SEC-1-DET-2CA-IN;vehvel12;505;;;
MM-SEC-1-DET-2CA-IN;vehvel13;506;;;
MM-SEC-1-DET-2CA-IN;vehvel14;507;;;
MM-SEC-1-DET-2CA-IN;vehvel15;508;;;
MM-SEC-1-DET-2CA-IN;vehvel16;509;;;
MM-SEC-2-DET-3MA-OUT;periodo_integracion;510;;;
MM-SEC-2-DET-3MA-OUT;fallo_datos;511;;;
MM-SEC-2-DET-3MA-OUT;numero_detector;512;;;
MM-SEC-2-DET-3MA-OUT;intensidad_total;513;;;
MM-SEC-2-DET-3MA-OUT;ocupacion_espira_cabeza;514;;;
MM-SEC-2-DET-3MA-OUT;deteccion_congestion;515;;;
MM-SEC-2-DET-3MA-OUT;deteccion_intensidad_inversa;516;;;
MM-SEC-2-DET-3MA-OUT;sentido_circulacion;517;;;
MM-SEC-2-DET-3MA-OUT;velocidad_media;518;;;
MM-SEC-2-DET-3MA-OUT;longitud_media;519;;;
MM-SEC-2-DET-3MA-OUT;distancia_media;520;;;
MM-SEC-2-DET-3MA-OUT;vehlong1;521;;;
MM-SEC-2-DET-3MA-OUT;vehlong2;522;;;
MM-SEC-2-DET-3MA-OUT;vehlong3;523;;;
MM-SEC-2-DET-3MA-OUT;vehlong4;524;;;
MM-SEC-2-DET-3MA-OUT;vehlong5;525;;;
MM-SEC-2-DET-3MA-OUT;vehlong6;526;;;
MM-SEC-2-DET-3MA-OUT;vehlong7;527;;;
MM-SEC-2-DET-3MA-OUT;vehlong8;528;;;
MM-SEC-2-DET-3MA-OUT;vehlong9;529;;;
MM-SEC-2-DET-3MA-OUT;vehlong10;530;;;
MM-SEC-2-DET-3MA-OUT;vehlong11;531;;;
MM-SEC-2-DET-3MA-OUT;vehlong12;532;;;
MM-SEC-2-DET-3MA-OUT;vehlong13;533;;;
MM-SEC-2-DET-3MA-OUT;vehlong14;534;;;
MM-SEC-2-DET-3MA-OUT;vehlong15;535;;;
MM-SEC-2-DET-3MA-OUT;vehlong16;536;;;
MM-SEC-2-DET-3MA-OUT;vehvel1;537;;;
MM-SEC-2-DET-3MA-OUT;vehvel2;538;;;
MM-SEC-2-DET-3MA-OUT;vehvel3;539;;;
MM-SEC-2-DET-3MA-OUT;vehvel4;540;;;
MM-SEC-2-DET-3MA-OUT;vehvel5;541;;;
MM-SEC-2-DET-3MA-OUT;vehvel6;542;;;
MM-SEC-2-DET-3MA-OUT;vehvel7;543;;;
MM-SEC-2-DET-3MA-OUT;vehvel8;544;;;
MM-SEC-2-DET-3MA-OUT;vehvel9;545;;;
MM-SEC-2-DET-3MA-OUT;vehvel10;546;;;
MM-SEC-2-DET-3MA-OUT;vehvel11;547;;;
MM-SEC-2-DET-3MA-OUT;vehvel12;548;;;
MM-SEC-2-DET-3MA-OUT;vehvel13;549;;;
MM-SEC-2-DET-3MA-OUT;vehvel14;550;;;
MM-SEC-2-DET-3MA-OUT;vehvel15;551;;;
MM-SEC-2-DET-3MA-OUT;vehvel16;552;;;
MM-SEC-2-DET-4MA-OUT;periodo_integracion;553;;;
MM-SEC-2-DET-4MA-OUT;fallo_datos;554;;;
MM-SEC-2-DET-4MA-OUT;numero_detector;555;;;
MM-SEC-2-DET-4MA-OUT;intensidad_total;556;;;
MM-SEC-2-DET-4MA-OUT;ocupacion_espira_cabeza;557;;;
MM-SEC-2-DET-4MA-OUT;deteccion_congestion;558;;;
MM-SEC-2-DET-4MA-OUT;deteccion_intensidad_inversa;559;;;
MM-SEC-2-DET-4MA-OUT;sentido_circulacion;560;;;
MM-SEC-2-DET-4MA-OUT;velocidad_media;561;;;
MM-SEC-2-DET-4MA-OUT;longitud_media;562;;;
MM-SEC-2-DET-4MA-OUT;distancia_media;563;;;
MM-SEC-2-DET-4MA-OUT;vehlong1;564;;;
MM-SEC-2-DET-4MA-OUT;vehlong2;565;;;
MM-SEC-2-DET-4MA-OUT;vehlong3;566;;;
MM-SEC-2-DET-4MA-OUT;vehlong4;567;;;
MM-SEC-2-DET-4MA-OUT;vehlong5;568;;;
MM-SEC-2-DET-4MA-OUT;vehlong6;569;;;
MM-SEC-2-DET-4MA-OUT;vehlong7;570;;;
MM-SEC-2-DET-4MA-OUT;vehlong8;571;;;
MM-SEC-2-DET-4MA-OUT;vehlong9;572;;;
MM-SEC-2-DET-4MA-OUT;vehlong10;573;;;
MM-SEC-2-DET-4MA-OUT;vehlong11;574;;;
MM-SEC-2-DET-4MA-OUT;vehlong12;575;;;
MM-SEC-2-DET-4MA-OUT;vehlong13;576;;;
MM-SEC-2-DET-4MA-OUT;vehlong14;577;;;
MM-SEC-2-DET-4MA-OUT;vehlong15;578;;;
MM-SEC-2-DET-4MA-OUT;vehlong16;579;;;
MM-SEC-2-DET-4MA-OUT;vehvel1;580;;;
MM-SEC-2-DET-4MA-OUT;vehvel2;581;;;
MM-SEC-2-DET-4MA-OUT;vehvel3;582;;;
MM-SEC-2-DET-4MA-OUT;vehvel4;583;;;
MM-SEC-2-DET-4MA-OUT;vehvel5;584;;;
MM-SEC-2-DET-4MA-OUT;vehvel6;585;;;
MM-SEC-2-DET-4MA-OUT;vehvel7;586;;;
MM-SEC-2-DET-4MA-OUT;vehvel8;587;;;
MM-SEC-2-DET-4MA-OUT;vehvel9;588;;;
MM-SEC-2-DET-4MA-OUT;vehvel10;589;;;
MM-SEC-2-DET-4MA-OUT;vehvel11;590;;;
MM-SEC-2-DET-4MA-OUT;vehvel12;591;;;
MM-SEC-2-DET-4MA-OUT;vehvel13;592;;;
MM-SEC-2-DET-4MA-OUT;vehvel14;593;;;
MM-SEC-2-DET-4MA-OUT;vehvel15;594;;;
MM-SEC-2-DET-4MA-OUT;vehvel16;595;;;
MM-SEC-1-DET-1MA-IN;periodo_integracion;596;;;
MM-SEC-1-DET-1MA-IN;fallo_datos;597;;;
MM-SEC-1-DET-1MA-IN;numero_detector;598;;;
MM-SEC-1-DET-1MA-IN;intensidad_total;599;;;
MM-SEC-1-DET-1MA-IN;ocupacion_espira_cabeza;600;;;
MM-SEC-1-DET-1MA-IN;deteccion_congestion;601;;;
MM-SEC-1-DET-1MA-IN;deteccion_intensidad_inversa;602;;;
MM-SEC-1-DET-1MA-IN;sentido_circulacion;603;;;
MM-SEC-1-DET-1MA-IN;velocidad_media;604;;;
MM-SEC-1-DET-1MA-IN;longitud_media;605;;;
MM-SEC-1-DET-1MA-IN;distancia_media;606;;;
MM-SEC-1-DET-1MA-IN;vehlong1;607;;;
MM-SEC-1-DET-1MA-IN;vehlong2;608;;;
MM-SEC-1-DET-1MA-IN;vehlong3;609;;;
MM-SEC-1-DET-1MA-IN;vehlong4;610;;;
MM-SEC-1-DET-1MA-IN;vehlong5;611;;;
MM-SEC-1-DET-1MA-IN;vehlong6;612;;;
MM-SEC-1-DET-1MA-IN;vehlong7;613;;;
MM-SEC-1-DET-1MA-IN;vehlong8;614;;;
MM-SEC-1-DET-1MA-IN;vehlong9;615;;;
MM-SEC-1-DET-1MA-IN;vehlong10;616;;;
MM-SEC-1-DET-1MA-IN;vehlong11;617;;;
MM-SEC-1-DET-1MA-IN;vehlong12;618;;;
MM-SEC-1-DET-1MA-IN;vehlong13;619;;;
MM-SEC-1-DET-1MA-IN;vehlong14;620;;;
MM-SEC-1-DET-1MA-IN;vehlong15;621;;;
MM-SEC-1-DET-1MA-IN;vehlong16;622;;;
MM-SEC-1-DET-1MA-IN;vehvel1;623;;;
MM-SEC-1-DET-1MA-IN;vehvel2;624;;;
MM-SEC-1-DET-1MA-IN;vehvel3;625;;;
MM-SEC-1-DET-1MA-IN;vehvel4;626;;;
MM-SEC-1-DET-1MA-IN;vehvel5;627;;;
MM-SEC-1-DET-1MA-IN;vehvel6;628;;;
MM-SEC-1-DET-1MA-IN;vehvel7;629;;;
MM-SEC-1-DET-1MA-IN;vehvel8;630;;;
MM-SEC-1-DET-1MA-IN;vehvel9;631;;;
MM-SEC-1-DET-1MA-IN;vehvel10;632;;;
MM-SEC-1-DET-1MA-IN;vehvel11;633;;;
MM-SEC-1-DET-1MA-IN;vehvel12;634;;;
MM-SEC-1-DET-1MA-IN;vehvel13;635;;;
MM-SEC-1-DET-1MA-IN;vehvel14;636;;;
MM-SEC-1-DET-1MA-IN;vehvel15;637;;;
MM-SEC-1-DET-1MA-IN;vehvel16;638;;;
MM-SEC-1-DET-2MA-IN;periodo_integracion;639;;;
MM-SEC-1-DET-2MA-IN;fallo_datos;640;;;
MM-SEC-1-DET-2MA-IN;numero_detector;641;;;
MM-SEC-1-DET-2MA-IN;intensidad_total;642;;;
MM-SEC-1-DET-2MA-IN;ocupacion_espira_cabeza;643;;;
MM-SEC-1-DET-2MA-IN;deteccion_congestion;644;;;
MM-SEC-1-DET-2MA-IN;deteccion_intensidad_inversa;645;;;
MM-SEC-1-DET-2MA-IN;sentido_circulacion;646;;;
MM-SEC-1-DET-2MA-IN;velocidad_media;647;;;
MM-SEC-1-DET-2MA-IN;longitud_media;648;;;
MM-SEC-1-DET-2MA-IN;distancia_media;649;;;
MM-SEC-1-DET-2MA-IN;vehlong1;650;;;
MM-SEC-1-DET-2MA-IN;vehlong2;651;;;
MM-SEC-1-DET-2MA-IN;vehlong3;652;;;
MM-SEC-1-DET-2MA-IN;vehlong4;653;;;
MM-SEC-1-DET-2MA-IN;vehlong5;654;;;
MM-SEC-1-DET-2MA-IN;vehlong6;655;;;
MM-SEC-1-DET-2MA-IN;vehlong7;656;;;
MM-SEC-1-DET-2MA-IN;vehlong8;657;;;
MM-SEC-1-DET-2MA-IN;vehlong9;658;;;
MM-SEC-1-DET-2MA-IN;vehlong10;659;;;
MM-SEC-1-DET-2MA-IN;vehlong11;660;;;
MM-SEC-1-DET-2MA-IN;vehlong12;661;;;
MM-SEC-1-DET-2MA-IN;vehlong13;662;;;
MM-SEC-1-DET-2MA-IN;vehlong14;663;;;
MM-SEC-1-DET-2MA-IN;vehlong15;664;;;
MM-SEC-1-DET-2MA-IN;vehlong16;665;;;
MM-SEC-1-DET-2MA-IN;vehvel1;666;;;
MM-SEC-1-DET-2MA-IN;vehvel2;667;;;
MM-SEC-1-DET-2MA-IN;vehvel3;668;;;
MM-SEC-1-DET-2MA-IN;vehvel4;669;;;
MM-SEC-1-DET-2MA-IN;vehvel5;670;;;
MM-SEC-1-DET-2MA-IN;vehvel6;671;;;
MM-SEC-1-DET-2MA-IN;vehvel7;672;;;
MM-SEC-1-DET-2MA-IN;vehvel8;673;;;
MM-SEC-1-DET-2MA-IN;vehvel9;674;;;
MM-SEC-1-DET-2MA-IN;vehvel10;675;;;
MM-SEC-1-DET-2MA-IN;vehvel11;676;;;
MM-SEC-1-DET-2MA-IN;vehvel12;677;;;
MM-SEC-1-DET-2MA-IN;vehvel13;678;;;
MM-SEC-1-DET-2MA-IN;vehvel14;679;;;
MM-SEC-1-DET-2MA-IN;vehvel15;680;;;
MM-SEC-1-DET-2MA-IN;vehvel16;681;;;
MM-SEC-2-DET-3CA-OUT;periodo_integracion;682;;;
MM-SEC-2-DET-3CA-OUT;fallo_datos;683;;;
MM-SEC-2-DET-3CA-OUT;numero_detector;684;;;
MM-SEC-2-DET-3CA-OUT;intensidad_total;685;;;
MM-SEC-2-DET-3CA-OUT;ocupacion_espira_cabeza;686;;;
MM-SEC-2-DET-3CA-OUT;deteccion_congestion;687;;;
MM-SEC-2-DET-3CA-OUT;deteccion_intensidad_inversa;688;;;
MM-SEC-2-DET-3CA-OUT;sentido_circulacion;689;;;
MM-SEC-2-DET-3CA-OUT;velocidad_media;690;;;
MM-SEC-2-DET-3CA-OUT;longitud_media;691;;;
MM-SEC-2-DET-3CA-OUT;distancia_media;692;;;
MM-SEC-2-DET-3CA-OUT;vehlong1;693;;;
MM-SEC-2-DET-3CA-OUT;vehlong2;694;;;
MM-SEC-2-DET-3CA-OUT;vehlong3;695;;;
MM-SEC-2-DET-3CA-OUT;vehlong4;696;;;
MM-SEC-2-DET-3CA-OUT;vehlong5;697;;;
MM-SEC-2-DET-3CA-OUT;vehlong6;698;;;
MM-SEC-2-DET-3CA-OUT;vehlong7;699;;;
MM-SEC-2-DET-3CA-OUT;vehlong8;700;;;
MM-SEC-2-DET-3CA-OUT;vehlong9;701;;;
MM-SEC-2-DET-3CA-OUT;vehlong10;702;;;
MM-SEC-2-DET-3CA-OUT;vehlong11;703;;;
MM-SEC-2-DET-3CA-OUT;vehlong12;704;;;
MM-SEC-2-DET-3CA-OUT;vehlong13;705;;;
MM-SEC-2-DET-3CA-OUT;vehlong14;706;;;
MM-SEC-2-DET-3CA-OUT;vehlong15;707;;;
MM-SEC-2-DET-3CA-OUT;vehlong16;708;;;
MM-SEC-2-DET-3CA-OUT;vehvel1;709;;;
MM-SEC-2-DET-3CA-OUT;vehvel2;710;;;
MM-SEC-2-DET-3CA-OUT;vehvel3;711;;;
MM-SEC-2-DET-3CA-OUT;vehvel4;712;;;
MM-SEC-2-DET-3CA-OUT;vehvel5;713;;;
MM-SEC-2-DET-3CA-OUT;vehvel6;714;;;
MM-SEC-2-DET-3CA-OUT;vehvel7;715;;;
MM-SEC-2-DET-3CA-OUT;vehvel8;716;;;
MM-SEC-2-DET-3CA-OUT;vehvel9;717;;;
MM-SEC-2-DET-3CA-OUT;vehvel10;718;;;
MM-SEC-2-DET-3CA-OUT;vehvel11;719;;;
MM-SEC-2-DET-3CA-OUT;vehvel12;720;;;
MM-SEC-2-DET-3CA-OUT;vehvel13;721;;;
MM-SEC-2-DET-3CA-OUT;vehvel14;722;;;
MM-SEC-2-DET-3CA-OUT;vehvel15;723;;;
MM-SEC-2-DET-3CA-OUT;vehvel16;724;;;
MM-SEC-2-DET-4CA-OUT;periodo_integracion;725;;;
MM-SEC-2-DET-4CA-OUT;fallo_datos;726;;;
MM-SEC-2-DET-4CA-OUT;numero_detector;727;;;
MM-SEC-2-DET-4CA-OUT;intensidad_total;728;;;
MM-SEC-2-DET-4CA-OUT;ocupacion_espira_cabeza;729;;;
MM-SEC-2-DET-4CA-OUT;deteccion_congestion;730;;;
MM-SEC-2-DET-4CA-OUT;deteccion_intensidad_inversa;731;;;
MM-SEC-2-DET-4CA-OUT;sentido_circulacion;732;;;
MM-SEC-2-DET-4CA-OUT;velocidad_media;733;;;
MM-SEC-2-DET-4CA-OUT;longitud_media;734;;;
MM-SEC-2-DET-4CA-OUT;distancia_media;735;;;
MM-SEC-2-DET-4CA-OUT;vehlong1;736;;;
MM-SEC-2-DET-4CA-OUT;vehlong2;737;;;
MM-SEC-2-DET-4CA-OUT;vehlong3;738;;;
MM-SEC-2-DET-4CA-OUT;vehlong4;739;;;
MM-SEC-2-DET-4CA-OUT;vehlong5;740;;;
MM-SEC-2-DET-4CA-OUT;vehlong6;741;;;
MM-SEC-2-DET-4CA-OUT;vehlong7;742;;;
MM-SEC-2-DET-4CA-OUT;vehlong8;743;;;
MM-SEC-2-DET-4CA-OUT;vehlong9;744;;;
MM-SEC-2-DET-4CA-OUT;vehlong10;745;;;
MM-SEC-2-DET-4CA-OUT;vehlong11;746;;;
MM-SEC-2-DET-4CA-OUT;vehlong12;747;;;
MM-SEC-2-DET-4CA-OUT;vehlong13;748;;;
MM-SEC-2-DET-4CA-OUT;vehlong14;749;;;
MM-SEC-2-DET-4CA-OUT;vehlong15;750;;;
MM-SEC-2-DET-4CA-OUT;vehlong16;751;;;
MM-SEC-2-DET-4CA-OUT;vehvel1;752;;;
MM-SEC-2-DET-4CA-OUT;vehvel2;753;;;
MM-SEC-2-DET-4CA-OUT;vehvel3;754;;;
MM-SEC-2-DET-4CA-OUT;vehvel4;755;;;
MM-SEC-2-DET-4CA-OUT;vehvel5;756;;;
MM-SEC-2-DET-4CA-OUT;vehvel6;757;;;
MM-SEC-2-DET-4CA-OUT;vehvel7;758;;;
MM-SEC-2-DET-4CA-OUT;vehvel8;759;;;
MM-SEC-2-DET-4CA-OUT;vehvel9;760;;;
MM-SEC-2-DET-4CA-OUT;vehvel10;761;;;
MM-SEC-2-DET-4CA-OUT;vehvel11;762;;;
MM-SEC-2-DET-4CA-OUT;vehvel12;763;;;
MM-SEC-2-DET-4CA-OUT;vehvel13;764;;;
MM-SEC-2-DET-4CA-OUT;vehvel14;765;;;
MM-SEC-2-DET-4CA-OUT;vehvel15;766;;;
MM-SEC-2-DET-4CA-OUT;vehvel16;767;;;
STMI-SEC-1-DET-1CA-IN;periodo_integracion;768;;;
STMI-SEC-1-DET-1CA-IN;fallo_datos;769;;;
STMI-SEC-1-DET-1CA-IN;numero_detector;770;;;
STMI-SEC-1-DET-1CA-IN;intensidad_total;771;;;
STMI-SEC-1-DET-1CA-IN;ocupacion_espira_cabeza;772;;;
STMI-SEC-1-DET-1CA-IN;deteccion_congestion;773;;;
STMI-SEC-1-DET-1CA-IN;deteccion_intensidad_inversa;774;;;
STMI-SEC-1-DET-1CA-IN;sentido_circulacion;775;;;
STMI-SEC-1-DET-1CA-IN;velocidad_media;776;;;
STMI-SEC-1-DET-1CA-IN;longitud_media;777;;;
STMI-SEC-1-DET-1CA-IN;distancia_media;778;;;
STMI-SEC-1-DET-1CA-IN;vehlong1;779;;;
STMI-SEC-1-DET-1CA-IN;vehlong2;780;;;
STMI-SEC-1-DET-1CA-IN;vehlong3;781;;;
STMI-SEC-1-DET-1CA-IN;vehlong4;782;;;
STMI-SEC-1-DET-1CA-IN;vehlong5;783;;;
STMI-SEC-1-DET-1CA-IN;vehlong6;784;;;
STMI-SEC-1-DET-1CA-IN;vehlong7;785;;;
STMI-SEC-1-DET-1CA-IN;vehlong8;786;;;
STMI-SEC-1-DET-1CA-IN;vehlong9;787;;;
STMI-SEC-1-DET-1CA-IN;vehlong10;788;;;
STMI-SEC-1-DET-1CA-IN;vehlong11;789;;;
STMI-SEC-1-DET-1CA-IN;vehlong12;790;;;
STMI-SEC-1-DET-1CA-IN;vehlong13;791;;;
STMI-SEC-1-DET-1CA-IN;vehlong14;792;;;
STMI-SEC-1-DET-1CA-IN;vehlong15;793;;;
STMI-SEC-1-DET-1CA-IN;vehlong16;794;;;
STMI-SEC-1-DET-1CA-IN;vehvel1;795;;;
STMI-SEC-1-DET-1CA-IN;vehvel2;796;;;
STMI-SEC-1-DET-1CA-IN;vehvel3;797;;;
STMI-SEC-1-DET-1CA-IN;vehvel4;798;;;
STMI-SEC-1-DET-1CA-IN;vehvel5;799;;;
STMI-SEC-1-DET-1CA-IN;vehvel6;800;;;
STMI-SEC-1-DET-1CA-IN;vehvel7;801;;;
STMI-SEC-1-DET-1CA-IN;vehvel8;802;;;
STMI-SEC-1-DET-1CA-IN;vehvel9;803;;;
STMI-SEC-1-DET-1CA-IN;vehvel10;804;;;
STMI-SEC-1-DET-1CA-IN;vehvel11;805;;;
STMI-SEC-1-DET-1CA-IN;vehvel12;806;;;
STMI-SEC-1-DET-1CA-IN;vehvel13;807;;;
STMI-SEC-1-DET-1CA-IN;vehvel14;808;;;
STMI-SEC-1-DET-1CA-IN;vehvel15;809;;;
STMI-SEC-1-DET-1CA-IN;vehvel16;810;;;
STMI-SEC-1-DET-2CA-IN;periodo_integracion;811;;;
STMI-SEC-1-DET-2CA-IN;fallo_datos;812;;;
STMI-SEC-1-DET-2CA-IN;numero_detector;813;;;
STMI-SEC-1-DET-2CA-IN;intensidad_total;814;;;
STMI-SEC-1-DET-2CA-IN;ocupacion_espira_cabeza;815;;;
STMI-SEC-1-DET-2CA-IN;deteccion_congestion;816;;;
STMI-SEC-1-DET-2CA-IN;deteccion_intensidad_inversa;817;;;
STMI-SEC-1-DET-2CA-IN;sentido_circulacion;818;;;
STMI-SEC-1-DET-2CA-IN;velocidad_media;819;;;
STMI-SEC-1-DET-2CA-IN;longitud_media;820;;;
STMI-SEC-1-DET-2CA-IN;distancia_media;821;;;
STMI-SEC-1-DET-2CA-IN;vehlong1;822;;;
STMI-SEC-1-DET-2CA-IN;vehlong2;823;;;
STMI-SEC-1-DET-2CA-IN;vehlong3;824;;;
STMI-SEC-1-DET-2CA-IN;vehlong4;825;;;
STMI-SEC-1-DET-2CA-IN;vehlong5;826;;;
STMI-SEC-1-DET-2CA-IN;vehlong6;827;;;
STMI-SEC-1-DET-2CA-IN;vehlong7;828;;;
STMI-SEC-1-DET-2CA-IN;vehlong8;829;;;
STMI-SEC-1-DET-2CA-IN;vehlong9;830;;;
STMI-SEC-1-DET-2CA-IN;vehlong10;831;;;
STMI-SEC-1-DET-2CA-IN;vehlong11;832;;;
STMI-SEC-1-DET-2CA-IN;vehlong12;833;;;
STMI-SEC-1-DET-2CA-IN;vehlong13;834;;;
STMI-SEC-1-DET-2CA-IN;vehlong14;835;;;
STMI-SEC-1-DET-2CA-IN;vehlong15;836;;;
STMI-SEC-1-DET-2CA-IN;vehlong16;837;;;
STMI-SEC-1-DET-2CA-IN;vehvel1;838;;;
STMI-SEC-1-DET-2CA-IN;vehvel2;839;;;
STMI-SEC-1-DET-2CA-IN;vehvel3;840;;;
STMI-SEC-1-DET-2CA-IN;vehvel4;841;;;
STMI-SEC-1-DET-2CA-IN;vehvel5;842;;;
STMI-SEC-1-DET-2CA-IN;vehvel6;843;;;
STMI-SEC-1-DET-2CA-IN;vehvel7;844;;;
STMI-SEC-1-DET-2CA-IN;vehvel8;845;;;
STMI-SEC-1-DET-2CA-IN;vehvel9;846;;;
STMI-SEC-1-DET-2CA-IN;vehvel10;847;;;
STMI-SEC-1-DET-2CA-IN;vehvel11;848;;;
STMI-SEC-1-DET-2CA-IN;vehvel12;849;;;
STMI-SEC-1-DET-2CA-IN;vehvel13;850;;;
STMI-SEC-1-DET-2CA-IN;vehvel14;851;;;
STMI-SEC-1-DET-2CA-IN;vehvel15;852;;;
STMI-SEC-1-DET-2CA-IN;vehvel16;853;;;
STMI-SEC-2-DET-3MA-OUT;periodo_integracion;854;;;
STMI-SEC-2-DET-3MA-OUT;fallo_datos;855;;;
STMI-SEC-2-DET-3MA-OUT;numero_detector;856;;;
STMI-SEC-2-DET-3MA-OUT;intensidad_total;857;;;
STMI-SEC-2-DET-3MA-OUT;ocupacion_espira_cabeza;858;;;
STMI-SEC-2-DET-3MA-OUT;deteccion_congestion;859;;;
STMI-SEC-2-DET-3MA-OUT;deteccion_intensidad_inversa;860;;;
STMI-SEC-2-DET-3MA-OUT;sentido_circulacion;861;;;
STMI-SEC-2-DET-3MA-OUT;velocidad_media;862;;;
STMI-SEC-2-DET-3MA-OUT;longitud_media;863;;;
STMI-SEC-2-DET-3MA-OUT;distancia_media;864;;;
STMI-SEC-2-DET-3MA-OUT;vehlong1;865;;;
STMI-SEC-2-DET-3MA-OUT;vehlong2;866;;;
STMI-SEC-2-DET-3MA-OUT;vehlong3;867;;;
STMI-SEC-2-DET-3MA-OUT;vehlong4;868;;;
STMI-SEC-2-DET-3MA-OUT;vehlong5;869;;;
STMI-SEC-2-DET-3MA-OUT;vehlong6;870;;;
STMI-SEC-2-DET-3MA-OUT;vehlong7;871;;;
STMI-SEC-2-DET-3MA-OUT;vehlong8;872;;;
STMI-SEC-2-DET-3MA-OUT;vehlong9;873;;;
STMI-SEC-2-DET-3MA-OUT;vehlong10;874;;;
STMI-SEC-2-DET-3MA-OUT;vehlong11;875;;;
STMI-SEC-2-DET-3MA-OUT;vehlong12;876;;;
STMI-SEC-2-DET-3MA-OUT;vehlong13;877;;;
STMI-SEC-2-DET-3MA-OUT;vehlong14;878;;;
STMI-SEC-2-DET-3MA-OUT;vehlong15;879;;;
STMI-SEC-2-DET-3MA-OUT;vehlong16;880;;;
STMI-SEC-2-DET-3MA-OUT;vehvel1;881;;;
STMI-SEC-2-DET-3MA-OUT;vehvel2;882;;;
STMI-SEC-2-DET-3MA-OUT;vehvel3;883;;;
STMI-SEC-2-DET-3MA-OUT;vehvel4;884;;;
STMI-SEC-2-DET-3MA-OUT;vehvel5;885;;;
STMI-SEC-2-DET-3MA-OUT;vehvel6;886;;;
STMI-SEC-2-DET-3MA-OUT;vehvel7;887;;;
STMI-SEC-2-DET-3MA-OUT;vehvel8;888;;;
STMI-SEC-2-DET-3MA-OUT;vehvel9;889;;;
STMI-SEC-2-DET-3MA-OUT;vehvel10;890;;;
STMI-SEC-2-DET-3MA-OUT;vehvel11;891;;;
STMI-SEC-2-DET-3MA-OUT;vehvel12;892;;;
STMI-SEC-2-DET-3MA-OUT;vehvel13;893;;;
STMI-SEC-2-DET-3MA-OUT;vehvel14;894;;;
STMI-SEC-2-DET-3MA-OUT;vehvel15;895;;;
STMI-SEC-2-DET-3MA-OUT;vehvel16;896;;;
STMI-SEC-2-DET-4MA-OUT;periodo_integracion;897;;;
STMI-SEC-2-DET-4MA-OUT;fallo_datos;898;;;
STMI-SEC-2-DET-4MA-OUT;numero_detector;899;;;
STMI-SEC-2-DET-4MA-OUT;intensidad_total;900;;;
STMI-SEC-2-DET-4MA-OUT;ocupacion_espira_cabeza;901;;;
STMI-SEC-2-DET-4MA-OUT;deteccion_congestion;902;;;
STMI-SEC-2-DET-4MA-OUT;deteccion_intensidad_inversa;903;;;
STMI-SEC-2-DET-4MA-OUT;sentido_circulacion;904;;;
STMI-SEC-2-DET-4MA-OUT;velocidad_media;905;;;
STMI-SEC-2-DET-4MA-OUT;longitud_media;906;;;
STMI-SEC-2-DET-4MA-OUT;distancia_media;907;;;
STMI-SEC-2-DET-4MA-OUT;vehlong1;908;;;
STMI-SEC-2-DET-4MA-OUT;vehlong2;909;;;
STMI-SEC-2-DET-4MA-OUT;vehlong3;910;;;
STMI-SEC-2-DET-4MA-OUT;vehlong4;911;;;
STMI-SEC-2-DET-4MA-OUT;vehlong5;912;;;
STMI-SEC-2-DET-4MA-OUT;vehlong6;913;;;
STMI-SEC-2-DET-4MA-OUT;vehlong7;914;;;
STMI-SEC-2-DET-4MA-OUT;vehlong8;915;;;
STMI-SEC-2-DET-4MA-OUT;vehlong9;916;;;
STMI-SEC-2-DET-4MA-OUT;vehlong10;917;;;
STMI-SEC-2-DET-4MA-OUT;vehlong11;918;;;
STMI-SEC-2-DET-4MA-OUT;vehlong12;919;;;
STMI-SEC-2-DET-4MA-OUT;vehlong13;920;;;
STMI-SEC-2-DET-4MA-OUT;vehlong14;921;;;
STMI-SEC-2-DET-4MA-OUT;vehlong15;922;;;
STMI-SEC-2-DET-4MA-OUT;vehlong16;923;;;
STMI-SEC-2-DET-4MA-OUT;vehvel1;924;;;
STMI-SEC-2-DET-4MA-OUT;vehvel2;925;;;
STMI-SEC-2-DET-4MA-OUT;vehvel3;926;;;
STMI-SEC-2-DET-4MA-OUT;vehvel4;927;;;
STMI-SEC-2-DET-4MA-OUT;vehvel5;928;;;
STMI-SEC-2-DET-4MA-OUT;vehvel6;929;;;
STMI-SEC-2-DET-4MA-OUT;vehvel7;930;;;
STMI-SEC-2-DET-4MA-OUT;vehvel8;931;;;
STMI-SEC-2-DET-4MA-OUT;vehvel9;932;;;
STMI-SEC-2-DET-4MA-OUT;vehvel10;933;;;
STMI-SEC-2-DET-4MA-OUT;vehvel11;934;;;
STMI-SEC-2-DET-4MA-OUT;vehvel12;935;;;
STMI-SEC-2-DET-4MA-OUT;vehvel13;936;;;
STMI-SEC-2-DET-4MA-OUT;vehvel14;937;;;
STMI-SEC-2-DET-4MA-OUT;vehvel15;938;;;
STMI-SEC-2-DET-4MA-OUT;vehvel16;939;;;
STMI-SEC-1-DET-1MA-IN;periodo_integracion;940;;;
STMI-SEC-1-DET-1MA-IN;fallo_datos;941;;;
STMI-SEC-1-DET-1MA-IN;numero_detector;942;;;
STMI-SEC-1-DET-1MA-IN;intensidad_total;943;;;
STMI-SEC-1-DET-1MA-IN;ocupacion_espira_cabeza;944;;;
STMI-SEC-1-DET-1MA-IN;deteccion_congestion;945;;;
STMI-SEC-1-DET-1MA-IN;deteccion_intensidad_inversa;946;;;
STMI-SEC-1-DET-1MA-IN;sentido_circulacion;947;;;
STMI-SEC-1-DET-1MA-IN;velocidad_media;948;;;
STMI-SEC-1-DET-1MA-IN;longitud_media;949;;;
STMI-SEC-1-DET-1MA-IN;distancia_media;950;;;
STMI-SEC-1-DET-1MA-IN;vehlong1;951;;;
STMI-SEC-1-DET-1MA-IN;vehlong2;952;;;
STMI-SEC-1-DET-1MA-IN;vehlong3;953;;;
STMI-SEC-1-DET-1MA-IN;vehlong4;954;;;
STMI-SEC-1-DET-1MA-IN;vehlong5;955;;;
STMI-SEC-1-DET-1MA-IN;vehlong6;956;;;
STMI-SEC-1-DET-1MA-IN;vehlong7;957;;;
STMI-SEC-1-DET-1MA-IN;vehlong8;958;;;
STMI-SEC-1-DET-1MA-IN;vehlong9;959;;;
STMI-SEC-1-DET-1MA-IN;vehlong10;960;;;
STMI-SEC-1-DET-1MA-IN;vehlong11;961;;;
STMI-SEC-1-DET-1MA-IN;vehlong12;962;;;
STMI-SEC-1-DET-1MA-IN;vehlong13;963;;;
STMI-SEC-1-DET-1MA-IN;vehlong14;964;;;
STMI-SEC-1-DET-1MA-IN;vehlong15;965;;;
STMI-SEC-1-DET-1MA-IN;vehlong16;966;;;
STMI-SEC-1-DET-1MA-IN;vehvel1;967;;;
STMI-SEC-1-DET-1MA-IN;vehvel2;968;;;
STMI-SEC-1-DET-1MA-IN;vehvel3;969;;;
STMI-SEC-1-DET-1MA-IN;vehvel4;970;;;
STMI-SEC-1-DET-1MA-IN;vehvel5;971;;;
STMI-SEC-1-DET-1MA-IN;vehvel6;972;;;
STMI-SEC-1-DET-1MA-IN;vehvel7;973;;;
STMI-SEC-1-DET-1MA-IN;vehvel8;974;;;
STMI-SEC-1-DET-1MA-IN;vehvel9;975;;;
STMI-SEC-1-DET-1MA-IN;vehvel10;976;;;
STMI-SEC-1-DET-1MA-IN;vehvel11;977;;;
STMI-SEC-1-DET-1MA-IN;vehvel12;978;;;
STMI-SEC-1-DET-1MA-IN;vehvel13;979;;;
STMI-SEC-1-DET-1MA-IN;vehvel14;980;;;
STMI-SEC-1-DET-1MA-IN;vehvel15;981;;;
STMI-SEC-1-DET-1MA-IN;vehvel16;982;;;
STMI-SEC-1-DET-2MA-IN;periodo_integracion;983;;;
STMI-SEC-1-DET-2MA-IN;fallo_datos;984;;;
STMI-SEC-1-DET-2MA-IN;numero_detector;985;;;
STMI-SEC-1-DET-2MA-IN;intensidad_total;986;;;
STMI-SEC-1-DET-2MA-IN;ocupacion_espira_cabeza;987;;;
STMI-SEC-1-DET-2MA-IN;deteccion_congestion;988;;;
STMI-SEC-1-DET-2MA-IN;deteccion_intensidad_inversa;989;;;
STMI-SEC-1-DET-2MA-IN;sentido_circulacion;990;;;
STMI-SEC-1-DET-2MA-IN;velocidad_media;991;;;
STMI-SEC-1-DET-2MA-IN;longitud_media;992;;;
STMI-SEC-1-DET-2MA-IN;distancia_media;993;;;
STMI-SEC-1-DET-2MA-IN;vehlong1;994;;;
STMI-SEC-1-DET-2MA-IN;vehlong2;995;;;
STMI-SEC-1-DET-2MA-IN;vehlong3;996;;;
STMI-SEC-1-DET-2MA-IN;vehlong4;997;;;
STMI-SEC-1-DET-2MA-IN;vehlong5;998;;;
STMI-SEC-1-DET-2MA-IN;vehlong6;999;;;
STMI-SEC-1-DET-2MA-IN;vehlong7;1000;;;
STMI-SEC-1-DET-2MA-IN;vehlong8;1001;;;
STMI-SEC-1-DET-2MA-IN;vehlong9;1002;;;
STMI-SEC-1-DET-2MA-IN;vehlong10;1003;;;
STMI-SEC-1-DET-2MA-IN;vehlong11;1004;;;
STMI-SEC-1-DET-2MA-IN;vehlong12;1005;;;
STMI-SEC-1-DET-2MA-IN;vehlong13;1006;;;
STMI-SEC-1-DET-2MA-IN;vehlong14;1007;;;
STMI-SEC-1-DET-2MA-IN;vehlong15;1008;;;
STMI-SEC-1-DET-2MA-IN;vehlong16;1009;;;
STMI-SEC-1-DET-2MA-IN;vehvel1;1010;;;
STMI-SEC-1-DET-2MA-IN;vehvel2;1011;;;
STMI-SEC-1-DET-2MA-IN;vehvel3;1012;;;
STMI-SEC-1-DET-2MA-IN;vehvel4;1013;;;
STMI-SEC-1-DET-2MA-IN;vehvel5;1014;;;
STMI-SEC-1-DET-2MA-IN;vehvel6;1015;;;
STMI-SEC-1-DET-2MA-IN;vehvel7;1016;;;
STMI-SEC-1-DET-2MA-IN;vehvel8;1017;;;
STMI-SEC-1-DET-2MA-IN;vehvel9;1018;;;
STMI-SEC-1-DET-2MA-IN;vehvel10;1019;;;
STMI-SEC-1-DET-2MA-IN;vehvel11;1020;;;
STMI-SEC-1-DET-2MA-IN;vehvel12;1021;;;
STMI-SEC-1-DET-2MA-IN;vehvel13;1022;;;
STMI-SEC-1-DET-2MA-IN;vehvel14;1023;;;
STMI-SEC-1-DET-2MA-IN;vehvel15;1024;;;
STMI-SEC-1-DET-2MA-IN;vehvel16;1025;;;
STMI-SEC-2-DET-3CA-OUT;periodo_integracion;1026;;;
STMI-SEC-2-DET-3CA-OUT;fallo_datos;1027;;;
STMI-SEC-2-DET-3CA-OUT;numero_detector;1028;;;
STMI-SEC-2-DET-3CA-OUT;intensidad_total;1029;;;
STMI-SEC-2-DET-3CA-OUT;ocupacion_espira_cabeza;1030;;;
STMI-SEC-2-DET-3CA-OUT;deteccion_congestion;1031;;;
STMI-SEC-2-DET-3CA-OUT;deteccion_intensidad_inversa;1032;;;
STMI-SEC-2-DET-3CA-OUT;sentido_circulacion;1033;;;
STMI-SEC-2-DET-3CA-OUT;velocidad_media;1034;;;
STMI-SEC-2-DET-3CA-OUT;longitud_media;1035;;;
STMI-SEC-2-DET-3CA-OUT;distancia_media;1036;;;
STMI-SEC-2-DET-3CA-OUT;vehlong1;1037;;;
STMI-SEC-2-DET-3CA-OUT;vehlong2;1038;;;
STMI-SEC-2-DET-3CA-OUT;vehlong3;1039;;;
STMI-SEC-2-DET-3CA-OUT;vehlong4;1040;;;
STMI-SEC-2-DET-3CA-OUT;vehlong5;1041;;;
STMI-SEC-2-DET-3CA-OUT;vehlong6;1042;;;
STMI-SEC-2-DET-3CA-OUT;vehlong7;1043;;;
STMI-SEC-2-DET-3CA-OUT;vehlong8;1044;;;
STMI-SEC-2-DET-3CA-OUT;vehlong9;1045;;;
STMI-SEC-2-DET-3CA-OUT;vehlong10;1046;;;
STMI-SEC-2-DET-3CA-OUT;vehlong11;1047;;;
STMI-SEC-2-DET-3CA-OUT;vehlong12;1048;;;
STMI-SEC-2-DET-3CA-OUT;vehlong13;1049;;;
STMI-SEC-2-DET-3CA-OUT;vehlong14;1050;;;
STMI-SEC-2-DET-3CA-OUT;vehlong15;1051;;;
STMI-SEC-2-DET-3CA-OUT;vehlong16;1052;;;
STMI-SEC-2-DET-3CA-OUT;vehvel1;1053;;;
STMI-SEC-2-DET-3CA-OUT;vehvel2;1054;;;
STMI-SEC-2-DET-3CA-OUT;vehvel3;1055;;;
STMI-SEC-2-DET-3CA-OUT;vehvel4;1056;;;
STMI-SEC-2-DET-3CA-OUT;vehvel5;1057;;;
STMI-SEC-2-DET-3CA-OUT;vehvel6;1058;;;
STMI-SEC-2-DET-3CA-OUT;vehvel7;1059;;;
STMI-SEC-2-DET-3CA-OUT;vehvel8;1060;;;
STMI-SEC-2-DET-3CA-OUT;vehvel9;1061;;;
STMI-SEC-2-DET-3CA-OUT;vehvel10;1062;;;
STMI-SEC-2-DET-3CA-OUT;vehvel11;1063;;;
STMI-SEC-2-DET-3CA-OUT;vehvel12;1064;;;
STMI-SEC-2-DET-3CA-OUT;vehvel13;1065;;;
STMI-SEC-2-DET-3CA-OUT;vehvel14;1066;;;
STMI-SEC-2-DET-3CA-OUT;vehvel15;1067;;;
STMI-SEC-2-DET-3CA-OUT;vehvel16;1068;;;
STMI-SEC-2-DET-4CA-OUT;periodo_integracion;1069;;;
STMI-SEC-2-DET-4CA-OUT;fallo_datos;1070;;;
STMI-SEC-2-DET-4CA-OUT;numero_detector;1071;;;
STMI-SEC-2-DET-4CA-OUT;intensidad_total;1072;;;
STMI-SEC-2-DET-4CA-OUT;ocupacion_espira_cabeza;1073;;;
STMI-SEC-2-DET-4CA-OUT;deteccion_congestion;1074;;;
STMI-SEC-2-DET-4CA-OUT;deteccion_intensidad_inversa;1075;;;
STMI-SEC-2-DET-4CA-OUT;sentido_circulacion;1076;;;
STMI-SEC-2-DET-4CA-OUT;velocidad_media;1077;;;
STMI-SEC-2-DET-4CA-OUT;longitud_media;1078;;;
STMI-SEC-2-DET-4CA-OUT;distancia_media;1079;;;
STMI-SEC-2-DET-4CA-OUT;vehlong1;1080;;;
STMI-SEC-2-DET-4CA-OUT;vehlong2;1081;;;
STMI-SEC-2-DET-4CA-OUT;vehlong3;1082;;;
STMI-SEC-2-DET-4CA-OUT;vehlong4;1083;;;
STMI-SEC-2-DET-4CA-OUT;vehlong5;1084;;;
STMI-SEC-2-DET-4CA-OUT;vehlong6;1085;;;
STMI-SEC-2-DET-4CA-OUT;vehlong7;1086;;;
STMI-SEC-2-DET-4CA-OUT;vehlong8;1087;;;
STMI-SEC-2-DET-4CA-OUT;vehlong9;1088;;;
STMI-SEC-2-DET-4CA-OUT;vehlong10;1089;;;
STMI-SEC-2-DET-4CA-OUT;vehlong11;1090;;;
STMI-SEC-2-DET-4CA-OUT;vehlong12;1091;;;
STMI-SEC-2-DET-4CA-OUT;vehlong13;1092;;;
STMI-SEC-2-DET-4CA-OUT;vehlong14;1093;;;
STMI-SEC-2-DET-4CA-OUT;vehlong15;1094;;;
STMI-SEC-2-DET-4CA-OUT;vehlong16;1095;;;
STMI-SEC-2-DET-4CA-OUT;vehvel1;1096;;;
STMI-SEC-2-DET-4CA-OUT;vehvel2;1097;;;
STMI-SEC-2-DET-4CA-OUT;vehvel3;1098;;;
STMI-SEC-2-DET-4CA-OUT;vehvel4;1099;;;
STMI-SEC-2-DET-4CA-OUT;vehvel5;1100;;;
STMI-SEC-2-DET-4CA-OUT;vehvel6;1101;;;
STMI-SEC-2-DET-4CA-OUT;vehvel7;1102;;;
STMI-SEC-2-DET-4CA-OUT;vehvel8;1103;;;
STMI-SEC-2-DET-4CA-OUT;vehvel9;1104;;;
STMI-SEC-2-DET-4CA-OUT;vehvel10;1105;;;
STMI-SEC-2-DET-4CA-OUT;vehvel11;1106;;;
STMI-SEC-2-DET-4CA-OUT;vehvel12;1107;;;
STMI-SEC-2-DET-4CA-OUT;vehvel13;1108;;;
STMI-SEC-2-DET-4CA-OUT;vehvel14;1109;;;
STMI-SEC-2-DET-4CA-OUT;vehvel15;1110;;;
STMI-SEC-2-DET-4CA-OUT;vehvel16;1111;;;
CH-SEC-1-DET-1CA-IN;periodo_integracion;1112;;;
CH-SEC-1-DET-1CA-IN;fallo_datos;1113;;;
CH-SEC-1-DET-1CA-IN;numero_detector;1114;;;
CH-SEC-1-DET-1CA-IN;intensidad_total;1115;;;
CH-SEC-1-DET-1CA-IN;ocupacion_espira_cabeza;1116;;;
CH-SEC-1-DET-1CA-IN;deteccion_congestion;1117;;;
CH-SEC-1-DET-1CA-IN;deteccion_intensidad_inversa;1118;;;
CH-SEC-1-DET-1CA-IN;sentido_circulacion;1119;;;
CH-SEC-1-DET-1CA-IN;velocidad_media;1120;;;
CH-SEC-1-DET-1CA-IN;longitud_media;1121;;;
CH-SEC-1-DET-1CA-IN;distancia_media;1122;;;
CH-SEC-1-DET-1CA-IN;vehlong1;1123;;;
CH-SEC-1-DET-1CA-IN;vehlong2;1124;;;
CH-SEC-1-DET-1CA-IN;vehlong3;1125;;;
CH-SEC-1-DET-1CA-IN;vehlong4;1126;;;
CH-SEC-1-DET-1CA-IN;vehlong5;1127;;;
CH-SEC-1-DET-1CA-IN;vehlong6;1128;;;
CH-SEC-1-DET-1CA-IN;vehlong7;1129;;;
CH-SEC-1-DET-1CA-IN;vehlong8;1130;;;
CH-SEC-1-DET-1CA-IN;vehlong9;1131;;;
CH-SEC-1-DET-1CA-IN;vehlong10;1132;;;
CH-SEC-1-DET-1CA-IN;vehlong11;1133;;;
CH-SEC-1-DET-1CA-IN;vehlong12;1134;;;
CH-SEC-1-DET-1CA-IN;vehlong13;1135;;;
CH-SEC-1-DET-1CA-IN;vehlong14;1136;;;
CH-SEC-1-DET-1CA-IN;vehlong15;1137;;;
CH-SEC-1-DET-1CA-IN;vehlong16;1138;;;
CH-SEC-1-DET-1CA-IN;vehvel1;1139;;;
CH-SEC-1-DET-1CA-IN;vehvel2;1140;;;
CH-SEC-1-DET-1CA-IN;vehvel3;1141;;;
CH-SEC-1-DET-1CA-IN;vehvel4;1142;;;
CH-SEC-1-DET-1CA-IN;vehvel5;1143;;;
CH-SEC-1-DET-1CA-IN;vehvel6;1144;;;
CH-SEC-1-DET-1CA-IN;vehvel7;1145;;;
CH-SEC-1-DET-1CA-IN;vehvel8;1146;;;
CH-SEC-1-DET-1CA-IN;vehvel9;1147;;;
CH-SEC-1-DET-1CA-IN;vehvel10;1148;;;
CH-SEC-1-DET-1CA-IN;vehvel11;1149;;;
CH-SEC-1-DET-1CA-IN;vehvel12;1150;;;
CH-SEC-1-DET-1CA-IN;vehvel13;1151;;;
CH-SEC-1-DET-1CA-IN;vehvel14;1152;;;
CH-SEC-1-DET-1CA-IN;vehvel15;1153;;;
CH-SEC-1-DET-1CA-IN;vehvel16;1154;;;
CH-SEC-1-DET-2CA-IN;periodo_integracion;1155;;;
CH-SEC-1-DET-2CA-IN;fallo_datos;1156;;;
CH-SEC-1-DET-2CA-IN;numero_detector;1157;;;
CH-SEC-1-DET-2CA-IN;intensidad_total;1158;;;
CH-SEC-1-DET-2CA-IN;ocupacion_espira_cabeza;1159;;;
CH-SEC-1-DET-2CA-IN;deteccion_congestion;1160;;;
CH-SEC-1-DET-2CA-IN;deteccion_intensidad_inversa;1161;;;
CH-SEC-1-DET-2CA-IN;sentido_circulacion;1162;;;
CH-SEC-1-DET-2CA-IN;velocidad_media;1163;;;
CH-SEC-1-DET-2CA-IN;longitud_media;1164;;;
CH-SEC-1-DET-2CA-IN;distancia_media;1165;;;
CH-SEC-1-DET-2CA-IN;vehlong1;1166;;;
CH-SEC-1-DET-2CA-IN;vehlong2;1167;;;
CH-SEC-1-DET-2CA-IN;vehlong3;1168;;;
CH-SEC-1-DET-2CA-IN;vehlong4;1169;;;
CH-SEC-1-DET-2CA-IN;vehlong5;1170;;;
CH-SEC-1-DET-2CA-IN;vehlong6;1171;;;
CH-SEC-1-DET-2CA-IN;vehlong7;1172;;;
CH-SEC-1-DET-2CA-IN;vehlong8;1173;;;
CH-SEC-1-DET-2CA-IN;vehlong9;1174;;;
CH-SEC-1-DET-2CA-IN;vehlong10;1175;;;
CH-SEC-1-DET-2CA-IN;vehlong11;1176;;;
CH-SEC-1-DET-2CA-IN;vehlong12;1177;;;
CH-SEC-1-DET-2CA-IN;vehlong13;1178;;;
CH-SEC-1-DET-2CA-IN;vehlong14;1179;;;
CH-SEC-1-DET-2CA-IN;vehlong15;1180;;;
CH-SEC-1-DET-2CA-IN;vehlong16;1181;;;
CH-SEC-1-DET-2CA-IN;vehvel1;1182;;;
CH-SEC-1-DET-2CA-IN;vehvel2;1183;;;
CH-SEC-1-DET-2CA-IN;vehvel3;1184;;;
CH-SEC-1-DET-2CA-IN;vehvel4;1185;;;
CH-SEC-1-DET-2CA-IN;vehvel5;1186;;;
CH-SEC-1-DET-2CA-IN;vehvel6;1187;;;
CH-SEC-1-DET-2CA-IN;vehvel7;1188;;;
CH-SEC-1-DET-2CA-IN;vehvel8;1189;;;
CH-SEC-1-DET-2CA-IN;vehvel9;1190;;;
CH-SEC-1-DET-2CA-IN;vehvel10;1191;;;
CH-SEC-1-DET-2CA-IN;vehvel11;1192;;;
CH-SEC-1-DET-2CA-IN;vehvel12;1193;;;
CH-SEC-1-DET-2CA-IN;vehvel13;1194;;;
CH-SEC-1-DET-2CA-IN;vehvel14;1195;;;
CH-SEC-1-DET-2CA-IN;vehvel15;1196;;;
CH-SEC-1-DET-2CA-IN;vehvel16;1197;;;
CH-SEC-2-DET-3MA-OUT;periodo_integracion;1198;;;
CH-SEC-2-DET-3MA-OUT;fallo_datos;1199;;;
CH-SEC-2-DET-3MA-OUT;numero_detector;1200;;;
CH-SEC-2-DET-3MA-OUT;intensidad_total;1201;;;
CH-SEC-2-DET-3MA-OUT;ocupacion_espira_cabeza;1202;;;
CH-SEC-2-DET-3MA-OUT;deteccion_congestion;1203;;;
CH-SEC-2-DET-3MA-OUT;deteccion_intensidad_inversa;1204;;;
CH-SEC-2-DET-3MA-OUT;sentido_circulacion;1205;;;
CH-SEC-2-DET-3MA-OUT;velocidad_media;1206;;;
CH-SEC-2-DET-3MA-OUT;longitud_media;1207;;;
CH-SEC-2-DET-3MA-OUT;distancia_media;1208;;;
CH-SEC-2-DET-3MA-OUT;vehlong1;1209;;;
CH-SEC-2-DET-3MA-OUT;vehlong2;1210;;;
CH-SEC-2-DET-3MA-OUT;vehlong3;1211;;;
CH-SEC-2-DET-3MA-OUT;vehlong4;1212;;;
CH-SEC-2-DET-3MA-OUT;vehlong5;1213;;;
CH-SEC-2-DET-3MA-OUT;vehlong6;1214;;;
CH-SEC-2-DET-3MA-OUT;vehlong7;1215;;;
CH-SEC-2-DET-3MA-OUT;vehlong8;1216;;;
CH-SEC-2-DET-3MA-OUT;vehlong9;1217;;;
CH-SEC-2-DET-3MA-OUT;vehlong10;1218;;;
CH-SEC-2-DET-3MA-OUT;vehlong11;1219;;;
CH-SEC-2-DET-3MA-OUT;vehlong12;1220;;;
CH-SEC-2-DET-3MA-OUT;vehlong13;1221;;;
CH-SEC-2-DET-3MA-OUT;vehlong14;1222;;;
CH-SEC-2-DET-3MA-OUT;vehlong15;1223;;;
CH-SEC-2-DET-3MA-OUT;vehlong16;1224;;;
CH-SEC-2-DET-3MA-OUT;vehvel1;1225;;;
CH-SEC-2-DET-3MA-OUT;vehvel2;1226;;;
CH-SEC-2-DET-3MA-OUT;vehvel3;1227;;;
CH-SEC-2-DET-3MA-OUT;vehvel4;1228;;;
CH-SEC-2-DET-3MA-OUT;vehvel5;1229;;;
CH-SEC-2-DET-3MA-OUT;vehvel6;1230;;;
CH-SEC-2-DET-3MA-OUT;vehvel7;1231;;;
CH-SEC-2-DET-3MA-OUT;vehvel8;1232;;;
CH-SEC-2-DET-3MA-OUT;vehvel9;1233;;;
CH-SEC-2-DET-3MA-OUT;vehvel10;1234;;;
CH-SEC-2-DET-3MA-OUT;vehvel11;1235;;;
CH-SEC-2-DET-3MA-OUT;vehvel12;1236;;;
CH-SEC-2-DET-3MA-OUT;vehvel13;1237;;;
CH-SEC-2-DET-3MA-OUT;vehvel14;1238;;;
CH-SEC-2-DET-3MA-OUT;vehvel15;1239;;;
CH-SEC-2-DET-3MA-OUT;vehvel16;1240;;;
CH-SEC-2-DET-4MA-OUT;periodo_integracion;1241;;;
CH-SEC-2-DET-4MA-OUT;fallo_datos;1242;;;
CH-SEC-2-DET-4MA-OUT;numero_detector;1243;;;
CH-SEC-2-DET-4MA-OUT;intensidad_total;1244;;;
CH-SEC-2-DET-4MA-OUT;ocupacion_espira_cabeza;1245;;;
CH-SEC-2-DET-4MA-OUT;deteccion_congestion;1246;;;
CH-SEC-2-DET-4MA-OUT;deteccion_intensidad_inversa;1247;;;
CH-SEC-2-DET-4MA-OUT;sentido_circulacion;1248;;;
CH-SEC-2-DET-4MA-OUT;velocidad_media;1249;;;
CH-SEC-2-DET-4MA-OUT;longitud_media;1250;;;
CH-SEC-2-DET-4MA-OUT;distancia_media;1251;;;
CH-SEC-2-DET-4MA-OUT;vehlong1;1252;;;
CH-SEC-2-DET-4MA-OUT;vehlong2;1253;;;
CH-SEC-2-DET-4MA-OUT;vehlong3;1254;;;
CH-SEC-2-DET-4MA-OUT;vehlong4;1255;;;
CH-SEC-2-DET-4MA-OUT;vehlong5;1256;;;
CH-SEC-2-DET-4MA-OUT;vehlong6;1257;;;
CH-SEC-2-DET-4MA-OUT;vehlong7;1258;;;
CH-SEC-2-DET-4MA-OUT;vehlong8;1259;;;
CH-SEC-2-DET-4MA-OUT;vehlong9;1260;;;
CH-SEC-2-DET-4MA-OUT;vehlong10;1261;;;
CH-SEC-2-DET-4MA-OUT;vehlong11;1262;;;
CH-SEC-2-DET-4MA-OUT;vehlong12;1263;;;
CH-SEC-2-DET-4MA-OUT;vehlong13;1264;;;
CH-SEC-2-DET-4MA-OUT;vehlong14;1265;;;
CH-SEC-2-DET-4MA-OUT;vehlong15;1266;;;
CH-SEC-2-DET-4MA-OUT;vehlong16;1267;;;
CH-SEC-2-DET-4MA-OUT;vehvel1;1268;;;
CH-SEC-2-DET-4MA-OUT;vehvel2;1269;;;
CH-SEC-2-DET-4MA-OUT;vehvel3;1270;;;
CH-SEC-2-DET-4MA-OUT;vehvel4;1271;;;
CH-SEC-2-DET-4MA-OUT;vehvel5;1272;;;
CH-SEC-2-DET-4MA-OUT;vehvel6;1273;;;
CH-SEC-2-DET-4MA-OUT;vehvel7;1274;;;
CH-SEC-2-DET-4MA-OUT;vehvel8;1275;;;
CH-SEC-2-DET-4MA-OUT;vehvel9;1276;;;
CH-SEC-2-DET-4MA-OUT;vehvel10;1277;;;
CH-SEC-2-DET-4MA-OUT;vehvel11;1278;;;
CH-SEC-2-DET-4MA-OUT;vehvel12;1279;;;
CH-SEC-2-DET-4MA-OUT;vehvel13;1280;;;
CH-SEC-2-DET-4MA-OUT;vehvel14;1281;;;
CH-SEC-2-DET-4MA-OUT;vehvel15;1282;;;
CH-SEC-2-DET-4MA-OUT;vehvel16;1283;;;
CH-SEC-1-DET-1MA-IN;periodo_integracion;1284;;;
CH-SEC-1-DET-1MA-IN;fallo_datos;1285;;;
CH-SEC-1-DET-1MA-IN;numero_detector;1286;;;
CH-SEC-1-DET-1MA-IN;intensidad_total;1287;;;
CH-SEC-1-DET-1MA-IN;ocupacion_espira_cabeza;1288;;;
CH-SEC-1-DET-1MA-IN;deteccion_congestion;1289;;;
CH-SEC-1-DET-1MA-IN;deteccion_intensidad_inversa;1290;;;
CH-SEC-1-DET-1MA-IN;sentido_circulacion;1291;;;
CH-SEC-1-DET-1MA-IN;velocidad_media;1292;;;
CH-SEC-1-DET-1MA-IN;longitud_media;1293;;;
CH-SEC-1-DET-1MA-IN;distancia_media;1294;;;
CH-SEC-1-DET-1MA-IN;vehlong1;1295;;;
CH-SEC-1-DET-1MA-IN;vehlong2;1296;;;
CH-SEC-1-DET-1MA-IN;vehlong3;1297;;;
CH-SEC-1-DET-1MA-IN;vehlong4;1298;;;
CH-SEC-1-DET-1MA-IN;vehlong5;1299;;;
CH-SEC-1-DET-1MA-IN;vehlong6;1300;;;
CH-SEC-1-DET-1MA-IN;vehlong7;1301;;;
CH-SEC-1-DET-1MA-IN;vehlong8;1302;;;
CH-SEC-1-DET-1MA-IN;vehlong9;1303;;;
CH-SEC-1-DET-1MA-IN;vehlong10;1304;;;
CH-SEC-1-DET-1MA-IN;vehlong11;1305;;;
CH-SEC-1-DET-1MA-IN;vehlong12;1306;;;
CH-SEC-1-DET-1MA-IN;vehlong13;1307;;;
CH-SEC-1-DET-1MA-IN;vehlong14;1308;;;
CH-SEC-1-DET-1MA-IN;vehlong15;1309;;;
CH-SEC-1-DET-1MA-IN;vehlong16;1310;;;
CH-SEC-1-DET-1MA-IN;vehvel1;1311;;;
CH-SEC-1-DET-1MA-IN;vehvel2;1312;;;
CH-SEC-1-DET-1MA-IN;vehvel3;1313;;;
CH-SEC-1-DET-1MA-IN;vehvel4;1314;;;
CH-SEC-1-DET-1MA-IN;vehvel5;1315;;;
CH-SEC-1-DET-1MA-IN;vehvel6;1316;;;
CH-SEC-1-DET-1MA-IN;vehvel7;1317;;;
CH-SEC-1-DET-1MA-IN;vehvel8;1318;;;
CH-SEC-1-DET-1MA-IN;vehvel9;1319;;;
CH-SEC-1-DET-1MA-IN;vehvel10;1320;;;
CH-SEC-1-DET-1MA-IN;vehvel11;1321;;;
CH-SEC-1-DET-1MA-IN;vehvel12;1322;;;
CH-SEC-1-DET-1MA-IN;vehvel13;1323;;;
CH-SEC-1-DET-1MA-IN;vehvel14;1324;;;
CH-SEC-1-DET-1MA-IN;vehvel15;1325;;;
CH-SEC-1-DET-1MA-IN;vehvel16;1326;;;
CH-SEC-1-DET-2MA-IN;periodo_integracion;1327;;;
CH-SEC-1-DET-2MA-IN;fallo_datos;1328;;;
CH-SEC-1-DET-2MA-IN;numero_detector;1329;;;
CH-SEC-1-DET-2MA-IN;intensidad_total;1330;;;
CH-SEC-1-DET-2MA-IN;ocupacion_espira_cabeza;1331;;;
CH-SEC-1-DET-2MA-IN;deteccion_congestion;1332;;;
CH-SEC-1-DET-2MA-IN;deteccion_intensidad_inversa;1333;;;
CH-SEC-1-DET-2MA-IN;sentido_circulacion;1334;;;
CH-SEC-1-DET-2MA-IN;velocidad_media;1335;;;
CH-SEC-1-DET-2MA-IN;longitud_media;1336;;;
CH-SEC-1-DET-2MA-IN;distancia_media;1337;;;
CH-SEC-1-DET-2MA-IN;vehlong1;1338;;;
CH-SEC-1-DET-2MA-IN;vehlong2;1339;;;
CH-SEC-1-DET-2MA-IN;vehlong3;1340;;;
CH-SEC-1-DET-2MA-IN;vehlong4;1341;;;
CH-SEC-1-DET-2MA-IN;vehlong5;1342;;;
CH-SEC-1-DET-2MA-IN;vehlong6;1343;;;
CH-SEC-1-DET-2MA-IN;vehlong7;1344;;;
CH-SEC-1-DET-2MA-IN;vehlong8;1345;;;
CH-SEC-1-DET-2MA-IN;vehlong9;1346;;;
CH-SEC-1-DET-2MA-IN;vehlong10;1347;;;
CH-SEC-1-DET-2MA-IN;vehlong11;1348;;;
CH-SEC-1-DET-2MA-IN;vehlong12;1349;;;
CH-SEC-1-DET-2MA-IN;vehlong13;1350;;;
CH-SEC-1-DET-2MA-IN;vehlong14;1351;;;
CH-SEC-1-DET-2MA-IN;vehlong15;1352;;;
CH-SEC-1-DET-2MA-IN;vehlong16;1353;;;
CH-SEC-1-DET-2MA-IN;vehvel1;1354;;;
CH-SEC-1-DET-2MA-IN;vehvel2;1355;;;
CH-SEC-1-DET-2MA-IN;vehvel3;1356;;;
CH-SEC-1-DET-2MA-IN;vehvel4;1357;;;
CH-SEC-1-DET-2MA-IN;vehvel5;1358;;;
CH-SEC-1-DET-2MA-IN;vehvel6;1359;;;
CH-SEC-1-DET-2MA-IN;vehvel7;1360;;;
CH-SEC-1-DET-2MA-IN;vehvel8;1361;;;
CH-SEC-1-DET-2MA-IN;vehvel9;1362;;;
CH-SEC-1-DET-2MA-IN;vehvel10;1363;;;
CH-SEC-1-DET-2MA-IN;vehvel11;1364;;;
CH-SEC-1-DET-2MA-IN;vehvel12;1365;;;
CH-SEC-1-DET-2MA-IN;vehvel13;1366;;;
CH-SEC-1-DET-2MA-IN;vehvel14;1367;;;
CH-SEC-1-DET-2MA-IN;vehvel15;1368;;;
CH-SEC-1-DET-2MA-IN;vehvel16;1369;;;
CH-SEC-2-DET-3CA-OUT;periodo_integracion;1370;;;
CH-SEC-2-DET-3CA-OUT;fallo_datos;1371;;;
CH-SEC-2-DET-3CA-OUT;numero_detector;1372;;;
CH-SEC-2-DET-3CA-OUT;intensidad_total;1373;;;
CH-SEC-2-DET-3CA-OUT;ocupacion_espira_cabeza;1374;;;
CH-SEC-2-DET-3CA-OUT;deteccion_congestion;1375;;;
CH-SEC-2-DET-3CA-OUT;deteccion_intensidad_inversa;1376;;;
CH-SEC-2-DET-3CA-OUT;sentido_circulacion;1377;;;
CH-SEC-2-DET-3CA-OUT;velocidad_media;1378;;;
CH-SEC-2-DET-3CA-OUT;longitud_media;1379;;;
CH-SEC-2-DET-3CA-OUT;distancia_media;1380;;;
CH-SEC-2-DET-3CA-OUT;vehlong1;1381;;;
CH-SEC-2-DET-3CA-OUT;vehlong2;1382;;;
CH-SEC-2-DET-3CA-OUT;vehlong3;1383;;;
CH-SEC-2-DET-3CA-OUT;vehlong4;1384;;;
CH-SEC-2-DET-3CA-OUT;vehlong5;1385;;;
CH-SEC-2-DET-3CA-OUT;vehlong6;1386;;;
CH-SEC-2-DET-3CA-OUT;vehlong7;1387;;;
CH-SEC-2-DET-3CA-OUT;vehlong8;1388;;;
CH-SEC-2-DET-3CA-OUT;vehlong9;1389;;;
CH-SEC-2-DET-3CA-OUT;vehlong10;1390;;;
CH-SEC-2-DET-3CA-OUT;vehlong11;1391;;;
CH-SEC-2-DET-3CA-OUT;vehlong12;1392;;;
CH-SEC-2-DET-3CA-OUT;vehlong13;1393;;;
CH-SEC-2-DET-3CA-OUT;vehlong14;1394;;;
CH-SEC-2-DET-3CA-OUT;vehlong15;1395;;;
CH-SEC-2-DET-3CA-OUT;vehlong16;1396;;;
CH-SEC-2-DET-3CA-OUT;vehvel1;1397;;;
CH-SEC-2-DET-3CA-OUT;vehvel2;1398;;;
CH-SEC-2-DET-3CA-OUT;vehvel3;1399;;;
CH-SEC-2-DET-3CA-OUT;vehvel4;1400;;;
CH-SEC-2-DET-3CA-OUT;vehvel5;1401;;;
CH-SEC-2-DET-3CA-OUT;vehvel6;1402;;;
CH-SEC-2-DET-3CA-OUT;vehvel7;1403;;;
CH-SEC-2-DET-3CA-OUT;vehvel8;1404;;;
CH-SEC-2-DET-3CA-OUT;vehvel9;1405;;;
CH-SEC-2-DET-3CA-OUT;vehvel10;1406;;;
CH-SEC-2-DET-3CA-OUT;vehvel11;1407;;;
CH-SEC-2-DET-3CA-OUT;vehvel12;1408;;;
CH-SEC-2-DET-3CA-OUT;vehvel13;1409;;;
CH-SEC-2-DET-3CA-OUT;vehvel14;1410;;;
CH-SEC-2-DET-3CA-OUT;vehvel15;1411;;;
CH-SEC-2-DET-3CA-OUT;vehvel16;1412;;;
CH-SEC-2-DET-4CA-OUT;periodo_integracion;1413;;;
CH-SEC-2-DET-4CA-OUT;fallo_datos;1414;;;
CH-SEC-2-DET-4CA-OUT;numero_detector;1415;;;
CH-SEC-2-DET-4CA-OUT;intensidad_total;1416;;;
CH-SEC-2-DET-4CA-OUT;ocupacion_espira_cabeza;1417;;;
CH-SEC-2-DET-4CA-OUT;deteccion_congestion;1418;;;
CH-SEC-2-DET-4CA-OUT;deteccion_intensidad_inversa;1419;;;
CH-SEC-2-DET-4CA-OUT;sentido_circulacion;1420;;;
CH-SEC-2-DET-4CA-OUT;velocidad_media;1421;;;
CH-SEC-2-DET-4CA-OUT;longitud_media;1422;;;
CH-SEC-2-DET-4CA-OUT;distancia_media;1423;;;
CH-SEC-2-DET-4CA-OUT;vehlong1;1424;;;
CH-SEC-2-DET-4CA-OUT;vehlong2;1425;;;
CH-SEC-2-DET-4CA-OUT;vehlong3;1426;;;
CH-SEC-2-DET-4CA-OUT;vehlong4;1427;;;
CH-SEC-2-DET-4CA-OUT;vehlong5;1428;;;
CH-SEC-2-DET-4CA-OUT;vehlong6;1429;;;
CH-SEC-2-DET-4CA-OUT;vehlong7;1430;;;
CH-SEC-2-DET-4CA-OUT;vehlong8;1431;;;
CH-SEC-2-DET-4CA-OUT;vehlong9;1432;;;
CH-SEC-2-DET-4CA-OUT;vehlong10;1433;;;
CH-SEC-2-DET-4CA-OUT;vehlong11;1434;;;
CH-SEC-2-DET-4CA-OUT;vehlong12;1435;;;
CH-SEC-2-DET-4CA-OUT;vehlong13;1436;;;
CH-SEC-2-DET-4CA-OUT;vehlong14;1437;;;
CH-SEC-2-DET-4CA-OUT;vehlong15;1438;;;
CH-SEC-2-DET-4CA-OUT;vehlong16;1439;;;
CH-SEC-2-DET-4CA-OUT;vehvel1;1440;;;
CH-SEC-2-DET-4CA-OUT;vehvel2;1441;;;
CH-SEC-2-DET-4CA-OUT;vehvel3;1442;;;
CH-SEC-2-DET-4CA-OUT;vehvel4;1443;;;
CH-SEC-2-DET-4CA-OUT;vehvel5;1444;;;
CH-SEC-2-DET-4CA-OUT;vehvel6;1445;;;
CH-SEC-2-DET-4CA-OUT;vehvel7;1446;;;
CH-SEC-2-DET-4CA-OUT;vehvel8;1447;;;
CH-SEC-2-DET-4CA-OUT;vehvel9;1448;;;
CH-SEC-2-DET-4CA-OUT;vehvel10;1449;;;
CH-SEC-2-DET-4CA-OUT;vehvel11;1450;;;
CH-SEC-2-DET-4CA-OUT;vehvel12;1451;;;
CH-SEC-2-DET-4CA-OUT;vehvel13;1452;;;
CH-SEC-2-DET-4CA-OUT;vehvel14;1453;;;
CH-SEC-2-DET-4CA-OUT;vehvel15;1454;;;
CH-SEC-2-DET-4CA-OUT;vehvel16;1455;;;
LQ-SEC-1-DET-1CA-IN;periodo_integracion;1456;;;
LQ-SEC-1-DET-1CA-IN;fallo_datos;1457;;;
LQ-SEC-1-DET-1CA-IN;numero_detector;1458;;;
LQ-SEC-1-DET-1CA-IN;intensidad_total;1459;;;
LQ-SEC-1-DET-1CA-IN;ocupacion_espira_cabeza;1460;;;
LQ-SEC-1-DET-1CA-IN;deteccion_congestion;1461;;;
LQ-SEC-1-DET-1CA-IN;deteccion_intensidad_inversa;1462;;;
LQ-SEC-1-DET-1CA-IN;sentido_circulacion;1463;;;
LQ-SEC-1-DET-1CA-IN;velocidad_media;1464;;;
LQ-SEC-1-DET-1CA-IN;longitud_media;1465;;;
LQ-SEC-1-DET-1CA-IN;distancia_media;1466;;;
LQ-SEC-1-DET-1CA-IN;vehlong1;1467;;;
LQ-SEC-1-DET-1CA-IN;vehlong2;1468;;;
LQ-SEC-1-DET-1CA-IN;vehlong3;1469;;;
LQ-SEC-1-DET-1CA-IN;vehlong4;1470;;;
LQ-SEC-1-DET-1CA-IN;vehlong5;1471;;;
LQ-SEC-1-DET-1CA-IN;vehlong6;1472;;;
LQ-SEC-1-DET-1CA-IN;vehlong7;1473;;;
LQ-SEC-1-DET-1CA-IN;vehlong8;1474;;;
LQ-SEC-1-DET-1CA-IN;vehlong9;1475;;;
LQ-SEC-1-DET-1CA-IN;vehlong10;1476;;;
LQ-SEC-1-DET-1CA-IN;vehlong11;1477;;;
LQ-SEC-1-DET-1CA-IN;vehlong12;1478;;;
LQ-SEC-1-DET-1CA-IN;vehlong13;1479;;;
LQ-SEC-1-DET-1CA-IN;vehlong14;1480;;;
LQ-SEC-1-DET-1CA-IN;vehlong15;1481;;;
LQ-SEC-1-DET-1CA-IN;vehlong16;1482;;;
LQ-SEC-1-DET-1CA-IN;vehvel1;1483;;;
LQ-SEC-1-DET-1CA-IN;vehvel2;1484;;;
LQ-SEC-1-DET-1CA-IN;vehvel3;1485;;;
LQ-SEC-1-DET-1CA-IN;vehvel4;1486;;;
LQ-SEC-1-DET-1CA-IN;vehvel5;1487;;;
LQ-SEC-1-DET-1CA-IN;vehvel6;1488;;;
LQ-SEC-1-DET-1CA-IN;vehvel7;1489;;;
LQ-SEC-1-DET-1CA-IN;vehvel8;1490;;;
LQ-SEC-1-DET-1CA-IN;vehvel9;1491;;;
LQ-SEC-1-DET-1CA-IN;vehvel10;1492;;;
LQ-SEC-1-DET-1CA-IN;vehvel11;1493;;;
LQ-SEC-1-DET-1CA-IN;vehvel12;1494;;;
LQ-SEC-1-DET-1CA-IN;vehvel13;1495;;;
LQ-SEC-1-DET-1CA-IN;vehvel14;1496;;;
LQ-SEC-1-DET-1CA-IN;vehvel15;1497;;;
LQ-SEC-1-DET-1CA-IN;vehvel16;1498;;;
LQ-SEC-1-DET-2CA-IN;periodo_integracion;1499;;;
LQ-SEC-1-DET-2CA-IN;fallo_datos;1500;;;
LQ-SEC-1-DET-2CA-IN;numero_detector;1501;;;
LQ-SEC-1-DET-2CA-IN;intensidad_total;1502;;;
LQ-SEC-1-DET-2CA-IN;ocupacion_espira_cabeza;1503;;;
LQ-SEC-1-DET-2CA-IN;deteccion_congestion;1504;;;
LQ-SEC-1-DET-2CA-IN;deteccion_intensidad_inversa;1505;;;
LQ-SEC-1-DET-2CA-IN;sentido_circulacion;1506;;;
LQ-SEC-1-DET-2CA-IN;velocidad_media;1507;;;
LQ-SEC-1-DET-2CA-IN;longitud_media;1508;;;
LQ-SEC-1-DET-2CA-IN;distancia_media;1509;;;
LQ-SEC-1-DET-2CA-IN;vehlong1;1510;;;
LQ-SEC-1-DET-2CA-IN;vehlong2;1511;;;
LQ-SEC-1-DET-2CA-IN;vehlong3;1512;;;
LQ-SEC-1-DET-2CA-IN;vehlong4;1513;;;
LQ-SEC-1-DET-2CA-IN;vehlong5;1514;;;
LQ-SEC-1-DET-2CA-IN;vehlong6;1515;;;
LQ-SEC-1-DET-2CA-IN;vehlong7;1516;;;
LQ-SEC-1-DET-2CA-IN;vehlong8;1517;;;
LQ-SEC-1-DET-2CA-IN;vehlong9;1518;;;
LQ-SEC-1-DET-2CA-IN;vehlong10;1519;;;
LQ-SEC-1-DET-2CA-IN;vehlong11;1520;;;
LQ-SEC-1-DET-2CA-IN;vehlong12;1521;;;
LQ-SEC-1-DET-2CA-IN;vehlong13;1522;;;
LQ-SEC-1-DET-2CA-IN;vehlong14;1523;;;
LQ-SEC-1-DET-2CA-IN;vehlong15;1524;;;
LQ-SEC-1-DET-2CA-IN;vehlong16;1525;;;
LQ-SEC-1-DET-2CA-IN;vehvel1;1526;;;
LQ-SEC-1-DET-2CA-IN;vehvel2;1527;;;
LQ-SEC-1-DET-2CA-IN;vehvel3;1528;;;
LQ-SEC-1-DET-2CA-IN;vehvel4;1529;;;
LQ-SEC-1-DET-2CA-IN;vehvel5;1530;;;
LQ-SEC-1-DET-2CA-IN;vehvel6;1531;;;
LQ-SEC-1-DET-2CA-IN;vehvel7;1532;;;
LQ-SEC-1-DET-2CA-IN;vehvel8;1533;;;
LQ-SEC-1-DET-2CA-IN;vehvel9;1534;;;
LQ-SEC-1-DET-2CA-IN;vehvel10;1535;;;
LQ-SEC-1-DET-2CA-IN;vehvel11;1536;;;
LQ-SEC-1-DET-2CA-IN;vehvel12;1537;;;
LQ-SEC-1-DET-2CA-IN;vehvel13;1538;;;
LQ-SEC-1-DET-2CA-IN;vehvel14;1539;;;
LQ-SEC-1-DET-2CA-IN;vehvel15;1540;;;
LQ-SEC-1-DET-2CA-IN;vehvel16;1541;;;
LQ-SEC-2-DET-3MA-OUT;periodo_integracion;1542;;;
LQ-SEC-2-DET-3MA-OUT;fallo_datos;1543;;;
LQ-SEC-2-DET-3MA-OUT;numero_detector;1544;;;
LQ-SEC-2-DET-3MA-OUT;intensidad_total;1545;;;
LQ-SEC-2-DET-3MA-OUT;ocupacion_espira_cabeza;1546;;;
LQ-SEC-2-DET-3MA-OUT;deteccion_congestion;1547;;;
LQ-SEC-2-DET-3MA-OUT;deteccion_intensidad_inversa;1548;;;
LQ-SEC-2-DET-3MA-OUT;sentido_circulacion;1549;;;
LQ-SEC-2-DET-3MA-OUT;velocidad_media;1550;;;
LQ-SEC-2-DET-3MA-OUT;longitud_media;1551;;;
LQ-SEC-2-DET-3MA-OUT;distancia_media;1552;;;
LQ-SEC-2-DET-3MA-OUT;vehlong1;1553;;;
LQ-SEC-2-DET-3MA-OUT;vehlong2;1554;;;
LQ-SEC-2-DET-3MA-OUT;vehlong3;1555;;;
LQ-SEC-2-DET-3MA-OUT;vehlong4;1556;;;
LQ-SEC-2-DET-3MA-OUT;vehlong5;1557;;;
LQ-SEC-2-DET-3MA-OUT;vehlong6;1558;;;
LQ-SEC-2-DET-3MA-OUT;vehlong7;1559;;;
LQ-SEC-2-DET-3MA-OUT;vehlong8;1560;;;
LQ-SEC-2-DET-3MA-OUT;vehlong9;1561;;;
LQ-SEC-2-DET-3MA-OUT;vehlong10;1562;;;
LQ-SEC-2-DET-3MA-OUT;vehlong11;1563;;;
LQ-SEC-2-DET-3MA-OUT;vehlong12;1564;;;
LQ-SEC-2-DET-3MA-OUT;vehlong13;1565;;;
LQ-SEC-2-DET-3MA-OUT;vehlong14;1566;;;
LQ-SEC-2-DET-3MA-OUT;vehlong15;1567;;;
LQ-SEC-2-DET-3MA-OUT;vehlong16;1568;;;
LQ-SEC-2-DET-3MA-OUT;vehvel1;1569;;;
LQ-SEC-2-DET-3MA-OUT;vehvel2;1570;;;
LQ-SEC-2-DET-3MA-OUT;vehvel3;1571;;;
LQ-SEC-2-DET-3MA-OUT;vehvel4;1572;;;
LQ-SEC-2-DET-3MA-OUT;vehvel5;1573;;;
LQ-SEC-2-DET-3MA-OUT;vehvel6;1574;;;
LQ-SEC-2-DET-3MA-OUT;vehvel7;1575;;;
LQ-SEC-2-DET-3MA-OUT;vehvel8;1576;;;
LQ-SEC-2-DET-3MA-OUT;vehvel9;1577;;;
LQ-SEC-2-DET-3MA-OUT;vehvel10;1578;;;
LQ-SEC-2-DET-3MA-OUT;vehvel11;1579;;;
LQ-SEC-2-DET-3MA-OUT;vehvel12;1580;;;
LQ-SEC-2-DET-3MA-OUT;vehvel13;1581;;;
LQ-SEC-2-DET-3MA-OUT;vehvel14;1582;;;
LQ-SEC-2-DET-3MA-OUT;vehvel15;1583;;;
LQ-SEC-2-DET-3MA-OUT;vehvel16;1584;;;
LQ-SEC-2-DET-4MA-OUT;periodo_integracion;1585;;;
LQ-SEC-2-DET-4MA-OUT;fallo_datos;1586;;;
LQ-SEC-2-DET-4MA-OUT;numero_detector;1587;;;
LQ-SEC-2-DET-4MA-OUT;intensidad_total;1588;;;
LQ-SEC-2-DET-4MA-OUT;ocupacion_espira_cabeza;1589;;;
LQ-SEC-2-DET-4MA-OUT;deteccion_congestion;1590;;;
LQ-SEC-2-DET-4MA-OUT;deteccion_intensidad_inversa;1591;;;
LQ-SEC-2-DET-4MA-OUT;sentido_circulacion;1592;;;
LQ-SEC-2-DET-4MA-OUT;velocidad_media;1593;;;
LQ-SEC-2-DET-4MA-OUT;longitud_media;1594;;;
LQ-SEC-2-DET-4MA-OUT;distancia_media;1595;;;
LQ-SEC-2-DET-4MA-OUT;vehlong1;1596;;;
LQ-SEC-2-DET-4MA-OUT;vehlong2;1597;;;
LQ-SEC-2-DET-4MA-OUT;vehlong3;1598;;;
LQ-SEC-2-DET-4MA-OUT;vehlong4;1599;;;
LQ-SEC-2-DET-4MA-OUT;vehlong5;1600;;;
LQ-SEC-2-DET-4MA-OUT;vehlong6;1601;;;
LQ-SEC-2-DET-4MA-OUT;vehlong7;1602;;;
LQ-SEC-2-DET-4MA-OUT;vehlong8;1603;;;
LQ-SEC-2-DET-4MA-OUT;vehlong9;1604;;;
LQ-SEC-2-DET-4MA-OUT;vehlong10;1605;;;
LQ-SEC-2-DET-4MA-OUT;vehlong11;1606;;;
LQ-SEC-2-DET-4MA-OUT;vehlong12;1607;;;
LQ-SEC-2-DET-4MA-OUT;vehlong13;1608;;;
LQ-SEC-2-DET-4MA-OUT;vehlong14;1609;;;
LQ-SEC-2-DET-4MA-OUT;vehlong15;1610;;;
LQ-SEC-2-DET-4MA-OUT;vehlong16;1611;;;
LQ-SEC-2-DET-4MA-OUT;vehvel1;1612;;;
LQ-SEC-2-DET-4MA-OUT;vehvel2;1613;;;
LQ-SEC-2-DET-4MA-OUT;vehvel3;1614;;;
LQ-SEC-2-DET-4MA-OUT;vehvel4;1615;;;
LQ-SEC-2-DET-4MA-OUT;vehvel5;1616;;;
LQ-SEC-2-DET-4MA-OUT;vehvel6;1617;;;
LQ-SEC-2-DET-4MA-OUT;vehvel7;1618;;;
LQ-SEC-2-DET-4MA-OUT;vehvel8;1619;;;
LQ-SEC-2-DET-4MA-OUT;vehvel9;1620;;;
LQ-SEC-2-DET-4MA-OUT;vehvel10;1621;;;
LQ-SEC-2-DET-4MA-OUT;vehvel11;1622;;;
LQ-SEC-2-DET-4MA-OUT;vehvel12;1623;;;
LQ-SEC-2-DET-4MA-OUT;vehvel13;1624;;;
LQ-SEC-2-DET-4MA-OUT;vehvel14;1625;;;
LQ-SEC-2-DET-4MA-OUT;vehvel15;1626;;;
LQ-SEC-2-DET-4MA-OUT;vehvel16;1627;;;
LQ-SEC-1-DET-1MA-IN;periodo_integracion;1628;;;
LQ-SEC-1-DET-1MA-IN;fallo_datos;1629;;;
LQ-SEC-1-DET-1MA-IN;numero_detector;1630;;;
LQ-SEC-1-DET-1MA-IN;intensidad_total;1631;;;
LQ-SEC-1-DET-1MA-IN;ocupacion_espira_cabeza;1632;;;
LQ-SEC-1-DET-1MA-IN;deteccion_congestion;1633;;;
LQ-SEC-1-DET-1MA-IN;deteccion_intensidad_inversa;1634;;;
LQ-SEC-1-DET-1MA-IN;sentido_circulacion;1635;;;
LQ-SEC-1-DET-1MA-IN;velocidad_media;1636;;;
LQ-SEC-1-DET-1MA-IN;longitud_media;1637;;;
LQ-SEC-1-DET-1MA-IN;distancia_media;1638;;;
LQ-SEC-1-DET-1MA-IN;vehlong1;1639;;;
LQ-SEC-1-DET-1MA-IN;vehlong2;1640;;;
LQ-SEC-1-DET-1MA-IN;vehlong3;1641;;;
LQ-SEC-1-DET-1MA-IN;vehlong4;1642;;;
LQ-SEC-1-DET-1MA-IN;vehlong5;1643;;;
LQ-SEC-1-DET-1MA-IN;vehlong6;1644;;;
LQ-SEC-1-DET-1MA-IN;vehlong7;1645;;;
LQ-SEC-1-DET-1MA-IN;vehlong8;1646;;;
LQ-SEC-1-DET-1MA-IN;vehlong9;1647;;;
LQ-SEC-1-DET-1MA-IN;vehlong10;1648;;;
LQ-SEC-1-DET-1MA-IN;vehlong11;1649;;;
LQ-SEC-1-DET-1MA-IN;vehlong12;1650;;;
LQ-SEC-1-DET-1MA-IN;vehlong13;1651;;;
LQ-SEC-1-DET-1MA-IN;vehlong14;1652;;;
LQ-SEC-1-DET-1MA-IN;vehlong15;1653;;;
LQ-SEC-1-DET-1MA-IN;vehlong16;1654;;;
LQ-SEC-1-DET-1MA-IN;vehvel1;1655;;;
LQ-SEC-1-DET-1MA-IN;vehvel2;1656;;;
LQ-SEC-1-DET-1MA-IN;vehvel3;1657;;;
LQ-SEC-1-DET-1MA-IN;vehvel4;1658;;;
LQ-SEC-1-DET-1MA-IN;vehvel5;1659;;;
LQ-SEC-1-DET-1MA-IN;vehvel6;1660;;;
LQ-SEC-1-DET-1MA-IN;vehvel7;1661;;;
LQ-SEC-1-DET-1MA-IN;vehvel8;1662;;;
LQ-SEC-1-DET-1MA-IN;vehvel9;1663;;;
LQ-SEC-1-DET-1MA-IN;vehvel10;1664;;;
LQ-SEC-1-DET-1MA-IN;vehvel11;1665;;;
LQ-SEC-1-DET-1MA-IN;vehvel12;1666;;;
LQ-SEC-1-DET-1MA-IN;vehvel13;1667;;;
LQ-SEC-1-DET-1MA-IN;vehvel14;1668;;;
LQ-SEC-1-DET-1MA-IN;vehvel15;1669;;;
LQ-SEC-1-DET-1MA-IN;vehvel16;1670;;;
LQ-SEC-1-DET-2MA-IN;periodo_integracion;1671;;;
LQ-SEC-1-DET-2MA-IN;fallo_datos;1672;;;
LQ-SEC-1-DET-2MA-IN;numero_detector;1673;;;
LQ-SEC-1-DET-2MA-IN;intensidad_total;1674;;;
LQ-SEC-1-DET-2MA-IN;ocupacion_espira_cabeza;1675;;;
LQ-SEC-1-DET-2MA-IN;deteccion_congestion;1676;;;
LQ-SEC-1-DET-2MA-IN;deteccion_intensidad_inversa;1677;;;
LQ-SEC-1-DET-2MA-IN;sentido_circulacion;1678;;;
LQ-SEC-1-DET-2MA-IN;velocidad_media;1679;;;
LQ-SEC-1-DET-2MA-IN;longitud_media;1680;;;
LQ-SEC-1-DET-2MA-IN;distancia_media;1681;;;
LQ-SEC-1-DET-2MA-IN;vehlong1;1682;;;
LQ-SEC-1-DET-2MA-IN;vehlong2;1683;;;
LQ-SEC-1-DET-2MA-IN;vehlong3;1684;;;
LQ-SEC-1-DET-2MA-IN;vehlong4;1685;;;
LQ-SEC-1-DET-2MA-IN;vehlong5;1686;;;
LQ-SEC-1-DET-2MA-IN;vehlong6;1687;;;
LQ-SEC-1-DET-2MA-IN;vehlong7;1688;;;
LQ-SEC-1-DET-2MA-IN;vehlong8;1689;;;
LQ-SEC-1-DET-2MA-IN;vehlong9;1690;;;
LQ-SEC-1-DET-2MA-IN;vehlong10;1691;;;
LQ-SEC-1-DET-2MA-IN;vehlong11;1692;;;
LQ-SEC-1-DET-2MA-IN;vehlong12;1693;;;
LQ-SEC-1-DET-2MA-IN;vehlong13;1694;;;
LQ-SEC-1-DET-2MA-IN;vehlong14;1695;;;
LQ-SEC-1-DET-2MA-IN;vehlong15;1696;;;
LQ-SEC-1-DET-2MA-IN;vehlong16;1697;;;
LQ-SEC-1-DET-2MA-IN;vehvel1;1698;;;
LQ-SEC-1-DET-2MA-IN;vehvel2;1699;;;
LQ-SEC-1-DET-2MA-IN;vehvel3;1700;;;
LQ-SEC-1-DET-2MA-IN;vehvel4;1701;;;
LQ-SEC-1-DET-2MA-IN;vehvel5;1702;;;
LQ-SEC-1-DET-2MA-IN;vehvel6;1703;;;
LQ-SEC-1-DET-2MA-IN;vehvel7;1704;;;
LQ-SEC-1-DET-2MA-IN;vehvel8;1705;;;
LQ-SEC-1-DET-2MA-IN;vehvel9;1706;;;
LQ-SEC-1-DET-2MA-IN;vehvel10;1707;;;
LQ-SEC-1-DET-2MA-IN;vehvel11;1708;;;
LQ-SEC-1-DET-2MA-IN;vehvel12;1709;;;
LQ-SEC-1-DET-2MA-IN;vehvel13;1710;;;
LQ-SEC-1-DET-2MA-IN;vehvel14;1711;;;
LQ-SEC-1-DET-2MA-IN;vehvel15;1712;;;
LQ-SEC-1-DET-2MA-IN;vehvel16;1713;;;
LQ-SEC-2-DET-3CA-OUT;periodo_integracion;1714;;;
LQ-SEC-2-DET-3CA-OUT;fallo_datos;1715;;;
LQ-SEC-2-DET-3CA-OUT;numero_detector;1716;;;
LQ-SEC-2-DET-3CA-OUT;intensidad_total;1717;;;
LQ-SEC-2-DET-3CA-OUT;ocupacion_espira_cabeza;1718;;;
LQ-SEC-2-DET-3CA-OUT;deteccion_congestion;1719;;;
LQ-SEC-2-DET-3CA-OUT;deteccion_intensidad_inversa;1720;;;
LQ-SEC-2-DET-3CA-OUT;sentido_circulacion;1721;;;
LQ-SEC-2-DET-3CA-OUT;velocidad_media;1722;;;
LQ-SEC-2-DET-3CA-OUT;longitud_media;1723;;;
LQ-SEC-2-DET-3CA-OUT;distancia_media;1724;;;
LQ-SEC-2-DET-3CA-OUT;vehlong1;1725;;;
LQ-SEC-2-DET-3CA-OUT;vehlong2;1726;;;
LQ-SEC-2-DET-3CA-OUT;vehlong3;1727;;;
LQ-SEC-2-DET-3CA-OUT;vehlong4;1728;;;
LQ-SEC-2-DET-3CA-OUT;vehlong5;1729;;;
LQ-SEC-2-DET-3CA-OUT;vehlong6;1730;;;
LQ-SEC-2-DET-3CA-OUT;vehlong7;1731;;;
LQ-SEC-2-DET-3CA-OUT;vehlong8;1732;;;
LQ-SEC-2-DET-3CA-OUT;vehlong9;1733;;;
LQ-SEC-2-DET-3CA-OUT;vehlong10;1734;;;
LQ-SEC-2-DET-3CA-OUT;vehlong11;1735;;;
LQ-SEC-2-DET-3CA-OUT;vehlong12;1736;;;
LQ-SEC-2-DET-3CA-OUT;vehlong13;1737;;;
LQ-SEC-2-DET-3CA-OUT;vehlong14;1738;;;
LQ-SEC-2-DET-3CA-OUT;vehlong15;1739;;;
LQ-SEC-2-DET-3CA-OUT;vehlong16;1740;;;
LQ-SEC-2-DET-3CA-OUT;vehvel1;1741;;;
LQ-SEC-2-DET-3CA-OUT;vehvel2;1742;;;
LQ-SEC-2-DET-3CA-OUT;vehvel3;1743;;;
LQ-SEC-2-DET-3CA-OUT;vehvel4;1744;;;
LQ-SEC-2-DET-3CA-OUT;vehvel5;1745;;;
LQ-SEC-2-DET-3CA-OUT;vehvel6;1746;;;
LQ-SEC-2-DET-3CA-OUT;vehvel7;1747;;;
LQ-SEC-2-DET-3CA-OUT;vehvel8;1748;;;
LQ-SEC-2-DET-3CA-OUT;vehvel9;1749;;;
LQ-SEC-2-DET-3CA-OUT;vehvel10;1750;;;
LQ-SEC-2-DET-3CA-OUT;vehvel11;1751;;;
LQ-SEC-2-DET-3CA-OUT;vehvel12;1752;;;
LQ-SEC-2-DET-3CA-OUT;vehvel13;1753;;;
LQ-SEC-2-DET-3CA-OUT;vehvel14;1754;;;
LQ-SEC-2-DET-3CA-OUT;vehvel15;1755;;;
LQ-SEC-2-DET-3CA-OUT;vehvel16;1756;;;
LQ-SEC-2-DET-4CA-OUT;periodo_integracion;1757;;;
LQ-SEC-2-DET-4CA-OUT;fallo_datos;1758;;;
LQ-SEC-2-DET-4CA-OUT;numero_detector;1759;;;
LQ-SEC-2-DET-4CA-OUT;intensidad_total;1760;;;
LQ-SEC-2-DET-4CA-OUT;ocupacion_espira_cabeza;1761;;;
LQ-SEC-2-DET-4CA-OUT;deteccion_congestion;1762;;;
LQ-SEC-2-DET-4CA-OUT;deteccion_intensidad_inversa;1763;;;
LQ-SEC-2-DET-4CA-OUT;sentido_circulacion;1764;;;
LQ-SEC-2-DET-4CA-OUT;velocidad_media;1765;;;
LQ-SEC-2-DET-4CA-OUT;longitud_media;1766;;;
LQ-SEC-2-DET-4CA-OUT;distancia_media;1767;;;
LQ-SEC-2-DET-4CA-OUT;vehlong1;1768;;;
LQ-SEC-2-DET-4CA-OUT;vehlong2;1769;;;
LQ-SEC-2-DET-4CA-OUT;vehlong3;1770;;;
LQ-SEC-2-DET-4CA-OUT;vehlong4;1771;;;
LQ-SEC-2-DET-4CA-OUT;vehlong5;1772;;;
LQ-SEC-2-DET-4CA-OUT;vehlong6;1773;;;
LQ-SEC-2-DET-4CA-OUT;vehlong7;1774;;;
LQ-SEC-2-DET-4CA-OUT;vehlong8;1775;;;
LQ-SEC-2-DET-4CA-OUT;vehlong9;1776;;;
LQ-SEC-2-DET-4CA-OUT;vehlong10;1777;;;
LQ-SEC-2-DET-4CA-OUT;vehlong11;1778;;;
LQ-SEC-2-DET-4CA-OUT;vehlong12;1779;;;
LQ-SEC-2-DET-4CA-OUT;vehlong13;1780;;;
LQ-SEC-2-DET-4CA-OUT;vehlong14;1781;;;
LQ-SEC-2-DET-4CA-OUT;vehlong15;1782;;;
LQ-SEC-2-DET-4CA-OUT;vehlong16;1783;;;
LQ-SEC-2-DET-4CA-OUT;vehvel1;1784;;;
LQ-SEC-2-DET-4CA-OUT;vehvel2;1785;;;
LQ-SEC-2-DET-4CA-OUT;vehvel3;1786;;;
LQ-SEC-2-DET-4CA-OUT;vehvel4;1787;;;
LQ-SEC-2-DET-4CA-OUT;vehvel5;1788;;;
LQ-SEC-2-DET-4CA-OUT;vehvel6;1789;;;
LQ-SEC-2-DET-4CA-OUT;vehvel7;1790;;;
LQ-SEC-2-DET-4CA-OUT;vehvel8;1791;;;
LQ-SEC-2-DET-4CA-OUT;vehvel9;1792;;;
LQ-SEC-2-DET-4CA-OUT;vehvel10;1793;;;
LQ-SEC-2-DET-4CA-OUT;vehvel11;1794;;;
LQ-SEC-2-DET-4CA-OUT;vehvel12;1795;;;
LQ-SEC-2-DET-4CA-OUT;vehvel13;1796;;;
LQ-SEC-2-DET-4CA-OUT;vehvel14;1797;;;
LQ-SEC-2-DET-4CA-OUT;vehvel15;1798;;;
LQ-SEC-2-DET-4CA-OUT;vehvel16;1799;;;
EST-SEC-1-DET-1CA-IN;periodo_integracion;1800;;;
EST-SEC-1-DET-1CA-IN;fallo_datos;1801;;;
EST-SEC-1-DET-1CA-IN;numero_detector;1802;;;
EST-SEC-1-DET-1CA-IN;intensidad_total;1803;;;
EST-SEC-1-DET-1CA-IN;ocupacion_espira_cabeza;1804;;;
EST-SEC-1-DET-1CA-IN;deteccion_congestion;1805;;;
EST-SEC-1-DET-1CA-IN;deteccion_intensidad_inversa;1806;;;
EST-SEC-1-DET-1CA-IN;sentido_circulacion;1807;;;
EST-SEC-1-DET-1CA-IN;velocidad_media;1808;;;
EST-SEC-1-DET-1CA-IN;longitud_media;1809;;;
EST-SEC-1-DET-1CA-IN;distancia_media;1810;;;
EST-SEC-1-DET-1CA-IN;vehlong1;1811;;;
EST-SEC-1-DET-1CA-IN;vehlong2;1812;;;
EST-SEC-1-DET-1CA-IN;vehlong3;1813;;;
EST-SEC-1-DET-1CA-IN;vehlong4;1814;;;
EST-SEC-1-DET-1CA-IN;vehlong5;1815;;;
EST-SEC-1-DET-1CA-IN;vehlong6;1816;;;
EST-SEC-1-DET-1CA-IN;vehlong7;1817;;;
EST-SEC-1-DET-1CA-IN;vehlong8;1818;;;
EST-SEC-1-DET-1CA-IN;vehlong9;1819;;;
EST-SEC-1-DET-1CA-IN;vehlong10;1820;;;
EST-SEC-1-DET-1CA-IN;vehlong11;1821;;;
EST-SEC-1-DET-1CA-IN;vehlong12;1822;;;
EST-SEC-1-DET-1CA-IN;vehlong13;1823;;;
EST-SEC-1-DET-1CA-IN;vehlong14;1824;;;
EST-SEC-1-DET-1CA-IN;vehlong15;1825;;;
EST-SEC-1-DET-1CA-IN;vehlong16;1826;;;
EST-SEC-1-DET-1CA-IN;vehvel1;1827;;;
EST-SEC-1-DET-1CA-IN;vehvel2;1828;;;
EST-SEC-1-DET-1CA-IN;vehvel3;1829;;;
EST-SEC-1-DET-1CA-IN;vehvel4;1830;;;
EST-SEC-1-DET-1CA-IN;vehvel5;1831;;;
EST-SEC-1-DET-1CA-IN;vehvel6;1832;;;
EST-SEC-1-DET-1CA-IN;vehvel7;1833;;;
EST-SEC-1-DET-1CA-IN;vehvel8;1834;;;
EST-SEC-1-DET-1CA-IN;vehvel9;1835;;;
EST-SEC-1-DET-1CA-IN;vehvel10;1836;;;
EST-SEC-1-DET-1CA-IN;vehvel11;1837;;;
EST-SEC-1-DET-1CA-IN;vehvel12;1838;;;
EST-SEC-1-DET-1CA-IN;vehvel13;1839;;;
EST-SEC-1-DET-1CA-IN;vehvel14;1840;;;
EST-SEC-1-DET-1CA-IN;vehvel15;1841;;;
EST-SEC-1-DET-1CA-IN;vehvel16;1842;;;
EST-SEC-1-DET-2CA-IN;periodo_integracion;1843;;;
EST-SEC-1-DET-2CA-IN;fallo_datos;1844;;;
EST-SEC-1-DET-2CA-IN;numero_detector;1845;;;
EST-SEC-1-DET-2CA-IN;intensidad_total;1846;;;
EST-SEC-1-DET-2CA-IN;ocupacion_espira_cabeza;1847;;;
EST-SEC-1-DET-2CA-IN;deteccion_congestion;1848;;;
EST-SEC-1-DET-2CA-IN;deteccion_intensidad_inversa;1849;;;
EST-SEC-1-DET-2CA-IN;sentido_circulacion;1850;;;
EST-SEC-1-DET-2CA-IN;velocidad_media;1851;;;
EST-SEC-1-DET-2CA-IN;longitud_media;1852;;;
EST-SEC-1-DET-2CA-IN;distancia_media;1853;;;
EST-SEC-1-DET-2CA-IN;vehlong1;1854;;;
EST-SEC-1-DET-2CA-IN;vehlong2;1855;;;
EST-SEC-1-DET-2CA-IN;vehlong3;1856;;;
EST-SEC-1-DET-2CA-IN;vehlong4;1857;;;
EST-SEC-1-DET-2CA-IN;vehlong5;1858;;;
EST-SEC-1-DET-2CA-IN;vehlong6;1859;;;
EST-SEC-1-DET-2CA-IN;vehlong7;1860;;;
EST-SEC-1-DET-2CA-IN;vehlong8;1861;;;
EST-SEC-1-DET-2CA-IN;vehlong9;1862;;;
EST-SEC-1-DET-2CA-IN;vehlong10;1863;;;
EST-SEC-1-DET-2CA-IN;vehlong11;1864;;;
EST-SEC-1-DET-2CA-IN;vehlong12;1865;;;
EST-SEC-1-DET-2CA-IN;vehlong13;1866;;;
EST-SEC-1-DET-2CA-IN;vehlong14;1867;;;
EST-SEC-1-DET-2CA-IN;vehlong15;1868;;;
EST-SEC-1-DET-2CA-IN;vehlong16;1869;;;
EST-SEC-1-DET-2CA-IN;vehvel1;1870;;;
EST-SEC-1-DET-2CA-IN;vehvel2;1871;;;
EST-SEC-1-DET-2CA-IN;vehvel3;1872;;;
EST-SEC-1-DET-2CA-IN;vehvel4;1873;;;
EST-SEC-1-DET-2CA-IN;vehvel5;1874;;;
EST-SEC-1-DET-2CA-IN;vehvel6;1875;;;
EST-SEC-1-DET-2CA-IN;vehvel7;1876;;;
EST-SEC-1-DET-2CA-IN;vehvel8;1877;;;
EST-SEC-1-DET-2CA-IN;vehvel9;1878;;;
EST-SEC-1-DET-2CA-IN;vehvel10;1879;;;
EST-SEC-1-DET-2CA-IN;vehvel11;1880;;;
EST-SEC-1-DET-2CA-IN;vehvel12;1881;;;
EST-SEC-1-DET-2CA-IN;vehvel13;1882;;;
EST-SEC-1-DET-2CA-IN;vehvel14;1883;;;
EST-SEC-1-DET-2CA-IN;vehvel15;1884;;;
EST-SEC-1-DET-2CA-IN;vehvel16;1885;;;
EST-SEC-2-DET-3MA-OUT;periodo_integracion;1886;;;
EST-SEC-2-DET-3MA-OUT;fallo_datos;1887;;;
EST-SEC-2-DET-3MA-OUT;numero_detector;1888;;;
EST-SEC-2-DET-3MA-OUT;intensidad_total;1889;;;
EST-SEC-2-DET-3MA-OUT;ocupacion_espira_cabeza;1890;;;
EST-SEC-2-DET-3MA-OUT;deteccion_congestion;1891;;;
EST-SEC-2-DET-3MA-OUT;deteccion_intensidad_inversa;1892;;;
EST-SEC-2-DET-3MA-OUT;sentido_circulacion;1893;;;
EST-SEC-2-DET-3MA-OUT;velocidad_media;1894;;;
EST-SEC-2-DET-3MA-OUT;longitud_media;1895;;;
EST-SEC-2-DET-3MA-OUT;distancia_media;1896;;;
EST-SEC-2-DET-3MA-OUT;vehlong1;1897;;;
EST-SEC-2-DET-3MA-OUT;vehlong2;1898;;;
EST-SEC-2-DET-3MA-OUT;vehlong3;1899;;;
EST-SEC-2-DET-3MA-OUT;vehlong4;1900;;;
EST-SEC-2-DET-3MA-OUT;vehlong5;1901;;;
EST-SEC-2-DET-3MA-OUT;vehlong6;1902;;;
EST-SEC-2-DET-3MA-OUT;vehlong7;1903;;;
EST-SEC-2-DET-3MA-OUT;vehlong8;1904;;;
EST-SEC-2-DET-3MA-OUT;vehlong9;1905;;;
EST-SEC-2-DET-3MA-OUT;vehlong10;1906;;;
EST-SEC-2-DET-3MA-OUT;vehlong11;1907;;;
EST-SEC-2-DET-3MA-OUT;vehlong12;1908;;;
EST-SEC-2-DET-3MA-OUT;vehlong13;1909;;;
EST-SEC-2-DET-3MA-OUT;vehlong14;1910;;;
EST-SEC-2-DET-3MA-OUT;vehlong15;1911;;;
EST-SEC-2-DET-3MA-OUT;vehlong16;1912;;;
EST-SEC-2-DET-3MA-OUT;vehvel1;1913;;;
EST-SEC-2-DET-3MA-OUT;vehvel2;1914;;;
EST-SEC-2-DET-3MA-OUT;vehvel3;1915;;;
EST-SEC-2-DET-3MA-OUT;vehvel4;1916;;;
EST-SEC-2-DET-3MA-OUT;vehvel5;1917;;;
EST-SEC-2-DET-3MA-OUT;vehvel6;1918;;;
EST-SEC-2-DET-3MA-OUT;vehvel7;1919;;;
EST-SEC-2-DET-3MA-OUT;vehvel8;1920;;;
EST-SEC-2-DET-3MA-OUT;vehvel9;1921;;;
EST-SEC-2-DET-3MA-OUT;vehvel10;1922;;;
EST-SEC-2-DET-3MA-OUT;vehvel11;1923;;;
EST-SEC-2-DET-3MA-OUT;vehvel12;1924;;;
EST-SEC-2-DET-3MA-OUT;vehvel13;1925;;;
EST-SEC-2-DET-3MA-OUT;vehvel14;1926;;;
EST-SEC-2-DET-3MA-OUT;vehvel15;1927;;;
EST-SEC-2-DET-3MA-OUT;vehvel16;1928;;;
EST-SEC-2-DET-4MA-OUT;periodo_integracion;1929;;;
EST-SEC-2-DET-4MA-OUT;fallo_datos;1930;;;
EST-SEC-2-DET-4MA-OUT;numero_detector;1931;;;
EST-SEC-2-DET-4MA-OUT;intensidad_total;1932;;;
EST-SEC-2-DET-4MA-OUT;ocupacion_espira_cabeza;1933;;;
EST-SEC-2-DET-4MA-OUT;deteccion_congestion;1934;;;
EST-SEC-2-DET-4MA-OUT;deteccion_intensidad_inversa;1935;;;
EST-SEC-2-DET-4MA-OUT;sentido_circulacion;1936;;;
EST-SEC-2-DET-4MA-OUT;velocidad_media;1937;;;
EST-SEC-2-DET-4MA-OUT;longitud_media;1938;;;
EST-SEC-2-DET-4MA-OUT;distancia_media;1939;;;
EST-SEC-2-DET-4MA-OUT;vehlong1;1940;;;
EST-SEC-2-DET-4MA-OUT;vehlong2;1941;;;
EST-SEC-2-DET-4MA-OUT;vehlong3;1942;;;
EST-SEC-2-DET-4MA-OUT;vehlong4;1943;;;
EST-SEC-2-DET-4MA-OUT;vehlong5;1944;;;
EST-SEC-2-DET-4MA-OUT;vehlong6;1945;;;
EST-SEC-2-DET-4MA-OUT;vehlong7;1946;;;
EST-SEC-2-DET-4MA-OUT;vehlong8;1947;;;
EST-SEC-2-DET-4MA-OUT;vehlong9;1948;;;
EST-SEC-2-DET-4MA-OUT;vehlong10;1949;;;
EST-SEC-2-DET-4MA-OUT;vehlong11;1950;;;
EST-SEC-2-DET-4MA-OUT;vehlong12;1951;;;
EST-SEC-2-DET-4MA-OUT;vehlong13;1952;;;
EST-SEC-2-DET-4MA-OUT;vehlong14;1953;;;
EST-SEC-2-DET-4MA-OUT;vehlong15;1954;;;
EST-SEC-2-DET-4MA-OUT;vehlong16;1955;;;
EST-SEC-2-DET-4MA-OUT;vehvel1;1956;;;
EST-SEC-2-DET-4MA-OUT;vehvel2;1957;;;
EST-SEC-2-DET-4MA-OUT;vehvel3;1958;;;
EST-SEC-2-DET-4MA-OUT;vehvel4;1959;;;
EST-SEC-2-DET-4MA-OUT;vehvel5;1960;;;
EST-SEC-2-DET-4MA-OUT;vehvel6;1961;;;
EST-SEC-2-DET-4MA-OUT;vehvel7;1962;;;
EST-SEC-2-DET-4MA-OUT;vehvel8;1963;;;
EST-SEC-2-DET-4MA-OUT;vehvel9;1964;;;
EST-SEC-2-DET-4MA-OUT;vehvel10;1965;;;
EST-SEC-2-DET-4MA-OUT;vehvel11;1966;;;
EST-SEC-2-DET-4MA-OUT;vehvel12;1967;;;
EST-SEC-2-DET-4MA-OUT;vehvel13;1968;;;
EST-SEC-2-DET-4MA-OUT;vehvel14;1969;;;
EST-SEC-2-DET-4MA-OUT;vehvel15;1970;;;
EST-SEC-2-DET-4MA-OUT;vehvel16;1971;;;
EST-SEC-1-DET-1MA-IN;periodo_integracion;1972;;;
EST-SEC-1-DET-1MA-IN;fallo_datos;1973;;;
EST-SEC-1-DET-1MA-IN;numero_detector;1974;;;
EST-SEC-1-DET-1MA-IN;intensidad_total;1975;;;
EST-SEC-1-DET-1MA-IN;ocupacion_espira_cabeza;1976;;;
EST-SEC-1-DET-1MA-IN;deteccion_congestion;1977;;;
EST-SEC-1-DET-1MA-IN;deteccion_intensidad_inversa;1978;;;
EST-SEC-1-DET-1MA-IN;sentido_circulacion;1979;;;
EST-SEC-1-DET-1MA-IN;velocidad_media;1980;;;
EST-SEC-1-DET-1MA-IN;longitud_media;1981;;;
EST-SEC-1-DET-1MA-IN;distancia_media;1982;;;
EST-SEC-1-DET-1MA-IN;vehlong1;1983;;;
EST-SEC-1-DET-1MA-IN;vehlong2;1984;;;
EST-SEC-1-DET-1MA-IN;vehlong3;1985;;;
EST-SEC-1-DET-1MA-IN;vehlong4;1986;;;
EST-SEC-1-DET-1MA-IN;vehlong5;1987;;;
EST-SEC-1-DET-1MA-IN;vehlong6;1988;;;
EST-SEC-1-DET-1MA-IN;vehlong7;1989;;;
EST-SEC-1-DET-1MA-IN;vehlong8;1990;;;
EST-SEC-1-DET-1MA-IN;vehlong9;1991;;;
EST-SEC-1-DET-1MA-IN;vehlong10;1992;;;
EST-SEC-1-DET-1MA-IN;vehlong11;1993;;;
EST-SEC-1-DET-1MA-IN;vehlong12;1994;;;
EST-SEC-1-DET-1MA-IN;vehlong13;1995;;;
EST-SEC-1-DET-1MA-IN;vehlong14;1996;;;
EST-SEC-1-DET-1MA-IN;vehlong15;1997;;;
EST-SEC-1-DET-1MA-IN;vehlong16;1998;;;
EST-SEC-1-DET-1MA-IN;vehvel1;1999;;;
EST-SEC-1-DET-1MA-IN;vehvel2;2000;;;
EST-SEC-1-DET-1MA-IN;vehvel3;2001;;;
EST-SEC-1-DET-1MA-IN;vehvel4;2002;;;
EST-SEC-1-DET-1MA-IN;vehvel5;2003;;;
EST-SEC-1-DET-1MA-IN;vehvel6;2004;;;
EST-SEC-1-DET-1MA-IN;vehvel7;2005;;;
EST-SEC-1-DET-1MA-IN;vehvel8;2006;;;
EST-SEC-1-DET-1MA-IN;vehvel9;2007;;;
EST-SEC-1-DET-1MA-IN;vehvel10;2008;;;
EST-SEC-1-DET-1MA-IN;vehvel11;2009;;;
EST-SEC-1-DET-1MA-IN;vehvel12;2010;;;
EST-SEC-1-DET-1MA-IN;vehvel13;2011;;;
EST-SEC-1-DET-1MA-IN;vehvel14;2012;;;
EST-SEC-1-DET-1MA-IN;vehvel15;2013;;;
EST-SEC-1-DET-1MA-IN;vehvel16;2014;;;
EST-SEC-1-DET-2MA-IN;periodo_integracion;2015;;;
EST-SEC-1-DET-2MA-IN;fallo_datos;2016;;;
EST-SEC-1-DET-2MA-IN;numero_detector;2017;;;
EST-SEC-1-DET-2MA-IN;intensidad_total;2018;;;
EST-SEC-1-DET-2MA-IN;ocupacion_espira_cabeza;2019;;;
EST-SEC-1-DET-2MA-IN;deteccion_congestion;2020;;;
EST-SEC-1-DET-2MA-IN;deteccion_intensidad_inversa;2021;;;
EST-SEC-1-DET-2MA-IN;sentido_circulacion;2022;;;
EST-SEC-1-DET-2MA-IN;velocidad_media;2023;;;
EST-SEC-1-DET-2MA-IN;longitud_media;2024;;;
EST-SEC-1-DET-2MA-IN;distancia_media;2025;;;
EST-SEC-1-DET-2MA-IN;vehlong1;2026;;;
EST-SEC-1-DET-2MA-IN;vehlong2;2027;;;
EST-SEC-1-DET-2MA-IN;vehlong3;2028;;;
EST-SEC-1-DET-2MA-IN;vehlong4;2029;;;
EST-SEC-1-DET-2MA-IN;vehlong5;2030;;;
EST-SEC-1-DET-2MA-IN;vehlong6;2031;;;
EST-SEC-1-DET-2MA-IN;vehlong7;2032;;;
EST-SEC-1-DET-2MA-IN;vehlong8;2033;;;
EST-SEC-1-DET-2MA-IN;vehlong9;2034;;;
EST-SEC-1-DET-2MA-IN;vehlong10;2035;;;
EST-SEC-1-DET-2MA-IN;vehlong11;2036;;;
EST-SEC-1-DET-2MA-IN;vehlong12;2037;;;
EST-SEC-1-DET-2MA-IN;vehlong13;2038;;;
EST-SEC-1-DET-2MA-IN;vehlong14;2039;;;
EST-SEC-1-DET-2MA-IN;vehlong15;2040;;;
EST-SEC-1-DET-2MA-IN;vehlong16;2041;;;
EST-SEC-1-DET-2MA-IN;vehvel1;2042;;;
EST-SEC-1-DET-2MA-IN;vehvel2;2043;;;
EST-SEC-1-DET-2MA-IN;vehvel3;2044;;;
EST-SEC-1-DET-2MA-IN;vehvel4;2045;;;
EST-SEC-1-DET-2MA-IN;vehvel5;2046;;;
EST-SEC-1-DET-2MA-IN;vehvel6;2047;;;
EST-SEC-1-DET-2MA-IN;vehvel7;2048;;;
EST-SEC-1-DET-2MA-IN;vehvel8;2049;;;
EST-SEC-1-DET-2MA-IN;vehvel9;2050;;;
EST-SEC-1-DET-2MA-IN;vehvel10;2051;;;
EST-SEC-1-DET-2MA-IN;vehvel11;2052;;;
EST-SEC-1-DET-2MA-IN;vehvel12;2053;;;
EST-SEC-1-DET-2MA-IN;vehvel13;2054;;;
EST-SEC-1-DET-2MA-IN;vehvel14;2055;;;
EST-SEC-1-DET-2MA-IN;vehvel15;2056;;;
EST-SEC-1-DET-2MA-IN;vehvel16;2057;;;
EST-SEC-2-DET-3CA-OUT;periodo_integracion;2058;;;
EST-SEC-2-DET-3CA-OUT;fallo_datos;2059;;;
EST-SEC-2-DET-3CA-OUT;numero_detector;2060;;;
EST-SEC-2-DET-3CA-OUT;intensidad_total;2061;;;
EST-SEC-2-DET-3CA-OUT;ocupacion_espira_cabeza;2062;;;
EST-SEC-2-DET-3CA-OUT;deteccion_congestion;2063;;;
EST-SEC-2-DET-3CA-OUT;deteccion_intensidad_inversa;2064;;;
EST-SEC-2-DET-3CA-OUT;sentido_circulacion;2065;;;
EST-SEC-2-DET-3CA-OUT;velocidad_media;2066;;;
EST-SEC-2-DET-3CA-OUT;longitud_media;2067;;;
EST-SEC-2-DET-3CA-OUT;distancia_media;2068;;;
EST-SEC-2-DET-3CA-OUT;vehlong1;2069;;;
EST-SEC-2-DET-3CA-OUT;vehlong2;2070;;;
EST-SEC-2-DET-3CA-OUT;vehlong3;2071;;;
EST-SEC-2-DET-3CA-OUT;vehlong4;2072;;;
EST-SEC-2-DET-3CA-OUT;vehlong5;2073;;;
EST-SEC-2-DET-3CA-OUT;vehlong6;2074;;;
EST-SEC-2-DET-3CA-OUT;vehlong7;2075;;;
EST-SEC-2-DET-3CA-OUT;vehlong8;2076;;;
EST-SEC-2-DET-3CA-OUT;vehlong9;2077;;;
EST-SEC-2-DET-3CA-OUT;vehlong10;2078;;;
EST-SEC-2-DET-3CA-OUT;vehlong11;2079;;;
EST-SEC-2-DET-3CA-OUT;vehlong12;2080;;;
EST-SEC-2-DET-3CA-OUT;vehlong13;2081;;;
EST-SEC-2-DET-3CA-OUT;vehlong14;2082;;;
EST-SEC-2-DET-3CA-OUT;vehlong15;2083;;;
EST-SEC-2-DET-3CA-OUT;vehlong16;2084;;;
EST-SEC-2-DET-3CA-OUT;vehvel1;2085;;;
EST-SEC-2-DET-3CA-OUT;vehvel2;2086;;;
EST-SEC-2-DET-3CA-OUT;vehvel3;2087;;;
EST-SEC-2-DET-3CA-OUT;vehvel4;2088;;;
EST-SEC-2-DET-3CA-OUT;vehvel5;2089;;;
EST-SEC-2-DET-3CA-OUT;vehvel6;2090;;;
EST-SEC-2-DET-3CA-OUT;vehvel7;2091;;;
EST-SEC-2-DET-3CA-OUT;vehvel8;2092;;;
EST-SEC-2-DET-3CA-OUT;vehvel9;2093;;;
EST-SEC-2-DET-3CA-OUT;vehvel10;2094;;;
EST-SEC-2-DET-3CA-OUT;vehvel11;2095;;;
EST-SEC-2-DET-3CA-OUT;vehvel12;2096;;;
EST-SEC-2-DET-3CA-OUT;vehvel13;2097;;;
EST-SEC-2-DET-3CA-OUT;vehvel14;2098;;;
EST-SEC-2-DET-3CA-OUT;vehvel15;2099;;;
EST-SEC-2-DET-3CA-OUT;vehvel16;2100;;;
EST-SEC-2-DET-4CA-OUT;periodo_integracion;2101;;;
EST-SEC-2-DET-4CA-OUT;fallo_datos;2102;;;
EST-SEC-2-DET-4CA-OUT;numero_detector;2103;;;
EST-SEC-2-DET-4CA-OUT;intensidad_total;2104;;;
EST-SEC-2-DET-4CA-OUT;ocupacion_espira_cabeza;2105;;;
EST-SEC-2-DET-4CA-OUT;deteccion_congestion;2106;;;
EST-SEC-2-DET-4CA-OUT;deteccion_intensidad_inversa;2107;;;
EST-SEC-2-DET-4CA-OUT;sentido_circulacion;2108;;;
EST-SEC-2-DET-4CA-OUT;velocidad_media;2109;;;
EST-SEC-2-DET-4CA-OUT;longitud_media;2110;;;
EST-SEC-2-DET-4CA-OUT;distancia_media;2111;;;
EST-SEC-2-DET-4CA-OUT;vehlong1;2112;;;
EST-SEC-2-DET-4CA-OUT;vehlong2;2113;;;
EST-SEC-2-DET-4CA-OUT;vehlong3;2114;;;
EST-SEC-2-DET-4CA-OUT;vehlong4;2115;;;
EST-SEC-2-DET-4CA-OUT;vehlong5;2116;;;
EST-SEC-2-DET-4CA-OUT;vehlong6;2117;;;
EST-SEC-2-DET-4CA-OUT;vehlong7;2118;;;
EST-SEC-2-DET-4CA-OUT;vehlong8;2119;;;
EST-SEC-2-DET-4CA-OUT;vehlong9;2120;;;
EST-SEC-2-DET-4CA-OUT;vehlong10;2121;;;
EST-SEC-2-DET-4CA-OUT;vehlong11;2122;;;
EST-SEC-2-DET-4CA-OUT;vehlong12;2123;;;
EST-SEC-2-DET-4CA-OUT;vehlong13;2124;;;
EST-SEC-2-DET-4CA-OUT;vehlong14;2125;;;
EST-SEC-2-DET-4CA-OUT;vehlong15;2126;;;
EST-SEC-2-DET-4CA-OUT;vehlong16;2127;;;
EST-SEC-2-DET-4CA-OUT;vehvel1;2128;;;
EST-SEC-2-DET-4CA-OUT;vehvel2;2129;;;
EST-SEC-2-DET-4CA-OUT;vehvel3;2130;;;
EST-SEC-2-DET-4CA-OUT;vehvel4;2131;;;
EST-SEC-2-DET-4CA-OUT;vehvel5;2132;;;
EST-SEC-2-DET-4CA-OUT;vehvel6;2133;;;
EST-SEC-2-DET-4CA-OUT;vehvel7;2134;;;
EST-SEC-2-DET-4CA-OUT;vehvel8;2135;;;
EST-SEC-2-DET-4CA-OUT;vehvel9;2136;;;
EST-SEC-2-DET-4CA-OUT;vehvel10;2137;;;
EST-SEC-2-DET-4CA-OUT;vehvel11;2138;;;
EST-SEC-2-DET-4CA-OUT;vehvel12;2139;;;
EST-SEC-2-DET-4CA-OUT;vehvel13;2140;;;
EST-SEC-2-DET-4CA-OUT;vehvel14;2141;;;
EST-SEC-2-DET-4CA-OUT;vehvel15;2142;;;
EST-SEC-2-DET-4CA-OUT;vehvel16;2143;;;
RESERVED;RESERVED;2144;;;
RESERVED;RESERVED;2145;;;
RESERVED;RESERVED;2146;;;
RESERVED;RESERVED;2147;;;
RESERVED;RESERVED;2148;;;
RESERVED;RESERVED;2149;;;
RESERVED;RESERVED;2150;;;
RESERVED;RESERVED;2151;;;
RESERVED;RESERVED;2152;;;
RESERVED;RESERVED;2153;;;
RESERVED;RESERVED;2154;;;
RESERVED;RESERVED;2155;;;
RESERVED;RESERVED;2156;;;
RESERVED;RESERVED;2157;;;
RESERVED;RESERVED;2158;;;
RESERVED;RESERVED;2159;;;
RESERVED;RESERVED;2160;;;
RESERVED;RESERVED;2161;;;
RESERVED;RESERVED;2162;;;
RESERVED;RESERVED;2163;;;
RESERVED;RESERVED;2164;;;
RESERVED;RESERVED;2165;;;
RESERVED;RESERVED;2166;;;
RESERVED;RESERVED;2167;;;
RESERVED;RESERVED;2168;;;
RESERVED;RESERVED;2169;;;
RESERVED;RESERVED;2170;;;
RESERVED;RESERVED;2171;;;
RESERVED;RESERVED;2172;;;
RESERVED;RESERVED;2173;;;
RESERVED;RESERVED;2174;;;
RESERVED;RESERVED;2175;;;
RESERVED;RESERVED;2176;;;
RESERVED;RESERVED;2177;;;
RESERVED;RESERVED;2178;;;
RESERVED;RESERVED;2179;;;
RESERVED;RESERVED;2180;;;
RESERVED;RESERVED;2181;;;
RESERVED;RESERVED;2182;;;
RESERVED;RESERVED;2183;;;
RESERVED;RESERVED;2184;;;
RESERVED;RESERVED;2185;;;
RESERVED;RESERVED;2186;;;
RESERVED;RESERVED;2187;;;
RESERVED;RESERVED;2188;;;
RESERVED;RESERVED;2189;;;
RESERVED;RESERVED;2190;;;
RESERVED;RESERVED;2191;;;
RESERVED;RESERVED;2192;;;
RESERVED;RESERVED;2193;;;
RESERVED;RESERVED;2194;;;
RESERVED;RESERVED;2195;;;
RESERVED;RESERVED;2196;;;
RESERVED;RESERVED;2197;;;
RESERVED;RESERVED;2198;;;
RESERVED;RESERVED;2199;;;
RV-BAR-1CA;bar_state;2200;;;
RV-BAR-2CA;bar_state;2201;;;
RV-BAR-1MA;bar_state;2202;;;
RV-BAR-2MA;bar_state;2203;;;
MM-BAR-1CA;bar_state;2204;;;
MM-BAR-2CA;bar_state;2205;;;
MM-BAR-1MA;bar_state;2206;;;
MM-BAR-2MA;bar_state;2207;;;
STMI-BAR-1MA;bar_state;2208;;;
STMI-BAR-2MA;bar_state;2209;;;
STMI-BAR-1CA;bar_state;2210;;;
STMI-BAR-2CA;bar_state;2211;;;
CH-BAR-1MA;bar_state;2212;;;
CH-BAR-2MA;bar_state;2213;;;
CH-BAR-1CA;bar_state;2214;;;
CH-BAR-2CA;bar_state;2215;;;
LQ-BAR-1CA;bar_state;2216;;;
LQ-BAR-2CA;bar_state;2217;;;
LQ-BAR-1MA;bar_state;2218;;;
LQ-BAR-2MA;bar_state;2219;;;
COR-BAR-1CA;bar_state;2220;;;
COR-BAR-2CA;bar_state;2221;;;
COR-BAR-1MA;bar_state;2222;;;
COR-BAR-2MA;bar_state;2223;;;
EST-BAR-1CA;bar_state;2224;;;
EST-BAR-2CA;bar_state;2225;;;
EST-BAR-1MA;bar_state;2226;;;
EST-BAR-2MA;bar_state;2227;;;
NG-BAR-1CA;bar_state;2228;;;
NG-BAR-2CA;bar_state;2229;;;
NG-BAR-1MA;bar_state;2230;;;
NG-BAR-2MA;bar_state;2231;;;
STM2-BAR-1MA;bar_state;2232;;;
STM2-BAR-2MA;bar_state;2233;;;
STM2-BAR-1CA;bar_state;2234;;;
STM2-BAR-2CA;bar_state;2235;;;
CAS-BAR-1MA;bar_state;2236;;;
CAS-BAR-2MA;bar_state;2237;;;
CAS-BAR-1CA;bar_state;2238;;;
CAS-BAR-2CA;bar_state;2239;;;
RESERVED;RESERVED;2240;;;
RESERVED;RESERVED;2241;;;
RESERVED;RESERVED;2242;;;
RESERVED;RESERVED;2243;;;
NG-VENT-VF1-CA;fan_state;2244;;;
NG-VENT-VF2-CA;fan_state;2245;;;
NG-VENT-VF3-CA;fan_state;2246;;;
NG-VENT-VF4-CA;fan_state;2247;;;
NG-VENT-VF5-CA;fan_state;2248;;;
NG-VENT-VF6-CA;fan_state;2249;;;
NG-VENT-VF7-CA;fan_state;2250;;;
NG-VENT-VF8-CA;fan_state;2251;;;
NG-VENT-VF1-MA;fan_state;2252;;;
NG-VENT-VF2-MA;fan_state;2253;;;
NG-VENT-VF3-MA;fan_state;2254;;;
NG-VENT-VF4-MA;fan_state;2255;;;
NG-VENT-VF5-MA;fan_state;2256;;;
NG-VENT-VF6-MA;fan_state;2257;;;
RV-VENT-VF1-CA;fan_state;2258;;;
RV-VENT-VF2-CA;fan_state;2259;;;
RV-VENT-VF3-CA;fan_state;2260;;;
RV-VENT-VF4-CA;fan_state;2261;;;
RV-VENT-VF1-MA;fan_state;2262;;;
RV-VENT-VF2-MA;fan_state;2263;;;
RV-VENT-VF3-MA;fan_state;2264;;;
RV-VENT-VF4-MA;fan_state;2265;;;
RV-VENT-VF5-MA;fan_state;2266;;;
RV-VENT-VF6-MA;fan_state;2267;;;
MM-VENT-VF1-CA;fan_state;2268;;;
MM-VENT-VF2-CA;fan_state;2269;;;
MM-VENT-VF3-CA;fan_state;2270;;;
MM-VENT-VF4-CA;fan_state;2271;;;
MM-VENT-VF5-CA;fan_state;2272;;;
MM-VENT-VF6-CA;fan_state;2273;;;
MM-VENT-VF7-CA;fan_state;2274;;;
MM-VENT-VF8-CA;fan_state;2275;;;
MM-VENT-VF1-MA;fan_state;2276;;;
MM-VENT-VF2-MA;fan_state;2277;;;
MM-VENT-VF3-MA;fan_state;2278;;;
MM-VENT-VF4-MA;fan_state;2279;;;
MM-VENT-VF5-MA;fan_state;2280;;;
MM-VENT-VF6-MA;fan_state;2281;;;
LQ-VENT-VF1-CA;fan_state;2282;;;
LQ-VENT-VF2-CA;fan_state;2283;;;
LQ-VENT-VF3-CA;fan_state;2284;;;
LQ-VENT-VF4-CA;fan_state;2285;;;
LQ-VENT-VF5-CA;fan_state;2286;;;
LQ-VENT-VF6-CA;fan_state;2287;;;
LQ-VENT-VF7-CA;fan_state;2288;;;
LQ-VENT-VF8-CA;fan_state;2289;;;
LQ-VENT-VF9-CA;fan_state;2290;;;
LQ-VENT-VF10-CA;fan_state;2291;;;
LQ-VENT-VF11-CA;fan_state;2292;;;
LQ-VENT-VF12-CA;fan_state;2293;;;
LQ-VENT-VF13-CA;fan_state;2294;;;
LQ-VENT-VF14-CA;fan_state;2295;;;
LQ-VENT-VF15-CA;fan_state;2296;;;
LQ-VENT-VF16-CA;fan_state;2297;;;
LQ-VENT-VF1-MA;fan_state;2298;;;
LQ-VENT-VF2-MA;fan_state;2299;;;
LQ-VENT-VF3-MA;fan_state;2300;;;
LQ-VENT-VF4-MA;fan_state;2301;;;
LQ-VENT-VF5-MA;fan_state;2302;;;
LQ-VENT-VF6-MA;fan_state;2303;;;
LQ-VENT-VF7-MA;fan_state;2304;;;
LQ-VENT-VF8-MA;fan_state;2305;;;
LQ-VENT-VF9-MA;fan_state;2306;;;
LQ-VENT-VF10-MA;fan_state;2307;;;
CH-VENT-VF1-CA;fan_state;2308;;;
CH-VENT-VF2-CA;fan_state;2309;;;
CH-VENT-VF3-CA;fan_state;2310;;;
CH-VENT-VF4-CA;fan_state;2311;;;
CH-VENT-VF5-CA;fan_state;2312;;;
CH-VENT-VF6-CA;fan_state;2313;;;
CH-VENT-VF7-CA;fan_state;2314;;;
CH-VENT-VF8-CA;fan_state;2315;;;
CH-VENT-VF1-MA;fan_state;2316;;;
CH-VENT-VF2-MA;fan_state;2317;;;
CH-VENT-VF3-MA;fan_state;2318;;;
CH-VENT-VF4-MA;fan_state;2319;;;
CH-VENT-VF5-MA;fan_state;2320;;;
CH-VENT-VF6-MA;fan_state;2321;;;
CH-VENT-VF7-MA;fan_state;2322;;;
CH-VENT-VF8-MA;fan_state;2323;;;
STM2-VENT-VF1-CA;fan_state;2324;;;
STM2-VENT-VF2-CA;fan_state;2325;;;
STM2-VENT-VF3-CA;fan_state;2326;;;
STM2-VENT-VF4-CA;fan_state;2327;;;
STM2-VENT-VF5-CA;fan_state;2328;;;
STM2-VENT-VF6-CA;fan_state;2329;;;
STM2-VENT-VF1-MA;fan_state;2330;;;
STM2-VENT-VF2-MA;fan_state;2331;;;
STM2-VENT-VF3-MA;fan_state;2332;;;
STM2-VENT-VF4-MA;fan_state;2333;;;
STM2-VENT-VF5-MA;fan_state;2334;;;
STM2-VENT-VF6-MA;fan_state;2335;;;
CAS-VENT-VF1-CA;fan_state;2336;;;
CAS-VENT-VF2-CA;fan_state;2337;;;
CAS-VENT-VF3-CA;fan_state;2338;;;
CAS-VENT-VF4-CA;fan_state;2339;;;
CAS-VENT-VF5-CA;fan_state;2340;;;
CAS-VENT-VF6-CA;fan_state;2341;;;
CAS-VENT-VF7-CA;fan_state;2342;;;
CAS-VENT-VF8-CA;fan_state;2343;;;
CAS-VENT-VF1-MA;fan_state;2344;;;
CAS-VENT-VF2-MA;fan_state;2345;;;
CAS-VENT-VF3-MA;fan_state;2346;;;
CAS-VENT-VF4-MA;fan_state;2347;;;
CAS-VENT-VF5-MA;fan_state;2348;;;
CAS-VENT-VF6-MA;fan_state;2349;;;
CAS-VENT-VF7-MA;fan_state;2350;;;
CAS-VENT-VF8-MA;fan_state;2351;;;
CAS-VENT-VF9-MA;fan_state;2352;;;
CAS-VENT-VF10-MA;fan_state;2353;;;
COR-VENT-VF1-CA;fan_state;2354;;;
COR-VENT-VF2-CA;fan_state;2355;;;
COR-VENT-VF3-CA;fan_state;2356;;;
COR-VENT-VF4-CA;fan_state;2357;;;
COR-VENT-VF5-CA;fan_state;2358;;;
COR-VENT-VF6-CA;fan_state;2359;;;
COR-VENT-VF7-CA;fan_state;2360;;;
COR-VENT-VF8-CA;fan_state;2361;;;
COR-VENT-VF1-MA;fan_state;2362;;;
COR-VENT-VF2-MA;fan_state;2363;;;
COR-VENT-VF3-MA;fan_state;2364;;;
COR-VENT-VF4-MA;fan_state;2365;;;
COR-VENT-VF5-MA;fan_state;2366;;;
COR-VENT-VF6-MA;fan_state;2367;;;
COR-VENT-VF7-MA;fan_state;2368;;;
COR-VENT-VF8-MA;fan_state;2369;;;
COR-VENT-VF9-MA;fan_state;2370;;;
COR-VENT-VF10-MA;fan_state;2371;;;
RV-VENT-VF1-CA;fan_vibration;2372;;;
RV-VENT-VF1-CA;front_bearing_temperature;2373;;;
RV-VENT-VF1-CA;back_bearing_temperature;2374;;;
RV-VENT-VF2-CA;fan_vibration;2375;;;
RV-VENT-VF2-CA;front_bearing_temperature;2376;;;
RV-VENT-VF2-CA;back_bearing_temperature;2377;;;
RV-VENT-VF3-CA;fan_vibration;2378;;;
RV-VENT-VF3-CA;front_bearing_temperature;2379;;;
RV-VENT-VF3-CA;back_bearing_temperature;2380;;;
RV-VENT-VF4-CA;fan_vibration;2381;;;
RV-VENT-VF4-CA;front_bearing_temperature;2382;;;
RV-VENT-VF4-CA;back_bearing_temperature;2383;;;
RV-VENT-VF1-MA;fan_vibration;2384;;;
RV-VENT-VF1-MA;front_bearing_temperature;2385;;;
RV-VENT-VF1-MA;back_bearing_temperature;2386;;;
RV-VENT-VF2-MA;fan_vibration;2387;;;
RV-VENT-VF2-MA;front_bearing_temperature;2388;;;
RV-VENT-VF2-MA;back_bearing_temperature;2389;;;
RV-VENT-VF3-MA;fan_vibration;2390;;;
RV-VENT-VF3-MA;front_bearing_temperature;2391;;;
RV-VENT-VF3-MA;back_bearing_temperature;2392;;;
RV-VENT-VF4-MA;fan_vibration;2393;;;
RV-VENT-VF4-MA;front_bearing_temperature;2394;;;
RV-VENT-VF4-MA;back_bearing_temperature;2395;;;
RV-VENT-VF5-MA;fan_vibration;2396;;;
RV-VENT-VF5-MA;front_bearing_temperature;2397;;;
RV-VENT-VF5-MA;back_bearing_temperature;2398;;;
RV-VENT-VF6-MA;fan_vibration;2399;;;
RV-VENT-VF6-MA;front_bearing_temperature;2400;;;
RV-VENT-VF6-MA;back_bearing_temperature;2401;;;
MM-VENT-VF1-CA;fan_vibration;2402;;;
MM-VENT-VF1-CA;front_bearing_temperature;2403;;;
MM-VENT-VF1-CA;back_bearing_temperature;2404;;;
MM-VENT-VF2-CA;fan_vibration;2405;;;
MM-VENT-VF2-CA;front_bearing_temperature;2406;;;
MM-VENT-VF2-CA;back_bearing_temperature;2407;;;
MM-VENT-VF3-CA;fan_vibration;2408;;;
MM-VENT-VF3-CA;front_bearing_temperature;2409;;;
MM-VENT-VF3-CA;back_bearing_temperature;2410;;;
MM-VENT-VF4-CA;fan_vibration;2411;;;
MM-VENT-VF4-CA;front_bearing_temperature;2412;;;
MM-VENT-VF4-CA;back_bearing_temperature;2413;;;
MM-VENT-VF5-CA;fan_vibration;2414;;;
MM-VENT-VF5-CA;front_bearing_temperature;2415;;;
MM-VENT-VF5-CA;back_bearing_temperature;2416;;;
MM-VENT-VF6-CA;fan_vibration;2417;;;
MM-VENT-VF6-CA;front_bearing_temperature;2418;;;
MM-VENT-VF6-CA;back_bearing_temperature;2419;;;
MM-VENT-VF7-CA;fan_vibration;2420;;;
MM-VENT-VF7-CA;front_bearing_temperature;2421;;;
MM-VENT-VF7-CA;back_bearing_temperature;2422;;;
MM-VENT-VF8-CA;fan_vibration;2423;;;
MM-VENT-VF8-CA;front_bearing_temperature;2424;;;
MM-VENT-VF8-CA;back_bearing_temperature;2425;;;
MM-VENT-VF1-MA;fan_vibration;2426;;;
MM-VENT-VF1-MA;front_bearing_temperature;2427;;;
MM-VENT-VF1-MA;back_bearing_temperature;2428;;;
MM-VENT-VF2-MA;fan_vibration;2429;;;
MM-VENT-VF2-MA;front_bearing_temperature;2430;;;
MM-VENT-VF2-MA;back_bearing_temperature;2431;;;
MM-VENT-VF3-MA;fan_vibration;2432;;;
MM-VENT-VF3-MA;front_bearing_temperature;2433;;;
MM-VENT-VF3-MA;back_bearing_temperature;2434;;;
MM-VENT-VF4-MA;fan_vibration;2435;;;
MM-VENT-VF4-MA;front_bearing_temperature;2436;;;
MM-VENT-VF4-MA;back_bearing_temperature;2437;;;
MM-VENT-VF5-MA;fan_vibration;2438;;;
MM-VENT-VF5-MA;front_bearing_temperature;2439;;;
MM-VENT-VF5-MA;back_bearing_temperature;2440;;;
MM-VENT-VF6-MA;fan_vibration;2441;;;
MM-VENT-VF6-MA;front_bearing_temperature;2442;;;
MM-VENT-VF6-MA;back_bearing_temperature;2443;;;
CAS-VENT-VF1-MA;fan_vibration;2444;;;
CAS-VENT-VF1-MA;front_bearing_temperature;2445;;;
CAS-VENT-VF1-MA;back_bearing_temperature;2446;;;
CAS-VENT-VF2-MA;fan_vibration;2447;;;
CAS-VENT-VF2-MA;front_bearing_temperature;2448;;;
CAS-VENT-VF2-MA;back_bearing_temperature;2449;;;
CAS-VENT-VF3-MA;fan_vibration;2450;;;
CAS-VENT-VF3-MA;front_bearing_temperature;2451;;;
CAS-VENT-VF3-MA;back_bearing_temperature;2452;;;
CAS-VENT-VF4-MA;fan_vibration;2453;;;
CAS-VENT-VF4-MA;front_bearing_temperature;2454;;;
CAS-VENT-VF4-MA;back_bearing_temperature;2455;;;
CAS-VENT-VF5-MA;fan_vibration;2456;;;
CAS-VENT-VF5-MA;front_bearing_temperature;2457;;;
CAS-VENT-VF5-MA;back_bearing_temperature;2458;;;
CAS-VENT-VF6-MA;fan_vibration;2459;;;
CAS-VENT-VF6-MA;front_bearing_temperature;2460;;;
CAS-VENT-VF6-MA;back_bearing_temperature;2461;;;
CAS-VENT-VF7-MA;fan_vibration;2462;;;
CAS-VENT-VF7-MA;front_bearing_temperature;2463;;;
CAS-VENT-VF7-MA;back_bearing_temperature;2464;;;
CAS-VENT-VF8-MA;fan_vibration;2465;;;
CAS-VENT-VF8-MA;front_bearing_temperature;2466;;;
CAS-VENT-VF8-MA;back_bearing_temperature;2467;;;
CAS-VENT-VF9-MA;fan_vibration;2468;;;
CAS-VENT-VF9-MA;front_bearing_temperature;2469;;;
CAS-VENT-VF9-MA;back_bearing_temperature;2470;;;
CAS-VENT-VF10-MA;fan_vibration;2471;;;
CAS-VENT-VF10-MA;front_bearing_temperature;2472;;;
CAS-VENT-VF10-MA;back_bearing_temperature;2473;;;
CAS-VENT-VF1-CA;fan_vibration;2474;;;
CAS-VENT-VF1-CA;front_bearing_temperature;2475;;;
CAS-VENT-VF1-CA;back_bearing_temperature;2476;;;
CAS-VENT-VF2-CA;fan_vibration;2477;;;
CAS-VENT-VF2-CA;front_bearing_temperature;2478;;;
CAS-VENT-VF2-CA;back_bearing_temperature;2479;;;
CAS-VENT-VF3-CA;fan_vibration;2480;;;
CAS-VENT-VF3-CA;front_bearing_temperature;2481;;;
CAS-VENT-VF3-CA;back_bearing_temperature;2482;;;
CAS-VENT-VF4-CA;fan_vibration;2483;;;
CAS-VENT-VF4-CA;front_bearing_temperature;2484;;;
CAS-VENT-VF4-CA;back_bearing_temperature;2485;;;
CAS-VENT-VF5-CA;fan_vibration;2486;;;
CAS-VENT-VF5-CA;front_bearing_temperature;2487;;;
CAS-VENT-VF5-CA;back_bearing_temperature;2488;;;
CAS-VENT-VF6-CA;fan_vibration;2489;;;
CAS-VENT-VF6-CA;front_bearing_temperature;2490;;;
CAS-VENT-VF6-CA;back_bearing_temperature;2491;;;
CAS-VENT-VF7-CA;fan_vibration;2492;;;
CAS-VENT-VF7-CA;front_bearing_temperature;2493;;;
CAS-VENT-VF7-CA;back_bearing_temperature;2494;;;
CAS-VENT-VF8-CA;fan_vibration;2495;;;
CAS-VENT-VF8-CA;front_bearing_temperature;2496;;;
CAS-VENT-VF8-CA;back_bearing_temperature;2497;;;
COR-VENT-VF1-CA;fan_vibration;2498;;;
COR-VENT-VF1-CA;front_bearing_temperature;2499;;;
COR-VENT-VF1-CA;back_bearing_temperature;2500;;;
COR-VENT-VF2-CA;fan_vibration;2501;;;
COR-VENT-VF2-CA;front_bearing_temperature;2502;;;
COR-VENT-VF2-CA;back_bearing_temperature;2503;;;
COR-VENT-VF3-CA;fan_vibration;2504;;;
COR-VENT-VF3-CA;front_bearing_temperature;2505;;;
COR-VENT-VF3-CA;back_bearing_temperature;2506;;;
COR-VENT-VF4-CA;fan_vibration;2507;;;
COR-VENT-VF4-CA;front_bearing_temperature;2508;;;
COR-VENT-VF4-CA;back_bearing_temperature;2509;;;
COR-VENT-VF5-CA;fan_vibration;2510;;;
COR-VENT-VF5-CA;front_bearing_temperature;2511;;;
COR-VENT-VF5-CA;back_bearing_temperature;2512;;;
COR-VENT-VF6-CA;fan_vibration;2513;;;
COR-VENT-VF6-CA;front_bearing_temperature;2514;;;
COR-VENT-VF6-CA;back_bearing_temperature;2515;;;
COR-VENT-VF7-CA;fan_vibration;2516;;;
COR-VENT-VF7-CA;front_bearing_temperature;2517;;;
COR-VENT-VF7-CA;back_bearing_temperature;2518;;;
COR-VENT-VF8-CA;fan_vibration;2519;;;
COR-VENT-VF8-CA;front_bearing_temperature;2520;;;
COR-VENT-VF8-CA;back_bearing_temperature;2521;;;
COR-VENT-VF1-MA;fan_vibration;2522;;;
COR-VENT-VF1-MA;front_bearing_temperature;2523;;;
COR-VENT-VF1-MA;back_bearing_temperature;2524;;;
COR-VENT-VF2-MA;fan_vibration;2525;;;
COR-VENT-VF2-MA;front_bearing_temperature;2526;;;
COR-VENT-VF2-MA;back_bearing_temperature;2527;;;
COR-VENT-VF3-MA;fan_vibration;2528;;;
COR-VENT-VF3-MA;front_bearing_temperature;2529;;;
COR-VENT-VF3-MA;back_bearing_temperature;2530;;;
COR-VENT-VF4-MA;fan_vibration;2531;;;
COR-VENT-VF4-MA;front_bearing_temperature;2532;;;
COR-VENT-VF4-MA;back_bearing_temperature;2533;;;
COR-VENT-VF5-MA;fan_vibration;2534;;;
COR-VENT-VF5-MA;front_bearing_temperature;2535;;;
COR-VENT-VF5-MA;back_bearing_temperature;2536;;;
COR-VENT-VF6-MA;fan_vibration;2537;;;
COR-VENT-VF6-MA;front_bearing_temperature;2538;;;
COR-VENT-VF6-MA;back_bearing_temperature;2539;;;
COR-VENT-VF7-MA;fan_vibration;2540;;;
COR-VENT-VF7-MA;front_bearing_temperature;2541;;;
COR-VENT-VF7-MA;back_bearing_temperature;2542;;;
COR-VENT-VF8-MA;fan_vibration;2543;;;
COR-VENT-VF8-MA;front_bearing_temperature;2544;;;
COR-VENT-VF8-MA;back_bearing_temperature;2545;;;
COR-VENT-VF9-MA;fan_vibration;2546;;;
COR-VENT-VF9-MA;front_bearing_temperature;2547;;;
COR-VENT-VF9-MA;back_bearing_temperature;2548;;;
COR-VENT-VF10-MA;fan_vibration;2549;;;
COR-VENT-VF10-MA;front_bearing_temperature;2550;;;
COR-VENT-VF10-MA;back_bearing_temperature;2551;;;
CH-VENT-VF1-CA;fan_vibration;2552;;;
CH-VENT-VF1-CA;front_bearing_temperature;2553;;;
CH-VENT-VF1-CA;back_bearing_temperature;2554;;;
CH-VENT-VF2-CA;fan_vibration;2555;;;
CH-VENT-VF2-CA;front_bearing_temperature;2556;;;
CH-VENT-VF2-CA;back_bearing_temperature;2557;;;
CH-VENT-VF3-CA;fan_vibration;2558;;;
CH-VENT-VF3-CA;front_bearing_temperature;2559;;;
CH-VENT-VF3-CA;back_bearing_temperature;2560;;;
CH-VENT-VF4-CA;fan_vibration;2561;;;
CH-VENT-VF4-CA;front_bearing_temperature;2562;;;
CH-VENT-VF4-CA;back_bearing_temperature;2563;;;
CH-VENT-VF5-CA;fan_vibration;2564;;;
CH-VENT-VF5-CA;front_bearing_temperature;2565;;;
CH-VENT-VF5-CA;back_bearing_temperature;2566;;;
CH-VENT-VF6-CA;fan_vibration;2567;;;
CH-VENT-VF6-CA;front_bearing_temperature;2568;;;
CH-VENT-VF6-CA;back_bearing_temperature;2569;;;
CH-VENT-VF7-CA;fan_vibration;2570;;;
CH-VENT-VF7-CA;front_bearing_temperature;2571;;;
CH-VENT-VF7-CA;back_bearing_temperature;2572;;;
CH-VENT-VF8-CA;fan_vibration;2573;;;
CH-VENT-VF8-CA;front_bearing_temperature;2574;;;
CH-VENT-VF8-CA;back_bearing_temperature;2575;;;
CH-VENT-VF1-MA;fan_vibration;2576;;;
CH-VENT-VF1-MA;front_bearing_temperature;2577;;;
CH-VENT-VF1-MA;back_bearing_temperature;2578;;;
CH-VENT-VF2-MA;fan_vibration;2579;;;
CH-VENT-VF2-MA;front_bearing_temperature;2580;;;
CH-VENT-VF2-MA;back_bearing_temperature;2581;;;
CH-VENT-VF3-MA;fan_vibration;2582;;;
CH-VENT-VF3-MA;front_bearing_temperature;2583;;;
CH-VENT-VF3-MA;back_bearing_temperature;2584;;;
CH-VENT-VF4-MA;fan_vibration;2585;;;
CH-VENT-VF4-MA;front_bearing_temperature;2586;;;
CH-VENT-VF4-MA;back_bearing_temperature;2587;;;
CH-VENT-VF5-MA;fan_vibration;2588;;;
CH-VENT-VF5-MA;front_bearing_temperature;2589;;;
CH-VENT-VF5-MA;back_bearing_temperature;2590;;;
CH-VENT-VF6-MA;fan_vibration;2591;;;
CH-VENT-VF6-MA;front_bearing_temperature;2592;;;
CH-VENT-VF6-MA;back_bearing_temperature;2593;;;
CH-VENT-VF7-MA;fan_vibration;2594;;;
CH-VENT-VF7-MA;front_bearing_temperature;2595;;;
CH-VENT-VF7-MA;back_bearing_temperature;2596;;;
CH-VENT-VF8-MA;fan_vibration;2597;;;
CH-VENT-VF8-MA;front_bearing_temperature;2598;;;
CH-VENT-VF8-MA;back_bearing_temperature;2599;;;
NG-VENT-VF1-CA;fan_vibration;2600;;;
NG-VENT-VF1-CA;front_bearing_temperature;2601;;;
NG-VENT-VF1-CA;back_bearing_temperature;2602;;;
NG-VENT-VF2-CA;fan_vibration;2603;;;
NG-VENT-VF2-CA;front_bearing_temperature;2604;;;
NG-VENT-VF2-CA;back_bearing_temperature;2605;;;
NG-VENT-VF3-CA;fan_vibration;2606;;;
NG-VENT-VF3-CA;front_bearing_temperature;2607;;;
NG-VENT-VF3-CA;back_bearing_temperature;2608;;;
NG-VENT-VF4-CA;fan_vibration;2609;;;
NG-VENT-VF4-CA;front_bearing_temperature;2610;;;
NG-VENT-VF4-CA;back_bearing_temperature;2611;;;
NG-VENT-VF5-CA;fan_vibration;2612;;;
NG-VENT-VF5-CA;front_bearing_temperature;2613;;;
NG-VENT-VF5-CA;back_bearing_temperature;2614;;;
NG-VENT-VF6-CA;fan_vibration;2615;;;
NG-VENT-VF6-CA;front_bearing_temperature;2616;;;
NG-VENT-VF6-CA;back_bearing_temperature;2617;;;
NG-VENT-VF7-CA;fan_vibration;2618;;;
NG-VENT-VF7-CA;front_bearing_temperature;2619;;;
NG-VENT-VF7-CA;back_bearing_temperature;2620;;;
NG-VENT-VF8-CA;fan_vibration;2621;;;
NG-VENT-VF8-CA;front_bearing_temperature;2622;;;
NG-VENT-VF8-CA;back_bearing_temperature;2623;;;
NG-VENT-VF1-MA;fan_vibration;2624;;;
NG-VENT-VF1-MA;front_bearing_temperature;2625;;;
NG-VENT-VF1-MA;back_bearing_temperature;2626;;;
NG-VENT-VF2-MA;fan_vibration;2627;;;
NG-VENT-VF2-MA;front_bearing_temperature;2628;;;
NG-VENT-VF2-MA;back_bearing_temperature;2629;;;
NG-VENT-VF3-MA;fan_vibration;2630;;;
NG-VENT-VF3-MA;front_bearing_temperature;2631;;;
NG-VENT-VF3-MA;back_bearing_temperature;2632;;;
NG-VENT-VF4-MA;fan_vibration;2633;;;
NG-VENT-VF4-MA;front_bearing_temperature;2634;;;
NG-VENT-VF4-MA;back_bearing_temperature;2635;;;
NG-VENT-VF5-MA;fan_vibration;2636;;;
NG-VENT-VF5-MA;front_bearing_temperature;2637;;;
NG-VENT-VF5-MA;back_bearing_temperature;2638;;;
NG-VENT-VF6-MA;fan_vibration;2639;;;
NG-VENT-VF6-MA;front_bearing_temperature;2640;;;
NG-VENT-VF6-MA;back_bearing_temperature;2641;;;
LQ-VENT-VF1-CA;fan_vibration;2642;;;
LQ-VENT-VF1-CA;front_bearing_temperature;2643;;;
LQ-VENT-VF1-CA;back_bearing_temperature;2644;;;
LQ-VENT-VF2-CA;fan_vibration;2645;;;
LQ-VENT-VF2-CA;front_bearing_temperature;2646;;;
LQ-VENT-VF2-CA;back_bearing_temperature;2647;;;
LQ-VENT-VF3-CA;fan_vibration;2648;;;
LQ-VENT-VF3-CA;front_bearing_temperature;2649;;;
LQ-VENT-VF3-CA;back_bearing_temperature;2650;;;
LQ-VENT-VF4-CA;fan_vibration;2651;;;
LQ-VENT-VF4-CA;front_bearing_temperature;2652;;;
LQ-VENT-VF4-CA;back_bearing_temperature;2653;;;
LQ-VENT-VF5-CA;fan_vibration;2654;;;
LQ-VENT-VF5-CA;front_bearing_temperature;2655;;;
LQ-VENT-VF5-CA;back_bearing_temperature;2656;;;
LQ-VENT-VF6-CA;fan_vibration;2657;;;
LQ-VENT-VF6-CA;front_bearing_temperature;2658;;;
LQ-VENT-VF6-CA;back_bearing_temperature;2659;;;
LQ-VENT-VF7-CA;fan_vibration;2660;;;
LQ-VENT-VF7-CA;front_bearing_temperature;2661;;;
LQ-VENT-VF7-CA;back_bearing_temperature;2662;;;
LQ-VENT-VF8-CA;fan_vibration;2663;;;
LQ-VENT-VF8-CA;front_bearing_temperature;2664;;;
LQ-VENT-VF8-CA;back_bearing_temperature;2665;;;
LQ-VENT-VF9-CA;fan_vibration;2666;;;
LQ-VENT-VF9-CA;front_bearing_temperature;2667;;;
LQ-VENT-VF9-CA;back_bearing_temperature;2668;;;
LQ-VENT-VF10-CA;fan_vibration;2669;;;
LQ-VENT-VF10-CA;front_bearing_temperature;2670;;;
LQ-VENT-VF10-CA;back_bearing_temperature;2671;;;
LQ-VENT-VF11-CA;fan_vibration;2672;;;
LQ-VENT-VF11-CA;front_bearing_temperature;2673;;;
LQ-VENT-VF11-CA;back_bearing_temperature;2674;;;
LQ-VENT-VF12-CA;fan_vibration;2675;;;
LQ-VENT-VF12-CA;front_bearing_temperature;2676;;;
LQ-VENT-VF12-CA;back_bearing_temperature;2677;;;
LQ-VENT-VF13-CA;fan_vibration;2678;;;
LQ-VENT-VF13-CA;front_bearing_temperature;2679;;;
LQ-VENT-VF13-CA;back_bearing_temperature;2680;;;
LQ-VENT-VF14-CA;fan_vibration;2681;;;
LQ-VENT-VF14-CA;front_bearing_temperature;2682;;;
LQ-VENT-VF14-CA;back_bearing_temperature;2683;;;
LQ-VENT-VF15-CA;fan_vibration;2684;;;
LQ-VENT-VF15-CA;front_bearing_temperature;2685;;;
LQ-VENT-VF15-CA;back_bearing_temperature;2686;;;
LQ-VENT-VF16-CA;fan_vibration;2687;;;
LQ-VENT-VF16-CA;front_bearing_temperature;2688;;;
LQ-VENT-VF16-CA;back_bearing_temperature;2689;;;
LQ-VENT-VF1-MA;fan_vibration;2690;;;
LQ-VENT-VF1-MA;front_bearing_temperature;2691;;;
LQ-VENT-VF1-MA;back_bearing_temperature;2692;;;
LQ-VENT-VF2-MA;fan_vibration;2693;;;
LQ-VENT-VF2-MA;front_bearing_temperature;2694;;;
LQ-VENT-VF2-MA;back_bearing_temperature;2695;;;
LQ-VENT-VF3-MA;fan_vibration;2696;;;
LQ-VENT-VF3-MA;front_bearing_temperature;2697;;;
LQ-VENT-VF3-MA;back_bearing_temperature;2698;;;
LQ-VENT-VF4-MA;fan_vibration;2699;;;
LQ-VENT-VF4-MA;front_bearing_temperature;2700;;;
LQ-VENT-VF4-MA;back_bearing_temperature;2701;;;
LQ-VENT-VF5-MA;fan_vibration;2702;;;
LQ-VENT-VF5-MA;front_bearing_temperature;2703;;;
LQ-VENT-VF5-MA;back_bearing_temperature;2704;;;
LQ-VENT-VF6-MA;fan_vibration;2705;;;
LQ-VENT-VF6-MA;front_bearing_temperature;2706;;;
LQ-VENT-VF6-MA;back_bearing_temperature;2707;;;
LQ-VENT-VF7-MA;fan_vibration;2708;;;
LQ-VENT-VF7-MA;front_bearing_temperature;2709;;;
LQ-VENT-VF7-MA;back_bearing_temperature;2710;;;
LQ-VENT-VF8-MA;fan_vibration;2711;;;
LQ-VENT-VF8-MA;front_bearing_temperature;2712;;;
LQ-VENT-VF8-MA;back_bearing_temperature;2713;;;
LQ-VENT-VF9-MA;fan_vibration;2714;;;
LQ-VENT-VF9-MA;front_bearing_temperature;2715;;;
LQ-VENT-VF9-MA;back_bearing_temperature;2716;;;
LQ-VENT-VF10-MA;fan_vibration;2717;;;
LQ-VENT-VF10-MA;front_bearing_temperature;2718;;;
LQ-VENT-VF10-MA;back_bearing_temperature;2719;;;
STM2-VENT-VF1-CA;fan_vibration;2720;;;
STM2-VENT-VF1-CA;front_bearing_temperature;2721;;;
STM2-VENT-VF1-CA;back_bearing_temperature;2722;;;
STM2-VENT-VF2-CA;fan_vibration;2723;;;
STM2-VENT-VF2-CA;front_bearing_temperature;2724;;;
STM2-VENT-VF2-CA;back_bearing_temperature;2725;;;
STM2-VENT-VF3-CA;fan_vibration;2726;;;
STM2-VENT-VF3-CA;front_bearing_temperature;2727;;;
STM2-VENT-VF3-CA;back_bearing_temperature;2728;;;
STM2-VENT-VF4-CA;fan_vibration;2729;;;
STM2-VENT-VF4-CA;front_bearing_temperature;2730;;;
STM2-VENT-VF4-CA;back_bearing_temperature;2731;;;
STM2-VENT-VF5-CA;fan_vibration;2732;;;
STM2-VENT-VF5-CA;front_bearing_temperature;2733;;;
STM2-VENT-VF5-CA;back_bearing_temperature;2734;;;
STM2-VENT-VF6-CA;fan_vibration;2735;;;
STM2-VENT-VF6-CA;front_bearing_temperature;2736;;;
STM2-VENT-VF6-CA;back_bearing_temperature;2737;;;
STM2-VENT-VF1-MA;fan_vibration;2738;;;
STM2-VENT-VF1-MA;front_bearing_temperature;2739;;;
STM2-VENT-VF1-MA;back_bearing_temperature;2740;;;
STM2-VENT-VF2-MA;fan_vibration;2741;;;
STM2-VENT-VF2-MA;front_bearing_temperature;2742;;;
STM2-VENT-VF2-MA;back_bearing_temperature;2743;;;
STM2-VENT-VF3-MA;fan_vibration;2744;;;
STM2-VENT-VF3-MA;front_bearing_temperature;2745;;;
STM2-VENT-VF3-MA;back_bearing_temperature;2746;;;
STM2-VENT-VF4-MA;fan_vibration;2747;;;
STM2-VENT-VF4-MA;front_bearing_temperature;2748;;;
STM2-VENT-VF4-MA;back_bearing_temperature;2749;;;
STM2-VENT-VF5-MA;fan_vibration;2750;;;
STM2-VENT-VF5-MA;front_bearing_temperature;2751;;;
STM2-VENT-VF5-MA;back_bearing_temperature;2752;;;
STM2-VENT-VF6-MA;fan_vibration;2753;;;
STM2-VENT-VF6-MA;front_bearing_temperature;2754;;;
STM2-VENT-VF6-MA;back_bearing_temperature;2755;;;
RESERVED;RESERVED;2756;;;
RESERVED;RESERVED;2757;;;
RESERVED;RESERVED;2758;;;
RESERVED;RESERVED;2759;;;
RESERVED;RESERVED;2760;;;
RESERVED;RESERVED;2761;;;
RESERVED;RESERVED;2762;;;
RESERVED;RESERVED;2763;;;
RESERVED;RESERVED;2764;;;
RESERVED;RESERVED;2765;;;
RESERVED;RESERVED;2766;;;
RESERVED;RESERVED;2767;;;
RESERVED;RESERVED;2768;;;
RESERVED;RESERVED;2769;;;
RV-LUX-1CA;luminosity;2770;;;
RV-LUX-2CA;luminosity;2771;;;
RV-LUX-3CA;luminosity;2772;;;
RV-LUX-4CA;luminosity;2773;;;
RV-LUX-1MA;luminosity;2774;;;
RV-LUX-2MA;luminosity;2775;;;
RV-LUX-3MA;luminosity;2776;;;
RV-LUX-4MA;luminosity;2777;;;
MM-LUX-1CA;luminosity;2778;;;
MM-LUX-2CA;luminosity;2779;;;
MM-LUX-3CA;luminosity;2780;;;
MM-LUX-4CA;luminosity;2781;;;
MM-LUX-1MA;luminosity;2782;;;
MM-LUX-2MA;luminosity;2783;;;
MM-LUX-3MA;luminosity;2784;;;
MM-LUX-4MA;luminosity;2785;;;
LQ-LUX-1CA;luminosity;2786;;;
LQ-LUX-2CA;luminosity;2787;;;
LQ-LUX-3CA;luminosity;2788;;;
LQ-LUX-4CA;luminosity;2789;;;
LQ-LUX-1MA;luminosity;2790;;;
LQ-LUX-2MA;luminosity;2791;;;
LQ-LUX-3MA;luminosity;2792;;;
LQ-LUX-4MA;luminosity;2793;;;
CH-LUX-1CA;luminosity;2794;;;
CH-LUX-2CA;luminosity;2795;;;
CH-LUX-3CA;luminosity;2796;;;
CH-LUX-4CA;luminosity;2797;;;
CH-LUX-1MA;luminosity;2798;;;
CH-LUX-2MA;luminosity;2799;;;
CH-LUX-3MA;luminosity;2800;;;
CH-LUX-4MA;luminosity;2801;;;
CAS-LUX-1MA;luminosity;2802;;;
CAS-LUX-2MA;luminosity;2803;;;
CAS-LUX-3MA;luminosity;2804;;;
CAS-LUX-4MA;luminosity;2805;;;
CAS-LUX-1CA;luminosity;2806;;;
CAS-LUX-2CA;luminosity;2807;;;
CAS-LUX-3CA;luminosity;2808;;;
CAS-LUX-4CA;luminosity;2809;;;
COR-LUX-1MA;luminosity;2810;;;
COR-LUX-2MA;luminosity;2811;;;
COR-LUX-3MA;luminosity;2812;;;
COR-LUX-4MA;luminosity;2813;;;
COR-LUX-1CA;luminosity;2814;;;
COR-LUX-2CA;luminosity;2815;;;
COR-LUX-3CA;luminosity;2816;;;
COR-LUX-4CA;luminosity;2817;;;
STM2-LUX-1MA;luminosity;2818;;;
STM2-LUX-2MA;luminosity;2819;;;
STM2-LUX-3MA;luminosity;2820;;;
STM2-LUX-4MA;luminosity;2821;;;
STM2-LUX-1CA;luminosity;2822;;;
STM2-LUX-2CA;luminosity;2823;;;
STM2-LUX-3CA;luminosity;2824;;;
STM2-LUX-4CA;luminosity;2825;;;
NG-LUX-1MA;luminosity;2826;;;
NG-LUX-2MA;luminosity;2827;;;
NG-LUX-3MA;luminosity;2828;;;
NG-LUX-4MA;luminosity;2829;;;
NG-LUX-1CA;luminosity;2830;;;
NG-LUX-2CA;luminosity;2831;;;
NG-LUX-3CA;luminosity;2832;;;
NG-LUX-4CA;luminosity;2833;;;
RESERVED;RESERVED;2834;;;
RESERVED;RESERVED;2835;;;
RESERVED;RESERVED;2836;;;
RESERVED;RESERVED;2837;;;
RESERVED;RESERVED;2838;;;
RESERVED;RESERVED;2839;;;
RESERVED;RESERVED;2840;;;
RESERVED;RESERVED;2841;;;
RV-SMF-RAV-1CA;light;2842;;;
RV-SMF-RAV-1MA;light;2843;;;
MM-SMF-RAV-1CA;light;2844;;;
MM-SMF-RAV-1MA;light;2845;;;
STMI-SMF-RAV-1CA;light;2846;;;
STMI-SMF-RAV-1MA;light;2847;;;
LQ-SMF-RAV-1MA;light;2848;;;
LQ-SMF-RAV-1CA;light;2849;;;
CH-SMF-RAV-1MA;light;2850;;;
CH-SMF-RAV-1CA;light;2851;;;
CAS-SMF-RAV-1CA;light;2852;;;
CAS-SMF-RAV-2CA;light;2853;;;
CAS-SMF-RAV-3CA;light;2854;;;
CAS-SMF-RAV-4CA;light;2855;;;
CAS-SMF-RAV-1MA;light;2856;;;
CAS-SMF-RAV-2MA;light;2857;;;
CAS-SMF-RAV-3MA;light;2858;;;
CAS-SMF-RAV-4MA;light;2859;;;
COR-SMF-RAV-1MA;light;2860;;;
COR-SMF-RAV-2MA;light;2861;;;
COR-SMF-RAV-3MA;light;2862;;;
COR-SMF-RAV-1CA;light;2863;;;
COR-SMF-RAV-2CA;light;2864;;;
COR-SMF-RAV-3CA;light;2865;;;
EST-SMF-RAV-1MA;light;2866;;;
EST-SMF-RAV-1CA;light;2867;;;
STM2-SMF-RAV-1MA;light;2868;;;
STM2-SMF-RAV-1CA;light;2869;;;
STM2-SMF-RAV-2MA;light;2870;;;
STM2-SMF-RAV-2CA;light;2871;;;
NG-SMF-RAV-1MA;light;2872;;;
NG-SMF-RAV-2MA;light;2873;;;
NG-SMF-RAV-3MA;light;2874;;;
NG-SMF-RAV-4MA;light;2875;;;
NG-SMF-RAV-1CA;light;2876;;;
NG-SMF-RAV-2CA;light;2877;;;
NG-SMF-RAV-3CA;light;2878;;;
NG-SMF-RAV-4CA;light;2879;;;
RESERVED;RESERVED;2880;;;
RESERVED;RESERVED;2881;;;
RESERVED;RESERVED;2882;;;
RV-LUM-1CA;luminosity;2883;;;
RV-LUM-1CA;luminosity_real;2884;;;
RV-LUM-1CA;multiplier;2885;;;
RV-LUM-1MA;luminosity;2886;;;
RV-LUM-1MA;luminosity_real;2887;;;
RV-LUM-1MA;multiplier;2888;;;
MM-LUM-1CA;luminosity;2889;;;
MM-LUM-1CA;luminosity_real;2890;;;
MM-LUM-1CA;multiplier;2891;;;
MM-LUM-1MA;luminosity;2892;;;
MM-LUM-1MA;luminosity_real;2893;;;
MM-LUM-1MA;multiplier;2894;;;
LQ-LUM-1MA;luminosity;2895;;;
LQ-LUM-1MA;luminosity_real;2896;;;
LQ-LUM-1MA;multiplier;2897;;;
LQ-LUM-1CA;luminosity;2898;;;
LQ-LUM-1CA;luminosity_real;2899;;;
LQ-LUM-1CA;multiplier;2900;;;
CH-LUM-1CA;luminosity;2901;;;
CH-LUM-1CA;luminosity_real;2902;;;
CH-LUM-1CA;multiplier;2903;;;
CH-LUM-1MA;luminosity;2904;;;
CH-LUM-1MA;luminosity_real;2905;;;
CH-LUM-1MA;multiplier;2906;;;
CAS-LUM-1MA;luminosity;2907;;;
CAS-LUM-1MA;luminosity_real;2908;;;
CAS-LUM-1MA;multiplier;2909;;;
CAS-LUM-1CA;luminosity;2910;;;
CAS-LUM-1CA;luminosity_real;2911;;;
CAS-LUM-1CA;multiplier;2912;;;
COR-LUM-1MA;luminosity;2913;;;
COR-LUM-1MA;luminosity_real;2914;;;
COR-LUM-1MA;multiplier;2915;;;
COR-LUM-1CA;luminosity;2916;;;
COR-LUM-1CA;luminosity_real;2917;;;
COR-LUM-1CA;multiplier;2918;;;
STM2-LUM-1MA;luminosity;2919;;;
STM2-LUM-1MA;luminosity_real;2920;;;
STM2-LUM-1MA;multiplier;2921;;;
STM2-LUM-1CA;luminosity;2922;;;
STM2-LUM-1CA;luminosity_real;2923;;;
STM2-LUM-1CA;multiplier;2924;;;
NG-LUM-1MA;luminosity;2925;;;
NG-LUM-1MA;luminosity_real;2926;;;
NG-LUM-1MA;multiplier;2927;;;
NG-LUM-1CA;luminosity;2928;;;
NG-LUM-1CA;luminosity_real;2929;;;
NG-LUM-1CA;multiplier;2930;;;
RESERVED;RESERVED;2931;;;
RESERVED;RESERVED;2932;;;
RESERVED;RESERVED;2933;;;
RESERVED;RESERVED;2934;;;
RESERVED;RESERVED;2935;;;
RESERVED;RESERVED;2936;;;
RESERVED;RESERVED;2937;;;
CAS-ZI-1CA;avg_temperature;2938;;;
CAS-ZI-1CA;max_temperature;2939;;;
CAS-ZI-1CA;min_temperature;2940;;;
CAS-ZI-2CA;avg_temperature;2941;;;
CAS-ZI-2CA;max_temperature;2942;;;
CAS-ZI-2CA;min_temperature;2943;;;
CAS-ZI-3CA;avg_temperature;2944;;;
CAS-ZI-3CA;max_temperature;2945;;;
CAS-ZI-3CA;min_temperature;2946;;;
CAS-ZI-4CA;avg_temperature;2947;;;
CAS-ZI-4CA;max_temperature;2948;;;
CAS-ZI-4CA;min_temperature;2949;;;
CAS-ZI-5CA;avg_temperature;2950;;;
CAS-ZI-5CA;max_temperature;2951;;;
CAS-ZI-5CA;min_temperature;2952;;;
CAS-ZI-6CA;avg_temperature;2953;;;
CAS-ZI-6CA;max_temperature;2954;;;
CAS-ZI-6CA;min_temperature;2955;;;
CAS-ZI-7CA;avg_temperature;2956;;;
CAS-ZI-7CA;max_temperature;2957;;;
CAS-ZI-7CA;min_temperature;2958;;;
CAS-ZI-8CA;avg_temperature;2959;;;
CAS-ZI-8CA;max_temperature;2960;;;
CAS-ZI-8CA;min_temperature;2961;;;
CAS-ZI-9CA;avg_temperature;2962;;;
CAS-ZI-9CA;max_temperature;2963;;;
CAS-ZI-9CA;min_temperature;2964;;;
CAS-ZI-10CA;avg_temperature;2965;;;
CAS-ZI-10CA;max_temperature;2966;;;
CAS-ZI-10CA;min_temperature;2967;;;
CAS-ZI-11CA;avg_temperature;2968;;;
CAS-ZI-11CA;max_temperature;2969;;;
CAS-ZI-11CA;min_temperature;2970;;;
CAS-ZI-12CA;avg_temperature;2971;;;
CAS-ZI-12CA;max_temperature;2972;;;
CAS-ZI-12CA;min_temperature;2973;;;
CAS-ZI-13CA;avg_temperature;2974;;;
CAS-ZI-13CA;max_temperature;2975;;;
CAS-ZI-13CA;min_temperature;2976;;;
CAS-ZI-14CA;avg_temperature;2977;;;
CAS-ZI-14CA;max_temperature;2978;;;
CAS-ZI-14CA;min_temperature;2979;;;
CAS-ZI-15CA;avg_temperature;2980;;;
CAS-ZI-15CA;max_temperature;2981;;;
CAS-ZI-15CA;min_temperature;2982;;;
CAS-ZI-15MA;avg_temperature;2983;;;
CAS-ZI-15MA;max_temperature;2984;;;
CAS-ZI-15MA;min_temperature;2985;;;
CAS-ZI-14MA;avg_temperature;2986;;;
CAS-ZI-14MA;max_temperature;2987;;;
CAS-ZI-14MA;min_temperature;2988;;;
CAS-ZI-13MA;avg_temperature;2989;;;
CAS-ZI-13MA;max_temperature;2990;;;
CAS-ZI-13MA;min_temperature;2991;;;
CAS-ZI-12MA;avg_temperature;2992;;;
CAS-ZI-12MA;max_temperature;2993;;;
CAS-ZI-12MA;min_temperature;2994;;;
CAS-ZI-11MA;avg_temperature;2995;;;
CAS-ZI-11MA;max_temperature;2996;;;
CAS-ZI-11MA;min_temperature;2997;;;
CAS-ZI-10MA;avg_temperature;2998;;;
CAS-ZI-10MA;max_temperature;2999;;;
CAS-ZI-10MA;min_temperature;3000;;;
CAS-ZI-9MA;avg_temperature;3001;;;
CAS-ZI-9MA;max_temperature;3002;;;
CAS-ZI-9MA;min_temperature;3003;;;
CAS-ZI-8MA;avg_temperature;3004;;;
CAS-ZI-8MA;max_temperature;3005;;;
CAS-ZI-8MA;min_temperature;3006;;;
CAS-ZI-7MA;avg_temperature;3007;;;
CAS-ZI-7MA;max_temperature;3008;;;
CAS-ZI-7MA;min_temperature;3009;;;
CAS-ZI-6MA;avg_temperature;3010;;;
CAS-ZI-6MA;max_temperature;3011;;;
CAS-ZI-6MA;min_temperature;3012;;;
CAS-ZI-5MA;avg_temperature;3013;;;
CAS-ZI-5MA;max_temperature;3014;;;
CAS-ZI-5MA;min_temperature;3015;;;
CAS-ZI-4MA;avg_temperature;3016;;;
CAS-ZI-4MA;max_temperature;3017;;;
CAS-ZI-4MA;min_temperature;3018;;;
CAS-ZI-3MA;avg_temperature;3019;;;
CAS-ZI-3MA;max_temperature;3020;;;
CAS-ZI-3MA;min_temperature;3021;;;
CAS-ZI-2MA;avg_temperature;3022;;;
CAS-ZI-2MA;max_temperature;3023;;;
CAS-ZI-2MA;min_temperature;3024;;;
CAS-ZI-1MA;avg_temperature;3025;;;
CAS-ZI-1MA;max_temperature;3026;;;
CAS-ZI-1MA;min_temperature;3027;;;
RV-ZI-1CA;avg_temperature;3028;;;
RV-ZI-1CA;max_temperature;3029;;;
RV-ZI-1CA;min_temperature;3030;;;
RV-ZI-2CA;avg_temperature;3031;;;
RV-ZI-2CA;max_temperature;3032;;;
RV-ZI-2CA;min_temperature;3033;;;
RV-ZI-3CA;avg_temperature;3034;;;
RV-ZI-3CA;max_temperature;3035;;;
RV-ZI-3CA;min_temperature;3036;;;
RV-ZI-4CA;avg_temperature;3037;;;
RV-ZI-4CA;max_temperature;3038;;;
RV-ZI-4CA;min_temperature;3039;;;
RV-ZI-5CA;avg_temperature;3040;;;
RV-ZI-5CA;max_temperature;3041;;;
RV-ZI-5CA;min_temperature;3042;;;
RV-ZI-1MA;avg_temperature;3043;;;
RV-ZI-1MA;max_temperature;3044;;;
RV-ZI-1MA;min_temperature;3045;;;
RV-ZI-2MA;avg_temperature;3046;;;
RV-ZI-2MA;max_temperature;3047;;;
RV-ZI-2MA;min_temperature;3048;;;
RV-ZI-3MA;avg_temperature;3049;;;
RV-ZI-3MA;max_temperature;3050;;;
RV-ZI-3MA;min_temperature;3051;;;
RV-ZI-4MA;avg_temperature;3052;;;
RV-ZI-4MA;max_temperature;3053;;;
RV-ZI-4MA;min_temperature;3054;;;
RV-ZI-5MA;avg_temperature;3055;;;
RV-ZI-5MA;max_temperature;3056;;;
RV-ZI-5MA;min_temperature;3057;;;
MM-ZI-8CA;avg_temperature;3058;;;
MM-ZI-8CA;max_temperature;3059;;;
MM-ZI-8CA;min_temperature;3060;;;
MM-ZI-7CA;avg_temperature;3061;;;
MM-ZI-7CA;max_temperature;3062;;;
MM-ZI-7CA;min_temperature;3063;;;
MM-ZI-6CA;avg_temperature;3064;;;
MM-ZI-6CA;max_temperature;3065;;;
MM-ZI-6CA;min_temperature;3066;;;
MM-ZI-5CA;avg_temperature;3067;;;
MM-ZI-5CA;max_temperature;3068;;;
MM-ZI-5CA;min_temperature;3069;;;
MM-ZI-4CA;avg_temperature;3070;;;
MM-ZI-4CA;max_temperature;3071;;;
MM-ZI-4CA;min_temperature;3072;;;
MM-ZI-3CA;avg_temperature;3073;;;
MM-ZI-3CA;max_temperature;3074;;;
MM-ZI-3CA;min_temperature;3075;;;
MM-ZI-2CA;avg_temperature;3076;;;
MM-ZI-2CA;max_temperature;3077;;;
MM-ZI-2CA;min_temperature;3078;;;
MM-ZI-1CA;avg_temperature;3079;;;
MM-ZI-1CA;max_temperature;3080;;;
MM-ZI-1CA;min_temperature;3081;;;
MM-ZI-1MA;avg_temperature;3082;;;
MM-ZI-1MA;max_temperature;3083;;;
MM-ZI-1MA;min_temperature;3084;;;
MM-ZI-2MA;avg_temperature;3085;;;
MM-ZI-2MA;max_temperature;3086;;;
MM-ZI-2MA;min_temperature;3087;;;
MM-ZI-3MA;avg_temperature;3088;;;
MM-ZI-3MA;max_temperature;3089;;;
MM-ZI-3MA;min_temperature;3090;;;
MM-ZI-4MA;avg_temperature;3091;;;
MM-ZI-4MA;max_temperature;3092;;;
MM-ZI-4MA;min_temperature;3093;;;
MM-ZI-5MA;avg_temperature;3094;;;
MM-ZI-5MA;max_temperature;3095;;;
MM-ZI-5MA;min_temperature;3096;;;
MM-ZI-6MA;avg_temperature;3097;;;
MM-ZI-6MA;max_temperature;3098;;;
MM-ZI-6MA;min_temperature;3099;;;
MM-ZI-7MA;avg_temperature;3100;;;
MM-ZI-7MA;max_temperature;3101;;;
MM-ZI-7MA;min_temperature;3102;;;
MM-ZI-8MA;avg_temperature;3103;;;
MM-ZI-8MA;max_temperature;3104;;;
MM-ZI-8MA;min_temperature;3105;;;
STMI-ZI-3CA;avg_temperature;3106;;;
STMI-ZI-3CA;max_temperature;3107;;;
STMI-ZI-3CA;min_temperature;3108;;;
STMI-ZI-2CA;avg_temperature;3109;;;
STMI-ZI-2CA;max_temperature;3110;;;
STMI-ZI-2CA;min_temperature;3111;;;
STMI-ZI-1CA;avg_temperature;3112;;;
STMI-ZI-1CA;max_temperature;3113;;;
STMI-ZI-1CA;min_temperature;3114;;;
STMI-ZI-3MA;avg_temperature;3115;;;
STMI-ZI-3MA;max_temperature;3116;;;
STMI-ZI-3MA;min_temperature;3117;;;
STMI-ZI-2MA;avg_temperature;3118;;;
STMI-ZI-2MA;max_temperature;3119;;;
STMI-ZI-2MA;min_temperature;3120;;;
STMI-ZI-1MA;avg_temperature;3121;;;
STMI-ZI-1MA;max_temperature;3122;;;
STMI-ZI-1MA;min_temperature;3123;;;
CH-ZI-1CA;avg_temperature;3124;;;
CH-ZI-1CA;max_temperature;3125;;;
CH-ZI-1CA;min_temperature;3126;;;
CH-ZI-2CA;avg_temperature;3127;;;
CH-ZI-2CA;max_temperature;3128;;;
CH-ZI-2CA;min_temperature;3129;;;
CH-ZI-3CA;avg_temperature;3130;;;
CH-ZI-3CA;max_temperature;3131;;;
CH-ZI-3CA;min_temperature;3132;;;
CH-ZI-4CA;avg_temperature;3133;;;
CH-ZI-4CA;max_temperature;3134;;;
CH-ZI-4CA;min_temperature;3135;;;
CH-ZI-5CA;avg_temperature;3136;;;
CH-ZI-5CA;max_temperature;3137;;;
CH-ZI-5CA;min_temperature;3138;;;
CH-ZI-6CA;avg_temperature;3139;;;
CH-ZI-6CA;max_temperature;3140;;;
CH-ZI-6CA;min_temperature;3141;;;
CH-ZI-7CA;avg_temperature;3142;;;
CH-ZI-7CA;max_temperature;3143;;;
CH-ZI-7CA;min_temperature;3144;;;
CH-ZI-8CA;avg_temperature;3145;;;
CH-ZI-8CA;max_temperature;3146;;;
CH-ZI-8CA;min_temperature;3147;;;
CH-ZI-8MA;avg_temperature;3148;;;
CH-ZI-8MA;max_temperature;3149;;;
CH-ZI-8MA;min_temperature;3150;;;
CH-ZI-7MA;avg_temperature;3151;;;
CH-ZI-7MA;max_temperature;3152;;;
CH-ZI-7MA;min_temperature;3153;;;
CH-ZI-6MA;avg_temperature;3154;;;
CH-ZI-6MA;max_temperature;3155;;;
CH-ZI-6MA;min_temperature;3156;;;
CH-ZI-5MA;avg_temperature;3157;;;
CH-ZI-5MA;max_temperature;3158;;;
CH-ZI-5MA;min_temperature;3159;;;
CH-ZI-4MA;avg_temperature;3160;;;
CH-ZI-4MA;max_temperature;3161;;;
CH-ZI-4MA;min_temperature;3162;;;
CH-ZI-3MA;avg_temperature;3163;;;
CH-ZI-3MA;max_temperature;3164;;;
CH-ZI-3MA;min_temperature;3165;;;
CH-ZI-2MA;avg_temperature;3166;;;
CH-ZI-2MA;max_temperature;3167;;;
CH-ZI-2MA;min_temperature;3168;;;
CH-ZI-1MA;avg_temperature;3169;;;
CH-ZI-1MA;max_temperature;3170;;;
CH-ZI-1MA;min_temperature;3171;;;
STM2-ZI-7CA;avg_temperature;3172;;;
STM2-ZI-7CA;max_temperature;3173;;;
STM2-ZI-7CA;min_temperature;3174;;;
STM2-ZI-6CA;avg_temperature;3175;;;
STM2-ZI-6CA;max_temperature;3176;;;
STM2-ZI-6CA;min_temperature;3177;;;
STM2-ZI-5CA;avg_temperature;3178;;;
STM2-ZI-5CA;max_temperature;3179;;;
STM2-ZI-5CA;min_temperature;3180;;;
STM2-ZI-4CA;avg_temperature;3181;;;
STM2-ZI-4CA;max_temperature;3182;;;
STM2-ZI-4CA;min_temperature;3183;;;
STM2-ZI-3CA;avg_temperature;3184;;;
STM2-ZI-3CA;max_temperature;3185;;;
STM2-ZI-3CA;min_temperature;3186;;;
STM2-ZI-2CA;avg_temperature;3187;;;
STM2-ZI-2CA;max_temperature;3188;;;
STM2-ZI-2CA;min_temperature;3189;;;
STM2-ZI-1CA;avg_temperature;3190;;;
STM2-ZI-1CA;max_temperature;3191;;;
STM2-ZI-1CA;min_temperature;3192;;;
STM2-ZI-1MA;avg_temperature;3193;;;
STM2-ZI-1MA;max_temperature;3194;;;
STM2-ZI-1MA;min_temperature;3195;;;
STM2-ZI-2MA;avg_temperature;3196;;;
STM2-ZI-2MA;max_temperature;3197;;;
STM2-ZI-2MA;min_temperature;3198;;;
STM2-ZI-3MA;avg_temperature;3199;;;
STM2-ZI-3MA;max_temperature;3200;;;
STM2-ZI-3MA;min_temperature;3201;;;
STM2-ZI-4MA;avg_temperature;3202;;;
STM2-ZI-4MA;max_temperature;3203;;;
STM2-ZI-4MA;min_temperature;3204;;;
STM2-ZI-5MA;avg_temperature;3205;;;
STM2-ZI-5MA;max_temperature;3206;;;
STM2-ZI-5MA;min_temperature;3207;;;
STM2-ZI-6MA;avg_temperature;3208;;;
STM2-ZI-6MA;max_temperature;3209;;;
STM2-ZI-6MA;min_temperature;3210;;;
STM2-ZI-7MA;avg_temperature;3211;;;
STM2-ZI-7MA;max_temperature;3212;;;
STM2-ZI-7MA;min_temperature;3213;;;
EST-ZI-2MA;avg_temperature;3214;;;
EST-ZI-2MA;max_temperature;3215;;;
EST-ZI-2MA;min_temperature;3216;;;
EST-ZI-1MA;avg_temperature;3217;;;
EST-ZI-1MA;max_temperature;3218;;;
EST-ZI-1MA;min_temperature;3219;;;
EST-ZI-2CA;avg_temperature;3220;;;
EST-ZI-2CA;max_temperature;3221;;;
EST-ZI-2CA;min_temperature;3222;;;
EST-ZI-1CA;avg_temperature;3223;;;
EST-ZI-1CA;max_temperature;3224;;;
EST-ZI-1CA;min_temperature;3225;;;
LQ-ZI-1CA;avg_temperature;3226;;;
LQ-ZI-1CA;max_temperature;3227;;;
LQ-ZI-1CA;min_temperature;3228;;;
LQ-ZI-2CA;avg_temperature;3229;;;
LQ-ZI-2CA;max_temperature;3230;;;
LQ-ZI-2CA;min_temperature;3231;;;
LQ-ZI-3CA;avg_temperature;3232;;;
LQ-ZI-3CA;max_temperature;3233;;;
LQ-ZI-3CA;min_temperature;3234;;;
LQ-ZI-4CA;avg_temperature;3235;;;
LQ-ZI-4CA;max_temperature;3236;;;
LQ-ZI-4CA;min_temperature;3237;;;
LQ-ZI-5CA;avg_temperature;3238;;;
LQ-ZI-5CA;max_temperature;3239;;;
LQ-ZI-5CA;min_temperature;3240;;;
LQ-ZI-6CA;avg_temperature;3241;;;
LQ-ZI-6CA;max_temperature;3242;;;
LQ-ZI-6CA;min_temperature;3243;;;
LQ-ZI-7CA;avg_temperature;3244;;;
LQ-ZI-7CA;max_temperature;3245;;;
LQ-ZI-7CA;min_temperature;3246;;;
LQ-ZI-8CA;avg_temperature;3247;;;
LQ-ZI-8CA;max_temperature;3248;;;
LQ-ZI-8CA;min_temperature;3249;;;
LQ-ZI-9CA;avg_temperature;3250;;;
LQ-ZI-9CA;max_temperature;3251;;;
LQ-ZI-9CA;min_temperature;3252;;;
LQ-ZI-10CA;avg_temperature;3253;;;
LQ-ZI-10CA;max_temperature;3254;;;
LQ-ZI-10CA;min_temperature;3255;;;
LQ-ZI-11CA;avg_temperature;3256;;;
LQ-ZI-11CA;max_temperature;3257;;;
LQ-ZI-11CA;min_temperature;3258;;;
LQ-ZI-9MA;avg_temperature;3259;;;
LQ-ZI-9MA;max_temperature;3260;;;
LQ-ZI-9MA;min_temperature;3261;;;
LQ-ZI-8MA;avg_temperature;3262;;;
LQ-ZI-8MA;max_temperature;3263;;;
LQ-ZI-8MA;min_temperature;3264;;;
LQ-ZI-7MA;avg_temperature;3265;;;
LQ-ZI-7MA;max_temperature;3266;;;
LQ-ZI-7MA;min_temperature;3267;;;
LQ-ZI-6MA;avg_temperature;3268;;;
LQ-ZI-6MA;max_temperature;3269;;;
LQ-ZI-6MA;min_temperature;3270;;;
LQ-ZI-5MA;avg_temperature;3271;;;
LQ-ZI-5MA;max_temperature;3272;;;
LQ-ZI-5MA;min_temperature;3273;;;
LQ-ZI-4MA;avg_temperature;3274;;;
LQ-ZI-4MA;max_temperature;3275;;;
LQ-ZI-4MA;min_temperature;3276;;;
LQ-ZI-3MA;avg_temperature;3277;;;
LQ-ZI-3MA;max_temperature;3278;;;
LQ-ZI-3MA;min_temperature;3279;;;
LQ-ZI-2MA;avg_temperature;3280;;;
LQ-ZI-2MA;max_temperature;3281;;;
LQ-ZI-2MA;min_temperature;3282;;;
LQ-ZI-1MA;avg_temperature;3283;;;
LQ-ZI-1MA;max_temperature;3284;;;
LQ-ZI-1MA;min_temperature;3285;;;
NG-ZI-1CA;avg_temperature;3286;;;
NG-ZI-1CA;max_temperature;3287;;;
NG-ZI-1CA;min_temperature;3288;;;
NG-ZI-2CA;avg_temperature;3289;;;
NG-ZI-2CA;max_temperature;3290;;;
NG-ZI-2CA;min_temperature;3291;;;
NG-ZI-3CA;avg_temperature;3292;;;
NG-ZI-3CA;max_temperature;3293;;;
NG-ZI-3CA;min_temperature;3294;;;
NG-ZI-4CA;avg_temperature;3295;;;
NG-ZI-4CA;max_temperature;3296;;;
NG-ZI-4CA;min_temperature;3297;;;
NG-ZI-5CA;avg_temperature;3298;;;
NG-ZI-5CA;max_temperature;3299;;;
NG-ZI-5CA;min_temperature;3300;;;
NG-ZI-6CA;avg_temperature;3301;;;
NG-ZI-6CA;max_temperature;3302;;;
NG-ZI-6CA;min_temperature;3303;;;
NG-ZI-7CA;avg_temperature;3304;;;
NG-ZI-7CA;max_temperature;3305;;;
NG-ZI-7CA;min_temperature;3306;;;
NG-ZI-8CA;avg_temperature;3307;;;
NG-ZI-8CA;max_temperature;3308;;;
NG-ZI-8CA;min_temperature;3309;;;
NG-ZI-9CA;avg_temperature;3310;;;
NG-ZI-9CA;max_temperature;3311;;;
NG-ZI-9CA;min_temperature;3312;;;
NG-ZI-8MA;avg_temperature;3313;;;
NG-ZI-8MA;max_temperature;3314;;;
NG-ZI-8MA;min_temperature;3315;;;
NG-ZI-7MA;avg_temperature;3316;;;
NG-ZI-7MA;max_temperature;3317;;;
NG-ZI-7MA;min_temperature;3318;;;
NG-ZI-6MA;avg_temperature;3319;;;
NG-ZI-6MA;max_temperature;3320;;;
NG-ZI-6MA;min_temperature;3321;;;
NG-ZI-5MA;avg_temperature;3322;;;
NG-ZI-5MA;max_temperature;3323;;;
NG-ZI-5MA;min_temperature;3324;;;
NG-ZI-4MA;avg_temperature;3325;;;
NG-ZI-4MA;max_temperature;3326;;;
NG-ZI-4MA;min_temperature;3327;;;
NG-ZI-3MA;avg_temperature;3328;;;
NG-ZI-3MA;max_temperature;3329;;;
NG-ZI-3MA;min_temperature;3330;;;
NG-ZI-2MA;avg_temperature;3331;;;
NG-ZI-2MA;max_temperature;3332;;;
NG-ZI-2MA;min_temperature;3333;;;
NG-ZI-1MA;avg_temperature;3334;;;
NG-ZI-1MA;max_temperature;3335;;;
NG-ZI-1MA;min_temperature;3336;;;
COR-ZI-12CA;avg_temperature;3337;;;
COR-ZI-12CA;max_temperature;3338;;;
COR-ZI-12CA;min_temperature;3339;;;
COR-ZI-11CA;avg_temperature;3340;;;
COR-ZI-11CA;max_temperature;3341;;;
COR-ZI-11CA;min_temperature;3342;;;
COR-ZI-10CA;avg_temperature;3343;;;
COR-ZI-10CA;max_temperature;3344;;;
COR-ZI-10CA;min_temperature;3345;;;
COR-ZI-9CA;avg_temperature;3346;;;
COR-ZI-9CA;max_temperature;3347;;;
COR-ZI-9CA;min_temperature;3348;;;
COR-ZI-8CA;avg_temperature;3349;;;
COR-ZI-8CA;max_temperature;3350;;;
COR-ZI-8CA;min_temperature;3351;;;
COR-ZI-7CA;avg_temperature;3352;;;
COR-ZI-7CA;max_temperature;3353;;;
COR-ZI-7CA;min_temperature;3354;;;
COR-ZI-6CA;avg_temperature;3355;;;
COR-ZI-6CA;max_temperature;3356;;;
COR-ZI-6CA;min_temperature;3357;;;
COR-ZI-5CA;avg_temperature;3358;;;
COR-ZI-5CA;max_temperature;3359;;;
COR-ZI-5CA;min_temperature;3360;;;
COR-ZI-4CA;avg_temperature;3361;;;
COR-ZI-4CA;max_temperature;3362;;;
COR-ZI-4CA;min_temperature;3363;;;
COR-ZI-3CA;avg_temperature;3364;;;
COR-ZI-3CA;max_temperature;3365;;;
COR-ZI-3CA;min_temperature;3366;;;
COR-ZI-2CA;avg_temperature;3367;;;
COR-ZI-2CA;max_temperature;3368;;;
COR-ZI-2CA;min_temperature;3369;;;
COR-ZI-1CA;avg_temperature;3370;;;
COR-ZI-1CA;max_temperature;3371;;;
COR-ZI-1CA;min_temperature;3372;;;
COR-ZI-1MA;avg_temperature;3373;;;
COR-ZI-1MA;max_temperature;3374;;;
COR-ZI-1MA;min_temperature;3375;;;
COR-ZI-2MA;avg_temperature;3376;;;
COR-ZI-2MA;max_temperature;3377;;;
COR-ZI-2MA;min_temperature;3378;;;
COR-ZI-3MA;avg_temperature;3379;;;
COR-ZI-3MA;max_temperature;3380;;;
COR-ZI-3MA;min_temperature;3381;;;
COR-ZI-4MA;avg_temperature;3382;;;
COR-ZI-4MA;max_temperature;3383;;;
COR-ZI-4MA;min_temperature;3384;;;
COR-ZI-5MA;avg_temperature;3385;;;
COR-ZI-5MA;max_temperature;3386;;;
COR-ZI-5MA;min_temperature;3387;;;
COR-ZI-6MA;avg_temperature;3388;;;
COR-ZI-6MA;max_temperature;3389;;;
COR-ZI-6MA;min_temperature;3390;;;
COR-ZI-7MA;avg_temperature;3391;;;
COR-ZI-7MA;max_temperature;3392;;;
COR-ZI-7MA;min_temperature;3393;;;
COR-ZI-8MA;avg_temperature;3394;;;
COR-ZI-8MA;max_temperature;3395;;;
COR-ZI-8MA;min_temperature;3396;;;
COR-ZI-9MA;avg_temperature;3397;;;
COR-ZI-9MA;max_temperature;3398;;;
COR-ZI-9MA;min_temperature;3399;;;
COR-ZI-10MA;avg_temperature;3400;;;
COR-ZI-10MA;max_temperature;3401;;;
COR-ZI-10MA;min_temperature;3402;;;
COR-ZI-11MA;avg_temperature;3403;;;
COR-ZI-11MA;max_temperature;3404;;;
COR-ZI-11MA;min_temperature;3405;;;
COR-ZI-12MA;avg_temperature;3406;;;
COR-ZI-12MA;max_temperature;3407;;;
COR-ZI-12MA;min_temperature;3408;;;
RESERVED;RESERVED;3409;;;
RESERVED;RESERVED;3410;;;
RESERVED;RESERVED;3411;;;
RESERVED;RESERVED;3412;;;
RESERVED;RESERVED;3413;;;
RESERVED;RESERVED;3414;;;
RESERVED;RESERVED;3415;;;
RESERVED;RESERVED;3416;;;
RESERVED;RESERVED;3417;;;
RV-ANI-1CA;wind_speed;3418;;;
RV-ANI-1CA;traffic_direction;3419;;;
RV-ANI-1MA;wind_speed;3420;;;
RV-ANI-1MA;traffic_direction;3421;;;
MM-ANI-1CA;wind_speed;3422;;;
MM-ANI-1CA;traffic_direction;3423;;;
MM-ANI-2CA;wind_speed;3424;;;
MM-ANI-2CA;traffic_direction;3425;;;
MM-ANI-1MA;wind_speed;3426;;;
MM-ANI-1MA;traffic_direction;3427;;;
MM-ANI-2MA;wind_speed;3428;;;
MM-ANI-2MA;traffic_direction;3429;;;
LQ-ANI-1CA;wind_speed;3430;;;
LQ-ANI-1CA;traffic_direction;3431;;;
LQ-ANI-2CA;wind_speed;3432;;;
LQ-ANI-2CA;traffic_direction;3433;;;
LQ-ANI-3CA;wind_speed;3434;;;
LQ-ANI-3CA;traffic_direction;3435;;;
LQ-ANI-1MA;wind_speed;3436;;;
LQ-ANI-1MA;traffic_direction;3437;;;
LQ-ANI-2MA;wind_speed;3438;;;
LQ-ANI-2MA;traffic_direction;3439;;;
LQ-ANI-3MA;wind_speed;3440;;;
LQ-ANI-3MA;traffic_direction;3441;;;
CH-ANE-1CA;wind_speed;3442;;;
CH-ANE-1CA;traffic_direction;3443;;;
CH-ANE-2CA;wind_speed;3444;;;
CH-ANE-2CA;traffic_direction;3445;;;
CH-ANE-1MA;wind_speed;3446;;;
CH-ANE-1MA;traffic_direction;3447;;;
CH-ANE-2MA;wind_speed;3448;;;
CH-ANE-2MA;traffic_direction;3449;;;
CAS-ANE-1MA;wind_speed;3450;;;
CAS-ANE-1MA;traffic_direction;3451;;;
CAS-ANE-2MA;wind_speed;3452;;;
CAS-ANE-2MA;traffic_direction;3453;;;
CAS-ANE-3MA;wind_speed;3454;;;
CAS-ANE-3MA;traffic_direction;3455;;;
CAS-ANE-1CA;wind_speed;3456;;;
CAS-ANE-1CA;traffic_direction;3457;;;
CAS-ANE-2CA;wind_speed;3458;;;
CAS-ANE-2CA;traffic_direction;3459;;;
CAS-ANE-3CA;wind_speed;3460;;;
CAS-ANE-3CA;traffic_direction;3461;;;
COR-ANE-1MA;wind_speed;3462;;;
COR-ANE-1MA;traffic_direction;3463;;;
COR-ANE-2MA;wind_speed;3464;;;
COR-ANE-2MA;traffic_direction;3465;;;
COR-ANE-3MA;wind_speed;3466;;;
COR-ANE-3MA;traffic_direction;3467;;;
COR-ANE-1CA;wind_speed;3468;;;
COR-ANE-1CA;traffic_direction;3469;;;
COR-ANE-2CA;wind_speed;3470;;;
COR-ANE-2CA;traffic_direction;3471;;;
COR-ANE-3CA;wind_speed;3472;;;
COR-ANE-3CA;traffic_direction;3473;;;
STM2-ANE-1MA;wind_speed;3474;;;
STM2-ANE-1MA;traffic_direction;3475;;;
STM2-ANE-2MA;wind_speed;3476;;;
STM2-ANE-2MA;traffic_direction;3477;;;
STM2-ANE-1CA;wind_speed;3478;;;
STM2-ANE-1CA;traffic_direction;3479;;;
STM2-ANE-2CA;wind_speed;3480;;;
STM2-ANE-2CA;traffic_direction;3481;;;
NG-ANE-1MA;wind_speed;3482;;;
NG-ANE-1MA;traffic_direction;3483;;;
NG-ANE-2MA;wind_speed;3484;;;
NG-ANE-2MA;traffic_direction;3485;;;
NG-ANE-1CA;wind_speed;3486;;;
NG-ANE-1CA;traffic_direction;3487;;;
NG-ANE-2CA;wind_speed;3488;;;
NG-ANE-2CA;traffic_direction;3489;;;
RESERVED;RESERVED;3490;;;
RESERVED;RESERVED;3491;;;
RESERVED;RESERVED;3492;;;
RESERVED;RESERVED;3493;;;
RESERVED;RESERVED;3494;;;
RESERVED;RESERVED;3495;;;
RESERVED;RESERVED;3496;;;
RESERVED;RESERVED;3497;;;
RV-CO-1CA;co_concentration;3498;;;
RV-CO-1MA;co_concentration;3499;;;
MM-CO-1CA;co_concentration;3500;;;
MM-CO-2CA;co_concentration;3501;;;
MM-CO-3CA;co_concentration;3502;;;
MM-CO-1MA;co_concentration;3503;;;
MM-CO-2MA;co_concentration;3504;;;
MM-CO-3MA;co_concentration;3505;;;
LQ-CO-1CA;co_concentration;3506;;;
LQ-CO-2CA;co_concentration;3507;;;
LQ-CO-3CA;co_concentration;3508;;;
LQ-CO-4CA;co_concentration;3509;;;
LQ-CO-5CA;co_concentration;3510;;;
LQ-CO-1MA;co_concentration;3511;;;
LQ-CO-2MA;co_concentration;3512;;;
LQ-CO-3MA;co_concentration;3513;;;
LQ-CO-4MA;co_concentration;3514;;;
CH-CO-1CA;co_concentration;3515;;;
CH-CO-2CA;co_concentration;3516;;;
CH-CO-3CA;co_concentration;3517;;;
CH-CO-1MA;co_concentration;3518;;;
CH-CO-2MA;co_concentration;3519;;;
CH-CO-3MA;co_concentration;3520;;;
CAS-CO-1MA;co_concentration;3521;;;
CAS-CO-2MA;co_concentration;3522;;;
CAS-CO-3MA;co_concentration;3523;;;
CAS-CO-4MA;co_concentration;3524;;;
CAS-CO-5MA;co_concentration;3525;;;
CAS-CO-6MA;co_concentration;3526;;;
CAS-CO-7MA;co_concentration;3527;;;
CAS-CO-8MA;co_concentration;3528;;;
CAS-CO-9MA;co_concentration;3529;;;
CAS-CO-10MA;co_concentration;3530;;;
CAS-CO-11MA;co_concentration;3531;;;
CAS-CO-1CA;co_concentration;3532;;;
CAS-CO-2CA;co_concentration;3533;;;
CAS-CO-3CA;co_concentration;3534;;;
CAS-CO-4CA;co_concentration;3535;;;
CAS-CO-5CA;co_concentration;3536;;;
CAS-CO-6CA;co_concentration;3537;;;
CAS-CO-7CA;co_concentration;3538;;;
CAS-CO-8CA;co_concentration;3539;;;
CAS-CO-9CA;co_concentration;3540;;;
CAS-CO-10CA;co_concentration;3541;;;
CAS-CO-11CA;co_concentration;3542;;;
COR-CO-1MA;co_concentration;3543;;;
COR-CO-2MA;co_concentration;3544;;;
COR-CO-3MA;co_concentration;3545;;;
COR-CO-4MA;co_concentration;3546;;;
COR-CO-1CA;co_concentration;3547;;;
COR-CO-2CA;co_concentration;3548;;;
COR-CO-3CA;co_concentration;3549;;;
COR-CO-4CA;co_concentration;3550;;;
STM2-CO-1MA;co_concentration;3551;;;
STM2-CO-2MA;co_concentration;3552;;;
STM2-CO-3MA;co_concentration;3553;;;
STM2-CO-1CA;co_concentration;3554;;;
STM2-CO-2CA;co_concentration;3555;;;
STM2-CO-3CA;co_concentration;3556;;;
NG-CO-1MA;co_concentration;3557;;;
NG-CO-2MA;co_concentration;3558;;;
NG-CO-3MA;co_concentration;3559;;;
NG-CO-4MA;co_concentration;3560;;;
NG-CO-5MA;co_concentration;3561;;;
NG-CO-6MA;co_concentration;3562;;;
NG-CO-1CA;co_concentration;3563;;;
NG-CO-2CA;co_concentration;3564;;;
NG-CO-3CA;co_concentration;3565;;;
NG-CO-4CA;co_concentration;3566;;;
NG-CO-5CA;co_concentration;3567;;;
NG-CO-6CA;co_concentration;3568;;;
RESERVED;RESERVED;3569;;;
RESERVED;RESERVED;3570;;;
RESERVED;RESERVED;3571;;;
RESERVED;RESERVED;3572;;;
RV-NO-1CA;no_concentration;3573;;;
RV-NO-1MA;no_concentration;3574;;;
MM-NO-1CA;no_concentration;3575;;;
MM-NO-2CA;no_concentration;3576;;;
MM-NO-3CA;no_concentration;3577;;;
MM-NO-1MA;no_concentration;3578;;;
MM-NO-2MA;no_concentration;3579;;;
MM-NO-3MA;no_concentration;3580;;;
LQ-NO-1CA;no_concentration;3581;;;
LQ-NO-2CA;no_concentration;3582;;;
LQ-NO-3CA;no_concentration;3583;;;
LQ-NO-4CA;no_concentration;3584;;;
LQ-NO-5CA;no_concentration;3585;;;
LQ-NO-1MA;no_concentration;3586;;;
LQ-NO-2MA;no_concentration;3587;;;
LQ-NO-3MA;no_concentration;3588;;;
LQ-NO-4MA;no_concentration;3589;;;
CH-NO-1CA;no_concentration;3590;;;
CH-NO-2CA;no_concentration;3591;;;
CH-NO-3CA;no_concentration;3592;;;
CH-NO-1MA;no_concentration;3593;;;
CH-NO-2MA;no_concentration;3594;;;
CH-NO-3MA;no_concentration;3595;;;
CAS-NO-1MA;no_concentration;3596;;;
CAS-NO-2MA;no_concentration;3597;;;
CAS-NO-3MA;no_concentration;3598;;;
CAS-NO-4MA;no_concentration;3599;;;
CAS-NO-5MA;no_concentration;3600;;;
CAS-NO-1CA;no_concentration;3601;;;
CAS-NO-2CA;no_concentration;3602;;;
CAS-NO-3CA;no_concentration;3603;;;
CAS-NO-4CA;no_concentration;3604;;;
CAS-NO-5CA;no_concentration;3605;;;
COR-NO-1MA;no_concentration;3606;;;
COR-NO-2MA;no_concentration;3607;;;
COR-NO-3MA;no_concentration;3608;;;
COR-NO-4MA;no_concentration;3609;;;
COR-NO-1CA;no_concentration;3610;;;
COR-NO-2CA;no_concentration;3611;;;
COR-NO-3CA;no_concentration;3612;;;
COR-NO-4CA;no_concentration;3613;;;
STM2-NO-1MA;no_concentration;3614;;;
STM2-NO-2MA;no_concentration;3615;;;
STM2-NO-3MA;no_concentration;3616;;;
STM2-NO-1CA;no_concentration;3617;;;
STM2-NO-2CA;no_concentration;3618;;;
STM2-NO-3CA;no_concentration;3619;;;
NG-NO-1MA;no_concentration;3620;;;
NG-NO-2MA;no_concentration;3621;;;
NG-NO-3MA;no_concentration;3622;;;
NG-NO-1CA;no_concentration;3623;;;
NG-NO-2CA;no_concentration;3624;;;
NG-NO-3CA;no_concentration;3625;;;
RESERVED;RESERVED;3626;;;
RESERVED;RESERVED;3627;;;
RESERVED;RESERVED;3628;;;
RESERVED;RESERVED;3629;;;
RESERVED;RESERVED;3630;;;
RESERVED;RESERVED;3631;;;
RESERVED;RESERVED;3632;;;
RV-OPC-1CA;opac_concentration;3633;;;
RV-OPC-1MA;opac_concentration;3634;;;
MM-OPC-1CA;opac_concentration;3635;;;
MM-OPC-2CA;opac_concentration;3636;;;
MM-OPC-3CA;opac_concentration;3637;;;
MM-OPC-1MA;opac_concentration;3638;;;
MM-OPC-2MA;opac_concentration;3639;;;
MM-OPC-3MA;opac_concentration;3640;;;
LQ-OPC-1CA;opac_concentration;3641;;;
LQ-OPC-2CA;opac_concentration;3642;;;
LQ-OPC-3CA;opac_concentration;3643;;;
LQ-OPC-4CA;opac_concentration;3644;;;
LQ-OPC-5CA;opac_concentration;3645;;;
LQ-OPC-1MA;opac_concentration;3646;;;
LQ-OPC-2MA;opac_concentration;3647;;;
LQ-OPC-3MA;opac_concentration;3648;;;
LQ-OPC-4MA;opac_concentration;3649;;;
CH-OPC-1CA;opac_concentration;3650;;;
CH-OPC-2CA;opac_concentration;3651;;;
CH-OPC-3CA;opac_concentration;3652;;;
CH-OPC-1MA;opac_concentration;3653;;;
CH-OPC-2MA;opac_concentration;3654;;;
CH-OPC-3MA;opac_concentration;3655;;;
CAS-OPC-1MA;opac_concentration;3656;;;
CAS-OPC-2MA;opac_concentration;3657;;;
CAS-OPC-3MA;opac_concentration;3658;;;
CAS-OPC-4MA;opac_concentration;3659;;;
CAS-OPC-5MA;opac_concentration;3660;;;
CAS-OPC-1CA;opac_concentration;3661;;;
CAS-OPC-2CA;opac_concentration;3662;;;
CAS-OPC-3CA;opac_concentration;3663;;;
CAS-OPC-4CA;opac_concentration;3664;;;
CAS-OPC-5CA;opac_concentration;3665;;;
COR-OPC-1MA;opac_concentration;3666;;;
COR-OPC-2MA;opac_concentration;3667;;;
COR-OPC-3MA;opac_concentration;3668;;;
COR-OPC-4MA;opac_concentration;3669;;;
COR-OPC-1CA;opac_concentration;3670;;;
COR-OPC-2CA;opac_concentration;3671;;;
COR-OPC-3CA;opac_concentration;3672;;;
COR-OPC-4CA;opac_concentration;3673;;;
STM2-OPC-1MA;opac_concentration;3674;;;
STM2-OPC-2MA;opac_concentration;3675;;;
STM2-OPC-3MA;opac_concentration;3676;;;
STM2-OPC-1CA;opac_concentration;3677;;;
STM2-OPC-2CA;opac_concentration;3678;;;
STM2-OPC-3CA;opac_concentration;3679;;;
NG-OPC-1MA;opac_concentration;3680;;;
NG-OPC-2MA;opac_concentration;3681;;;
NG-OPC-3MA;opac_concentration;3682;;;
NG-OPC-1CA;opac_concentration;3683;;;
NG-OPC-2CA;opac_concentration;3684;;;
NG-OPC-3CA;opac_concentration;3685;;;
RESERVED;RESERVED;3686;;;
RESERVED;RESERVED;3687;;;
RV-VC-1MA;state;3688;;;
RV-VM-1MA;state;3689;;;
RV-VC-1CA;state;3690;;;
RV-VM-1CA;state;3691;;;
RV-VC-2MA;state;3692;;;
RV-VM-2MA;state;3693;;;
RV-VC-2CA;state;3694;;;
RV-VM-2CA;state;3695;;;
MM-VC-1MA;state;3696;;;
MM-VM-1MA;state;3697;;;
MM-VC-2CA;state;3698;;;
MM-VM-2CA;state;3699;;;
MM-VC-2MA;state;3700;;;
MM-VM-2MA;state;3701;;;
MM-VC-1CA;state;3702;;;
MM-VM-1CA;state;3703;;;
MM-VM-3CA;state;3704;;;
MM-VM-3MA;state;3705;;;
MM-VM-4CA;state;3706;;;
MM-VM-4MA;state;3707;;;
LQ-VM-1MA;state;3708;;;
LQ-VM-2MA;state;3709;;;
LQ-VM-3MA;state;3710;;;
LQ-VM-5MA;state;3711;;;
LQ-VC-1MA;state;3712;;;
LQ-VM-1CA;state;3713;;;
LQ-VM-2CA;state;3714;;;
LQ-VM-3CA;state;3715;;;
LQ-VM-4CA;state;3716;;;
LQ-VM-5CA;state;3717;;;
LQ-VM-6CA;state;3718;;;
LQ-VC-1CA;state;3719;;;
RV-VC-DALJ;state;3720;;;
CAS-VC-1CA;state;3721;;;
CAS-VM-1CA;state;3722;;;
CAS-VM-2CA;state;3723;;;
CAS-VM-3CA;state;3724;;;
CAS-VM-4CA;state;3725;;;
CAS-VM-5CA;state;3726;;;
CAS-VM-6CA;state;3727;;;
CAS-VC-2CA;state;3728;;;
CAS-VC-1MA;state;3729;;;
CAS-VM-1MA;state;3730;;;
CAS-VM-2MA;state;3731;;;
CAS-VM-3MA;state;3732;;;
CAS-VM-4MA;state;3733;;;
CAS-VM-5MA;state;3734;;;
CAS-VM-6MA;state;3735;;;
CAS-VC-2MA;state;3736;;;
CAS-VC-DALJ;state;3737;;;
CH-VC-1CA;state;3738;;;
CH-VM-1CA;state;3739;;;
CH-VM-2CA;state;3740;;;
CH-VM-3CA;state;3741;;;
CH-VM-4CA;state;3742;;;
CH-VC-2CA;state;3743;;;
CH-VC-1MA;state;3744;;;
CH-VM-1MA;state;3745;;;
CH-VM-2MA;state;3746;;;
CH-VM-3MA;state;3747;;;
CH-VM-4MA;state;3748;;;
CH-VC-2MA;state;3749;;;
CH-VC-DALJ;state;3750;;;
STM2-VM-1CA;state;3751;;;
STM2-VM-2CA;state;3752;;;
STM2-VM-3CA;state;3753;;;
STM2-VM-4CA;state;3754;;;
STM2-VC-1CA;state;3755;;;
STM2-VC-2CA;state;3756;;;
STM2-VC-1MA;state;3757;;;
STM2-VC-2MA;state;3758;;;
STM2-VM-1MA;state;3759;;;
STM2-VM-2MA;state;3760;;;
STM2-VM-3MA;state;3761;;;
STM2-VM-4MA;state;3762;;;
LQ-VM-7CA;state;3763;;;
LQ-VM-6MA;state;3764;;;
LQ-VM-4MA;state;3765;;;
LQ-VC-2MA;state;3766;;;
LQ-VC-3MA;state;3767;;;
NG-VC-1MA;state;3768;;;
NG-VC-2MA;state;3769;;;
NG-VM-1MA;state;3770;;;
NG-VM-2MA;state;3771;;;
NG-VM-3MA;state;3772;;;
NG-VM-4MA;state;3773;;;
NG-VC-1CA;state;3774;;;
NG-VC-2CA;state;3775;;;
NG-VM-1CA;state;3776;;;
NG-VM-2CA;state;3777;;;
NG-VM-3CA;state;3778;;;
NG-VM-4CA;state;3779;;;
COR-VC-1MA;state;3780;;;
COR-VC-2MA;state;3781;;;
COR-VC-1CA;state;3782;;;
COR-VC-2CA;state;3783;;;
COR-VM-1MA;state;3784;;;
COR-VM-2MA;state;3785;;;
COR-VM-3MA;state;3786;;;
COR-VM-4MA;state;3787;;;
COR-VM-5MA;state;3788;;;
COR-VM-6MA;state;3789;;;
COR-VM-7MA;state;3790;;;
COR-VM-8MA;state;3791;;;
COR-VM-1CA;state;3792;;;
COR-VM-2CA;state;3793;;;
COR-VM-3CA;state;3794;;;
COR-VM-4CA;state;3795;;;
COR-VM-5CA;state;3796;;;
COR-VM-6CA;state;3797;;;
COR-VM-7CA;state;3798;;;
COR-VM-8CA;state;3799;;;
COR-VC-DALJ;state;3800;;;
LQ-VC-DALJ;state;3801;;;
MM-VC-DALJ;state;3802;;;
RESERVED;RESERVED;3803;;;
RESERVED;RESERVED;3804;;;
RESERVED;RESERVED;3805;;;
RESERVED;RESERVED;3806;;;
RESERVED;RESERVED;3807;;;
RESERVED;RESERVED;3808;;;
RESERVED;RESERVED;3809;;;
STMI-FOT-1CA;luminosity;3810;;;
LQ-FOT-1MA;luminosity;3811;;;
RV-FOT-1CA;luminosity;3812;;;
MM-FOT-1MA;luminosity;3813;;;
CH-FOT-1CA;luminosity;3814;;;
CAS-FOT-1MA;luminosity;3815;;;
CAS-FOT-1CA;luminosity;3816;;;
COR-FOT-1MA;luminosity;3817;;;
COR-FOT-1CA;luminosity;3818;;;
STM2-FOT-1MA;luminosity;3819;;;
EST-FOT-1CA;luminosity;3820;;;
NG-FOT-1CA;luminosity;3821;;;
RESERVED;RESERVED;3822;;;
RESERVED;RESERVED;3823;;;
RESERVED;RESERVED;3824;;;
MM-CUAD-PRES-GAL-CA;remote_control;3825;;;
MM-CUAD-PRES-GAL-CA;pres_fan1;3826;;;
MM-CUAD-PRES-GAL-CA;pres_fan2;3827;;;
MM-CUAD-PRES-GAL-MA;remote_control;3828;;;
MM-CUAD-PRES-GAL-MA;pres_fan1;3829;;;
MM-CUAD-PRES-GAL-MA;pres_fan2;3830;;;
CH-CUAD-PRES-GAL-CA;remote_control;3831;;;
CH-CUAD-PRES-GAL-CA;pres_fan1;3832;;;
CH-CUAD-PRES-GAL-CA;pres_fan2;3833;;;
CH-CUAD-PRES-GAL-MA;remote_control;3834;;;
CH-CUAD-PRES-GAL-MA;pres_fan1;3835;;;
CH-CUAD-PRES-GAL-MA;pres_fan2;3836;;;
CAS-CUAD-PRES-GAL-1CA;remote_control;3837;;;
CAS-CUAD-PRES-GAL-1CA;pres_fan1;3838;;;
CAS-CUAD-PRES-GAL-1CA;pres_fan2;3839;;;
CAS-CUAD-PRES-GAL-1MA;remote_control;3840;;;
CAS-CUAD-PRES-GAL-1MA;pres_fan1;3841;;;
CAS-CUAD-PRES-GAL-1MA;pres_fan2;3842;;;
CAS-CUAD-PRES-GAL-2CA;remote_control;3843;;;
CAS-CUAD-PRES-GAL-2CA;pres_fan1;3844;;;
CAS-CUAD-PRES-GAL-2CA;pres_fan2;3845;;;
CAS-CUAD-PRES-GAL-2MA;remote_control;3846;;;
CAS-CUAD-PRES-GAL-2MA;pres_fan1;3847;;;
CAS-CUAD-PRES-GAL-2MA;pres_fan2;3848;;;
COR-CUAD-PRES-GAL-1MA;remote_control;3849;;;
COR-CUAD-PRES-GAL-1MA;pres_fan1;3850;;;
COR-CUAD-PRES-GAL-1MA;pres_fan2;3851;;;
COR-CUAD-PRES-GAL-1CA;remote_control;3852;;;
COR-CUAD-PRES-GAL-1CA;pres_fan1;3853;;;
COR-CUAD-PRES-GAL-1CA;pres_fan2;3854;;;
COR-CUAD-PRES-GAL-2MA;remote_control;3855;;;
COR-CUAD-PRES-GAL-2MA;pres_fan1;3856;;;
COR-CUAD-PRES-GAL-2MA;pres_fan2;3857;;;
COR-CUAD-PRES-GAL-2CA;remote_control;3858;;;
COR-CUAD-PRES-GAL-2CA;pres_fan1;3859;;;
COR-CUAD-PRES-GAL-2CA;pres_fan2;3860;;;
COR-CUAD-PRES-GAL-3MA;remote_control;3861;;;
COR-CUAD-PRES-GAL-3MA;pres_fan1;3862;;;
COR-CUAD-PRES-GAL-3MA;pres_fan2;3863;;;
COR-CUAD-PRES-GAL-3CA;remote_control;3864;;;
COR-CUAD-PRES-GAL-3CA;pres_fan1;3865;;;
COR-CUAD-PRES-GAL-3CA;pres_fan2;3866;;;
NG-CUAD-PRES-GAL-CA;remote_control;3867;;;
NG-CUAD-PRES-GAL-CA;pres_fan1;3868;;;
NG-CUAD-PRES-GAL-CA;pres_fan2;3869;;;
NG-CUAD-PRES-GAL-MA;remote_control;3870;;;
NG-CUAD-PRES-GAL-MA;pres_fan1;3871;;;
NG-CUAD-PRES-GAL-MA;pres_fan2;3872;;;
STM2-CUAD-PRES-GAL-CA;remote_control;3873;;;
STM2-CUAD-PRES-GAL-CA;pres_fan1;3874;;;
STM2-CUAD-PRES-GAL-CA;pres_fan2;3875;;;
STM2-CUAD-PRES-GAL-MA;remote_control;3876;;;
STM2-CUAD-PRES-GAL-MA;pres_fan1;3877;;;
STM2-CUAD-PRES-GAL-MA;pres_fan2;3878;;;
LQ-CUAD-PRES-GAL-CA;remote_control;3879;;;
LQ-CUAD-PRES-GAL-CA;pres_fan1;3880;;;
LQ-CUAD-PRES-GAL-CA;pres_fan2;3881;;;
LQ-CUAD-PRES-GAL-MA;remote_control;3882;;;
LQ-CUAD-PRES-GAL-MA;pres_fan1;3883;;;
LQ-CUAD-PRES-GAL-MA;pres_fan2;3884;;;
RESERVED;RESERVED;3885;;;
RESERVED;RESERVED;3886;;;
RESERVED;RESERVED;3887;;;
RESERVED;RESERVED;3888;;;
RESERVED;RESERVED;3889;;;
RESERVED;RESERVED;3890;;;
RESERVED;RESERVED;3891;;;
RESERVED;RESERVED;3892;;;
RESERVED;RESERVED;3893;;;
RESERVED;RESERVED;3894;;;
RV-SMF-AA-1CA;light_status;3895;;;
RV-SMF-AA-1MA;light_status;3896;;;
RV-SMF-RR-1CA;light_status;3897;;;
RV-SMF-RR-1MA;light_status;3898;;;
MM-SMF-AA-1CA;light_status;3899;;;
MM-SMF-AA-1MA;light_status;3900;;;
MM-SMF-RR-1CA;light_status;3901;;;
MM-SMF-RR-1MA;light_status;3902;;;
LQ-SMF-AA-1MA;light_status;3903;;;
LQ-SMF-AA-2MA;light_status;3904;;;
LQ-SMF-AA-1CA;light_status;3905;;;
LQ-SMF-RR-1MA;light_status;3906;;;
LQ-SMF-RR-1CA;light_status;3907;;;
CH-SMF-AA-1MA;light_status;3908;;;
CH-SMF-AA-1CA;light_status;3909;;;
CH-SMF-RR-1MA;light_status;3910;;;
CH-SMF-RR-1CA;light_status;3911;;;
CAS-SMF-AA-CA;light_status;3912;;;
CAS-SMF-AA-MA;light_status;3913;;;
COR-SMF-AA-1CA;light_status;3914;;;
COR-SMF-AA-1MA;light_status;3915;;;
STM2-SMF-AA-1MA;light_status;3916;;;
STM2-SMF-AA-1CA;light_status;3917;;;
NG-SMF-AA-1MA;light_status;3918;;;
NG-SMF-AA-1CA;light_status;3919;;;
RESERVED;RESERVED;3920;;;
RESERVED;RESERVED;3921;;;
RESERVED;RESERVED;3922;;;
RESERVED;RESERVED;3923;;;
RESERVED;RESERVED;3924;;;
RV-CITS-1;temperature;3925;;;
RV-CBT;temperature;3926;;;
RV-CGBT-1;temperature;3927;;;
RV-CPCI-1;temperature;3928;;;
MM-CITS-1;temperature;3929;;;
MM-CGBT-1;temperature;3930;;;
MM-CPCI-1;temperature;3931;;;
STMI-CITS-1;temperature;3932;;;
STMI-CGBT-1;temperature;3933;;;
CAS-PCI-BC;temperature;3934;;;
CAS-CGBT-BC;temperature;3935;;;
CAS-CITS-BC;temperature;3936;;;
CAS-CGBT-BM;temperature;3937;;;
CAS-CITS-BM;temperature;3938;;;
CH-CGBT-1;temperature;3939;;;
CH-CITS-1;temperature;3940;;;
CH-CPCI-1;temperature;3941;;;
COR-PCI-BC;temperature;3942;;;
COR-CGBT-BC;temperature;3943;;;
COR-CITS-BC;temperature;3944;;;
COR-CITS-BM;temperature;3945;;;
COR-CGBT-BM;temperature;3946;;;
LQ-CGBT-1;temperature;3947;;;
LQ-CITS-1;temperature;3948;;;
LQ-PCI-1;temperature;3949;;;
EST-CITS-1;temperature;3950;;;
EST-CGBT-1;temperature;3951;;;
STM2-CITS-BC;temperature;3952;;;
STM2-CGBT-BC;temperature;3953;;;
NG-CITS-BM;temperature;3954;;;
NG-CPCI-BM;temperature;3955;;;
NG-CGBT-BM;temperature;3956;;;
NG-CITS-BC;temperature;3957;;;
MM-CBT;temperature;3958;;;
STMI-CBT;temperature;3959;;;
CAS-CBT;temperature;3960;;;
CH-CBT;temperature;3961;;;
COR-CBT;temperature;3962;;;
LQ-CBT;temperature;3963;;;
EST-CBT;temperature;3964;;;
STM2-CBT;temperature;3965;;;
NG-CBT;temperature;3966;;;
RESERVED;RESERVED;3967;;;
RESERVED;RESERVED;3968;;;
RESERVED;RESERVED;3969;;;
CAS-MAGDIF-MAN-CSA-SAI-B;state;3970;;;
CAS-MAGDIF-AA1-SC;state;3971;;;
CAS-MAGDIF-AA2-SC;state;3972;;;
CAS-MAGDIF-AA10-SM;state;3973;;;
CAS-MAGDIF-AA11-SM;state;3974;;;
CAS-MAGDIF-AE9-SM;state;3975;;;
CAS-MAGDIF-AE12-SC;state;3976;;;
CAS-MAGDIF-A15-SC;state;3977;;;
CAS-MAGDIF-A16-SM;state;3978;;;
CAS-MAGDIF-MAN-CSA-RED-B;state;3979;;;
CAS-MAGDIF-A3-SC;state;3980;;;
CAS-MAGDIF-A5-SC;state;3981;;;
CAS-MAGDIF-A4-SC;state;3982;;;
CAS-MAGDIF-A6-SC;state;3983;;;
CAS-MAG-CSA-SAI-B;state;3984;;;
CAS-MAG-CSA-RED-B;state;3985;;;
CAS-MAGDIF-MAN-CSA-SAI-A;state;3986;;;
CAS-MAGDIF-AA10-SC;state;3987;;;
CAS-MAGDIF-AA11-SC;state;3988;;;
CAS-MAGDIF-AA1-SM;state;3989;;;
CAS-MAGDIF-AA2-SM;state;3990;;;
CAS-MAGDIF-AE9-SC;state;3991;;;
CAS-MAGDIF-AE12-SM;state;3992;;;
CAS-MAGDIF-A13-SC;state;3993;;;
CAS-MAGDIF-A14-SM;state;3994;;;
CAS-MAGDIF-MAN-CSA-RED-A;state;3995;;;
CAS-MAGDIF-A3-SM;state;3996;;;
CAS-MAGDIF-A5-SM;state;3997;;;
CAS-MAGDIF-A4-SM;state;3998;;;
CAS-MAGDIF-A6-SM;state;3999;;;
CAS-MAG-A1-ITS-A;state;4000;;;
CAS-MAG-E1-ITS-A;state;4001;;;
CAS-MAG-F1-ITS-A;state;4002;;;
CAS-MAG-F2-ITS-A;state;4003;;;
CAS-MAG-CSA-SAI-A;state;4004;;;
CAS-MAG-CSA-RED-A;state;4005;;;
CAS-MAGDIF-CS-ITS-A;state;4006;;;
CAS-INT-MT-CGBT-A;state;4007;;;
CAS-MAGDIF-CSA-RED-A-CGBT-A;state;4008;;;
CAS-INT-CGBT-A;state;4009;;;
CAS-MAGDIF-SER-AUX-GE-CGBT-A;state;4010;;;
CAS-CONT-CONM-RED-CGBT-A;state;4011;;;
CAS-CONT-CONM-GRUPO-CGBT-A;state;4012;;;
CAS-INT-SAI-CGBT-A;state;4013;;;
CAS-INT-CSV-A-CGBT-A;state;4014;;;
CAS-INT-CS-PCI-CGBT-A;state;4015;;;
CAS-INT-BAT-COND-CGBT-A;state;4016;;;
CAS-MAGDIF-CS-BT-CGBT-A;state;4017;;;
CAS-INT-CS-SAI-A;state;4018;;;
CAS-MAGDIF-CSA-SAI-CS-SAI-A;state;4019;;;
CAS-MAGDIF-ITS-1-SAI-A;state;4020;;;
CAS-MAGDIF-CSG-GAL-SAI-A;state;4021;;;
CAS-MAGDIF-CS-ITS-SAI-A;state;4022;;;
CAS-MAGDIF-CS-PCI-SAI-A;state;4023;;;
CAS-MAGDIF-CS-BT-A;state;4024;;;
CAS-MAG-A1-BT-A;state;4025;;;
CAS-MAG-E1-BT-A;state;4026;;;
CAS-MAG-F1-BT-A;state;4027;;;
CAS-MAG-F2-BT-A;state;4028;;;
CAS-INT-MT-CGBT-B;state;4029;;;
CAS-MAGDIF-CSA-RED-B-CGBT-B;state;4030;;;
CAS-INT-CGBT-B;state;4031;;;
CAS-MAGDIF-SER-AUX-GE-CGBT-B;state;4032;;;
CAS-CONT-CONM-RED-CGBT-B;state;4033;;;
CAS-CONT-CONM-GRUPO-CGBT-B;state;4034;;;
CAS-INT-SAI-CGBT-B;state;4035;;;
CAS-INT-CSV-B-CGBT-B;state;4036;;;
CAS-INT-BAT-COND-CGBT-B;state;4037;;;
CAS-MAGDIF-CS-BT-CGBT-B;state;4038;;;
CAS-MAGDIF-CUAD-SECC-CGBT-B;state;4039;;;
CAS-INT-CS-SAI-B;state;4040;;;
CAS-MAGDIF-CSA-SAI-CS-SAI-B;state;4041;;;
CAS-MAGDIF-ITS-1-SAI-B;state;4042;;;
CAS-MAGDIF-CSG-GAL-SAI-B;state;4043;;;
CAS-MAGDIF-CS-ITS-SAI-B;state;4044;;;
CAS-MAGDIF-CS-ITS-B;state;4045;;;
CAS-MAG-A1-ITS-B;state;4046;;;
CAS-MAG-E1-ITS-B;state;4047;;;
CAS-MAG-F1-ITS-B;state;4048;;;
CAS-MAG-F2-ITS-B;state;4049;;;
CAS-MAGDIF-CS-BT-B;state;4050;;;
CAS-MAG-A1-BT-B;state;4051;;;
CAS-MAG-E1-BT-B;state;4052;;;
CAS-MAG-F1-BT-B;state;4053;;;
CAS-MAG-F2-BT-B;state;4054;;;
CAS-MAG-ITS-1-A;state;4055;;;
CAS-MAGDIF-BF10-A;state;4056;;;
CAS-MAGDIF-BF11-A;state;4057;;;
CAS-MAGDIF-BF12-A;state;4058;;;
CAS-MAGDIF-BF13.1-A;state;4059;;;
CAS-MAGDIF-BF13.3-A;state;4060;;;
CAS-MAGDIF-BF13.2-A;state;4061;;;
CAS-MAGDIF-BF14.1-A;state;4062;;;
CAS-MAGDIF-BF14.2-A;state;4063;;;
CAS-MAGDIF-BF14.3-A;state;4064;;;
CAS-MAGDIF-BF15-A;state;4065;;;
CAS-MAGDIF-OP-VODAFONE-A;state;4066;;;
CAS-MAGDIF-BF19-A;state;4067;;;
CAS-MAGDIF-BF20-A;state;4068;;;
CAS-MAGDIF-BF21-A;state;4069;;;
CAS-MAGDIF-BF22-A;state;4070;;;
CAS-MAGDIF-BF23-A;state;4071;;;
CAS-MAGDIF-BF24-A;state;4072;;;
CAS-MAGDIF-BF25-A;state;4073;;;
CAS-MAGDIF-BF26-A;state;4074;;;
CAS-MAGDIF-BF27-A;state;4075;;;
CAS-MAGDIF-BF28-A;state;4076;;;
CAS-MAGDIF-OP-ORANGE-A;state;4077;;;
CAS-MAGDIF-BF30-A;state;4078;;;
CAS-MAGDIF-BF31-A;state;4079;;;
CAS-MAGDIF-OP-MOVISTAR-A;state;4080;;;
CAS-MAGDIF-BF33-A;state;4081;;;
CAS-MAGDIF-BF34-A;state;4082;;;
CAS-MAGDIF-BF35-A;state;4083;;;
CAS-MAGDIF-DET-LAZO-A;state;4084;;;
CAS-MAGDIF-CGBT-ITS-1-A;state;4085;;;
CAS-MAG-ITS-1-B;state;4086;;;
CAS-MAGDIF-BF10-B;state;4087;;;
CAS-MAGDIF-BF11-B;state;4088;;;
CAS-MAGDIF-BF13.1-B;state;4089;;;
CAS-MAGDIF-BF13.2-B;state;4090;;;
CAS-MAGDIF-BF14.1-B;state;4091;;;
CAS-MAGDIF-BF14.2-B;state;4092;;;
CAS-MAGDIF-BF15-B;state;4093;;;
CAS-MAGDIF-BF19-B;state;4094;;;
CAS-MAGDIF-BF20-B;state;4095;;;
CAS-MAGDIF-BF21-B;state;4096;;;
CAS-MAGDIF-BF22-B;state;4097;;;
CAS-MAGDIF-BF23-B;state;4098;;;
CAS-MAGDIF-BF24-B;state;4099;;;
CAS-MAGDIF-BF26-B;state;4100;;;
CAS-MAGDIF-BF27-B;state;4101;;;
CAS-MAGDIF-BF28-B;state;4102;;;
CAS-MAGDIF-BF30-B;state;4103;;;
CAS-MAGDIF-BF31-B;state;4104;;;
CAS-MAGDIF-CGBT-ITS-1-B;state;4105;;;
CAS-MAGDIF-BF33-B;state;4106;;;
CAS-MAGDIF-BF34-B;state;4107;;;
CAS-MAGDIF-BF35-B;state;4108;;;
CAS-MAGDIF-DET-LAZO-B;state;4109;;;
CAS-INT-CSV-A;state;4110;;;
CAS-MAGDIF-MAN-CSV-A;state;4111;;;
CAS-VENT-INT-VF1-MA;state;4112;;;
CAS-VENT-INT-VF2-MA;state;4113;;;
CAS-VENT-INT-VF3-MA;state;4114;;;
CAS-VENT-INT-VF4-MA;state;4115;;;
CAS-VENT-INT-VF5-MA;state;4116;;;
CAS-VENT-INT-VF6-MA;state;4117;;;
CAS-VENT-INT-VF7-MA;state;4118;;;
CAS-VENT-INT-VF7-CA;state;4119;;;
CAS-VENT-INT-VF8-CA;state;4120;;;
CAS-MAGDIF-RCAL-CV1-CSV-A;state;4121;;;
CAS-INT-CSV-B;state;4122;;;
CAS-MAGDIF-MAN-CSV-B;state;4123;;;
CAS-VENT-INT-VF1-CA;state;4124;;;
CAS-VENT-INT-VF2-CA;state;4125;;;
CAS-VENT-INT-VF3-CA;state;4126;;;
CAS-VENT-INT-VF4-CA;state;4127;;;
CAS-VENT-INT-VF5-CA;state;4128;;;
CAS-VENT-INT-VF6-CA;state;4129;;;
CAS-VENT-INT-VF8-MA;state;4130;;;
CAS-VENT-INT-VF9-MA;state;4131;;;
CAS-VENT-INT-VF10-MA;state;4132;;;
CAS-MAG-CSG-GAL-2;state;4133;;;
CAS-MAGDIF-GA1-CSG-2;state;4134;;;
CAS-MAGDIF-GA2-CSG-2;state;4135;;;
CAS-MAGDIF-GE1-CSG-2;state;4136;;;
CAS-MAGDIF-GF5-CSG-2;state;4137;;;
CAS-MAGDIF-GF6-CSG-2;state;4138;;;
CAS-MAGDIF-GF9-CSG-2;state;4139;;;
CAS-MAGDIF-CIR-PRES-CSG-2;state;4140;;;
CAS-MAG-CSG-GAL-1;state;4141;;;
CAS-MAGDIF-GA1-CSG-1;state;4142;;;
CAS-MAGDIF-GA2-CSG-1;state;4143;;;
CAS-MAGDIF-GE1-CSG-1;state;4144;;;
CAS-MAGDIF-GF5-CSG-1;state;4145;;;
CAS-MAGDIF-GF6-CSG-1;state;4146;;;
CAS-MAGDIF-GF9-CSG-1;state;4147;;;
CAS-MAGDIF-CIR-PRES-CSG-1;state;4148;;;
CAS-CONT-GA1-CSG-2;state;4149;;;
CAS-CONT-GA2-CSG-2;state;4150;;;
CAS-CONT-GE1-CSG-2;state;4151;;;
CAS-CONT-GA1-CSG-1;state;4152;;;
CAS-CONT-GA2-CSG-1;state;4153;;;
CAS-CONT-GE1-CSG-1;state;4154;;;
CAS-EKOR-RPG-UCT-BM;state;4155;;;
CAS-EKOR-RPG-UCT-SECC;state;4156;;;
CAS-EKOR-RPG-UCT-BC;state;4157;;;
CAS-MAGDIF-BF39-A;state;4158;;;
CAS-MAGDIF-MAN-ITS-1-A;state;4159;;;
CAS-MAGDIF-MAN-ITS-1-B;state;4160;;;
CAS-MAGDIF-BF25-B;state;4161;;;
CAS-MAGDIF-BF29-B;state;4162;;;
CH-INT-CSA-RED;state;4163;;;
CH-MAGDIF-MAN-CSA-RED;state;4164;;;
CH-MAGDIF-A3-SC;state;4165;;;
CH-MAGDIF-A5-SC;state;4166;;;
CH-MAGDIF-A7-SC;state;4167;;;
CH-MAGDIF-A4-SC;state;4168;;;
CH-MAGDIF-A6-SC;state;4169;;;
CH-MAGDIF-A8-SC;state;4170;;;
CH-MAGDIF-A14-SM;state;4171;;;
CH-MAGDIF-A16-SM;state;4172;;;
CH-MAGDIF-A18-SM;state;4173;;;
CH-MAGDIF-A11-SM;state;4174;;;
CH-MAGDIF-A13-SM;state;4175;;;
CH-MAGDIF-A15-SM;state;4176;;;
CH-INT-CSA-SAI;state;4177;;;
CH-MAGDIF-MAN-CSA-SAI;state;4178;;;
CH-MAGDIF-AA1-SM;state;4179;;;
CH-MAGDIF-AA2-SM;state;4180;;;
CH-MAGDIF-AA12-SC;state;4181;;;
CH-MAGDIF-AA9-SC;state;4182;;;
CH-MAGDIF-AE10-SC;state;4183;;;
CH-MAGDIF-AE17-SM;state;4184;;;
CH-MAGDIF-A19-SC;state;4185;;;
CH-MAGDIF-A20-SC;state;4186;;;
CH-MAGDIF-A21-SM;state;4187;;;
CH-MAGDIF-A22-SM;state;4188;;;
CH-INT-CGBT;state;4189;;;
CH-INT-CSA-RED-CGBT;state;4190;;;
CH-MAGDIF-SER-AUX-GE-CGBT;state;4191;;;
CH-INT-CS-SAI-CGBT;state;4192;;;
CH-INT-CSV-SM-CGBT;state;4193;;;
CH-INT-CSV-SC-CGBT;state;4194;;;
CH-INT-CS-PCI-CGBT;state;4195;;;
CH-INT-BAT-COND-CGBT;state;4196;;;
CH-MAGDIF-CS-BT-CGBT;state;4197;;;
CH-INT-CS-ITS1;state;4198;;;
CH-MAGDIF-MAN-CS-ITS1;state;4199;;;
CH-MAGDIF-BF10;state;4200;;;
CH-MAGDIF-BF11;state;4201;;;
CH-MAGDIF-BF13.1;state;4202;;;
CH-MAGDIF-BF13.2;state;4203;;;
CH-MAGDIF-BF13.3;state;4204;;;
CH-MAGDIF-BF14.1;state;4205;;;
CH-MAGDIF-BF14.2;state;4206;;;
CH-MAGDIF-BF14.3;state;4207;;;
CH-MAGDIF-BF15;state;4208;;;
CH-MAGDIF-METEO;state;4209;;;
CH-MAGDIF-BF19;state;4210;;;
CH-MAGDIF-BF20;state;4211;;;
CH-MAGDIF-BF21;state;4212;;;
CH-MAGDIF-BF22;state;4213;;;
CH-MAGDIF-BF23;state;4214;;;
CH-MAGDIF-BF24;state;4215;;;
CH-MAGDIF-OP-MOVISTAR;state;4216;;;
CH-MAGDIF-BF26;state;4217;;;
CH-MAGDIF-DET1-LAZO;state;4218;;;
CH-INT-CS-ITS2;state;4219;;;
CH-MAGDIF-MAN-CS-ITS2;state;4220;;;
CH-MAGDIF-BF27-SEM;state;4221;;;
CH-MAGDIF-BF28;state;4222;;;
CH-MAGDIF-BF29;state;4223;;;
CH-MAGDIF-BF30;state;4224;;;
CH-MAGDIF-BF34;state;4225;;;
CH-MAGDIF-BF32;state;4226;;;
CH-INT-CS-SAI;state;4227;;;
CH-MAGDIF-CSA-SAI-CS-SAI;state;4228;;;
CH-MAGDIF-CS-ITS1-SAI;state;4229;;;
CH-MAGDIF-CS-ITS2-SAI;state;4230;;;
CH-MAGDIF-CSG-GAL-SAI;state;4231;;;
CH-MAGDIF-CS-ITS-SAI;state;4232;;;
CH-MAGDIF-CS-PCI-SAI;state;4233;;;
CH-MAGDIF-CS-BT;state;4234;;;
CH-MAG-A1-BT;state;4235;;;
CH-MAG-E1-BT;state;4236;;;
CH-MAG-F1-BT;state;4237;;;
CH-MAG-F2-BT;state;4238;;;
CH-INT-CSV-CA;state;4239;;;
CH-MAGDIF-MAN-CSV-CA;state;4240;;;
CH-VENT-MAGDIF-VF1-CA;state;4241;;;
CH-VENT-MAGDIF-VF2-CA;state;4242;;;
CH-VENT-MAGDIF-VF3-CA;state;4243;;;
CH-VENT-MAGDIF-VF4-CA;state;4244;;;
CH-VENT-MAGDIF-VF5-CA;state;4245;;;
CH-VENT-MAGDIF-VF6-CA;state;4246;;;
CH-VENT-MAGDIF-VF7-CA;state;4247;;;
CH-VENT-MAGDIF-VF8-CA;state;4248;;;
CH-MAGDIF-RCAL-CV1-CA;state;4249;;;
CH-INT-CSV-MA;state;4250;;;
CH-MAGDIF-MAN-CSV-MA;state;4251;;;
CH-VENT-MAGDIF-VF1-MA;state;4252;;;
CH-VENT-MAGDIF-VF2-MA;state;4253;;;
CH-VENT-MAGDIF-VF3-MA;state;4254;;;
CH-VENT-MAGDIF-VF4-MA;state;4255;;;
CH-VENT-MAGDIF-VF5-MA;state;4256;;;
CH-VENT-MAGDIF-VF6-MA;state;4257;;;
CH-VENT-MAGDIF-VF7-MA;state;4258;;;
CH-VENT-MAGDIF-VF8-MA;state;4259;;;
CH-MAGDIF-RCAL-CV1-MA;state;4260;;;
CH-INT-CSG-GAL;state;4261;;;
CH-MAGDIF-GA1;state;4262;;;
CH-MAGDIF-GA2;state;4263;;;
CH-MAGDIF-GE1;state;4264;;;
CH-MAGDIF-GF6;state;4265;;;
CH-MAGDIF-GF9;state;4266;;;
CH-MAGDIF-CIRC-PRES;state;4267;;;
CH-MAGDIF-CS-ITS;state;4268;;;
CH-MAG-A1-ITS;state;4269;;;
CH-MAG-E1-ITS;state;4270;;;
CH-MAG-F1-ITS;state;4271;;;
CH-MAG-F2-ITS;state;4272;;;
CH-INT-CGBT-MT;state;4273;;;
CH-CONT-CONM-RED-CGBT;state;4274;;;
CH-CONT-CONM-GRUPO-CGBT;state;4275;;;
CH-EKOR-RPG-UCT;state;4276;;;
CH-MAGDIF-CGBT-ITS1;state;4277;;;
CH-MAGDIF-SMF-PEAJE;state;4278;;;
CH-MAGDIF-INF-VELO;state;4279;;;
CH-MAGDIF-VELOCIMETRO;state;4280;;;
COR-INT-CSA-RED-A;state;4281;;;
COR-MAGDIF-MAN-CSA-RED-A;state;4282;;;
COR-MAGDIF-A3-SM;state;4283;;;
COR-MAGDIF-A5-SM;state;4284;;;
COR-MAGDIF-A4-SM;state;4285;;;
COR-MAGDIF-A6-SM;state;4286;;;
COR-INT-CSA-SAI-A;state;4287;;;
COR-MAGDIF-MAN-CSA-SAI-A;state;4288;;;
COR-MAGDIF-AA12-SC;state;4289;;;
COR-MAGDIF-AA9-SC;state;4290;;;
COR-MAGDIF-AA1-SM;state;4291;;;
COR-MAGDIF-AA2-SM;state;4292;;;
COR-MAGDIF-AE10-SM;state;4293;;;
COR-MAGDIF-AE11-SC;state;4294;;;
COR-MAGDIF-A12-SC;state;4295;;;
COR-MAGDIF-A13-SM;state;4296;;;
COR-INT-CSA-RED-B;state;4297;;;
COR-MAGDIF-MAN-CSA-RED-B;state;4298;;;
COR-MAGDIF-A3-SC;state;4299;;;
COR-MAGDIF-A5-SC;state;4300;;;
COR-MAGDIF-A4-SC;state;4301;;;
COR-MAGDIF-A6-SC;state;4302;;;
COR-INT-CSA-SAI-B;state;4303;;;
COR-MAGDIF-MAN-CSA-SAI-B;state;4304;;;
COR-MAGDIF-AA1-SC;state;4305;;;
COR-MAGDIF-AA2-SC;state;4306;;;
COR-MAGDIF-AA12-SM;state;4307;;;
COR-MAGDIF-AA9-SM;state;4308;;;
COR-MAGDIF-AE-10-SC;state;4309;;;
COR-MAGDIF-AE11-SM;state;4310;;;
COR-MAGDIF-A14-SC;state;4311;;;
COR-MAGDIF-A15-SM;state;4312;;;
COR-INT-CGBT-A;state;4313;;;
COR-INT-CSA-RED-A-CGBT-A;state;4314;;;
COR-INT-CS-BT-CGBT-A;state;4315;;;
COR-MAGDIF-SER-AUX-GE-CGBT-A;state;4316;;;
COR-CONT-CONM-RED-CGBT-A;state;4317;;;
COR-CONT-CONM-GRUPO-CGBT-A;state;4318;;;
COR-INT-SAI-CGBT-A;state;4319;;;
COR-INT-CSV-A-MA-CGBT-A;state;4320;;;
COR-INT-CSV-A-CA-CGBT-A;state;4321;;;
COR-MAGDIF-CS-PCI-CGBT-A;state;4322;;;
COR-INT-BAT-COND-CGBT-A;state;4323;;;
COR-INT-CGBT-B;state;4324;;;
COR-INT-CSA-RED-B-CGBT-B;state;4325;;;
COR-INT-CS-BT-CGBT-B;state;4326;;;
COR-MAGDIF-SER-AUX-GE-CGBT-B;state;4327;;;
COR-MAGDIF-CUAD-SECC-CGBT-B;state;4328;;;
COR-CONT-CONM-RED-CGBT-B;state;4329;;;
COR-CONT-CONM-GRUPO-CGBT-B;state;4330;;;
COR-INT-SAI-CGBT-B;state;4331;;;
COR-INT-CSV-B-MA-CGBT-B;state;4332;;;
COR-INT-CSV-B-CA-CGBT-B;state;4333;;;
COR-INT-BAT-COND-CGBT-B;state;4334;;;
COR-INT-CS-ITS-A;state;4335;;;
COR-MAGDIF-MAN-CS-ITS-A;state;4336;;;
COR-MAGDIF-BF10-ITS1-A;state;4337;;;
COR-MAGDIF-BF11-ITS1-A;state;4338;;;
COR-MAGDIF-CGBT-ITS1-A;state;4339;;;
COR-MAGDIF-BF13.1-ITS1-A;state;4340;;;
COR-MAGDIF-BF13.2-ITS1-A;state;4341;;;
COR-MAGDIF-BF14.1-ITS1-A;state;4342;;;
COR-MAGDIF-BF14.2-ITS1-A;state;4343;;;
COR-MAGDIF-BF15-ITS1-A;state;4344;;;
COR-MAGDIF-BF19-ITS1-A;state;4345;;;
COR-MAGDIF-BF20-ITS1-A;state;4346;;;
COR-MAGDIF-BF21-ITS1-A;state;4347;;;
COR-MAGDIF-BF22-ITS1-A;state;4348;;;
COR-MAGDIF-BF23-ITS1-A;state;4349;;;
COR-MAGDIF-BF24-ITS1-A;state;4350;;;
COR-MAGDIF-BF25-ITS1-A;state;4351;;;
COR-MAGDIF-BF26-ITS1-A;state;4352;;;
COR-MAGDIF-BF27-ITS1-A;state;4353;;;
COR-MAGDIF-BF28-ITS1-A;state;4354;;;
COR-MAGDIF-OP-VODAFONE-ITS1-A;state;4355;;;
COR-MAGDIF-BF30-ITS1-A;state;4356;;;
COR-MAGDIF-BF31-ITS1-A;state;4357;;;
COR-MAGDIF-OP-MOVISTAR-ITS1-A;state;4358;;;
COR-MAGDIF-BF33-ITS1-A;state;4359;;;
COR-MAGDIF-BF34-ITS1-A;state;4360;;;
COR-MAGDIF-BF36-ITS1-A;state;4361;;;
COR-MAGDIF-DET-LAZO-ITS1-A;state;4362;;;
COR-INT-CS-ITS-B;state;4363;;;
COR-MAGDIF-MAN-CS-ITS-B;state;4364;;;
COR-MAGDIF-BF10-ITS1-B;state;4365;;;
COR-MAGDIF-BF11-ITS1-B;state;4366;;;
COR-MAGDIF-BF13.1-ITS1-B;state;4367;;;
COR-MAGDIF-BF13.2-ITS1-B;state;4368;;;
COR-MAGDIF-BF14.1-ITS1-B;state;4369;;;
COR-MAGDIF-BF14.2-ITS1-B;state;4370;;;
COR-MAGDIF-BF15-ITS1-B;state;4371;;;
COR-MAGDIF-BF19-ITS1-B;state;4372;;;
COR-MAGDIF-BF20-ITS1-B;state;4373;;;
COR-MAGDIF-BF21-ITS1-B;state;4374;;;
COR-MAGDIF-BF22-ITS1-B;state;4375;;;
COR-MAGDIF-BF23-ITS1-B;state;4376;;;
COR-MAGDIF-BF24-ITS1-B;state;4377;;;
COR-MAGDIF-BF25-ITS1-B;state;4378;;;
COR-MAGDIF-BF26-ITS1-B;state;4379;;;
COR-MAGDIF-BF27-ITS1-B;state;4380;;;
COR-MAGDIF-CGBT-ITS1-B;state;4381;;;
COR-MAGDIF-BF29-ITS1-B;state;4382;;;
COR-MAGDIF-BF30-ITS1-B;state;4383;;;
COR-MAGDIF-BF31-ITS1-B;state;4384;;;
COR-MAGDIF-BF33-ITS1-B;state;4385;;;
COR-MAGDIF-BF34-ITS1-B;state;4386;;;
COR-MAGDIF-BF35-ITS1-B;state;4387;;;
COR-MAGDIF-BF36-ITS1-B;state;4388;;;
COR-MAGDIF-DET-LAZO-ITS1-B;state;4389;;;
COR-INT-CSG-1;state;4390;;;
COR-MAGDIF-GA1-CSG-1;state;4391;;;
COR-CONT-GA1-CSG-1;state;4392;;;
COR-MAGDIF-GA2-CSG-1;state;4393;;;
COR-CONT-GA2-CSG-1;state;4394;;;
COR-MAGDIF-GE1-CSG-1;state;4395;;;
COR-CONT-GE1-CSG-1;state;4396;;;
COR-MAGDIF-GF6-CSG-1;state;4397;;;
COR-MAGDIF-GF9-CSG-1;state;4398;;;
COR-MAGDIF-CIR-PRES-CSG-1;state;4399;;;
COR-INT-CSG-2;state;4400;;;
COR-MAGDIF-GA1-CSG-2;state;4401;;;
COR-CONT-GA1-CSG-2;state;4402;;;
COR-MAGDIF-GA2-CSG-2;state;4403;;;
COR-CONT-GA2-CSG-2;state;4404;;;
COR-MAGDIF-GE1-CSG-2;state;4405;;;
COR-CONT-GE1-CSG-2;state;4406;;;
COR-MAGDIF-GF6-CSG-2;state;4407;;;
COR-MAGDIF-GF9-CSG-2;state;4408;;;
COR-MAGDIF-CIR-PRES-CSG-2;state;4409;;;
COR-INT-CSG-3;state;4410;;;
COR-MAGDIF-GA1-CSG-3;state;4411;;;
COR-MAGDIF-GA2-CSG-3;state;4412;;;
COR-MAGDIF-GE1-CSG-3;state;4413;;;
COR-MAGDIF-GF6-CSG-3;state;4414;;;
COR-MAGDIF-GF9-CSG-3;state;4415;;;
COR-MAGDIF-CIR-PRES-CSG-3;state;4416;;;
COR-INT-CSV-A-MA;state;4417;;;
COR-MAGDIF-MAN-CSV-A-MA;state;4418;;;
COR-VENT-INT-VF1-MA;state;4419;;;
COR-VENT-INT-VF2-MA;state;4420;;;
COR-VENT-INT-VF3-MA;state;4421;;;
COR-VENT-INT-VF4-MA;state;4422;;;
COR-VENT-INT-VF5-MA;state;4423;;;
COR-VENT-INT-VF6-MA;state;4424;;;
COR-INT-CSV-A-CA;state;4425;;;
COR-MAGDIF-MAN-CSV-A-CA;state;4426;;;
COR-VENT-INT-VF6-CA;state;4427;;;
COR-VENT-INT-VF7-CA;state;4428;;;
COR-VENT-INT-VF8-CA;state;4429;;;
COR-MAGDIF-RCALD-CSV-A-CA;state;4430;;;
COR-INT-CSV-B-MA;state;4431;;;
COR-MAGDIF-MAN-CSV-B-MA;state;4432;;;
COR-VENT-INT-VF7-MA;state;4433;;;
COR-VENT-INT-VF8-MA;state;4434;;;
COR-VENT-INT-VF9-MA;state;4435;;;
COR-VENT-INT-VF10-MA;state;4436;;;
COR-INT-CSV-B-CA;state;4437;;;
COR-MAGDIF-MAN-CSV-B-CA;state;4438;;;
COR-VENT-INT-VF1-CA;state;4439;;;
COR-VENT-INT-VF2-CA;state;4440;;;
COR-VENT-INT-VF3-CA;state;4441;;;
COR-VENT-INT-VF4-CA;state;4442;;;
COR-VENT-INT-VF5-CA;state;4443;;;
COR-INT-CS-SAI-A;state;4444;;;
COR-MAGDIF-CSA-CS-SAI-A;state;4445;;;
COR-MAGDIF-ITS1-SAI-A;state;4446;;;
COR-MAGDIF-CSG-1-SAI-A;state;4447;;;
COR-MAGDIF-CSG-2-SAI-A;state;4448;;;
COR-MAGDIF-ITS-SAI-A;state;4449;;;
COR-MAGDIF-PCI-SAI-A;state;4450;;;
COR-MAGDIF-CS-BT-A;state;4451;;;
COR-MAG-A1-BT-A;state;4452;;;
COR-MAG-E1-BT-A;state;4453;;;
COR-MAG-F1-BT-A;state;4454;;;
COR-MAG-F2-BT-A;state;4455;;;
COR-INT-CS-SAI-B;state;4456;;;
COR-MAGDIF-CSA-SAI-CS-SAI-B;state;4457;;;
COR-MAGDIF-ITS1-SAI-B;state;4458;;;
COR-MAGDIF-CSG-3-SAI-B;state;4459;;;
COR-MAGDIF-ITS-SAI-B;state;4460;;;
COR-MAGDIF-CS-BT-B;state;4461;;;
COR-MAG-A1-BT-B;state;4462;;;
COR-MAG-E1-BT-B;state;4463;;;
COR-MAG-F1-BT-B;state;4464;;;
COR-MAG-F2-BT-B;state;4465;;;
COR-MAGDIF-CS-ITS-A;state;4466;;;
COR-MAG-A1-ITS-A;state;4467;;;
COR-MAG-E1-ITS-A;state;4468;;;
COR-MAG-F1-ITS-A;state;4469;;;
COR-MAG-F2-ITS-A;state;4470;;;
COR-MAGDIF-CS-ITS-B;state;4471;;;
COR-MAG-A1-ITS-B;state;4472;;;
COR-MAG-E1-ITS-B;state;4473;;;
COR-MAG-F1-ITS-B;state;4474;;;
COR-MAG-F2-ITS-B;state;4475;;;
COR-EKOR-RPG-UCT-BC;state;4476;;;
COR-INT-MT-CGBT-A;state;4477;;;
COR-EKOR-RPG-UCT-BM;state;4478;;;
COR-INT-MT-CGBT-B;state;4479;;;
COR-EKOR-RPG-UCT-SECC;state;4480;;;
COR-MAGDIF-METEO;state;4481;;;
COR-MAGDIF-ETD;state;4482;;;
COR-MAGDIF-VTA-ANE;state;4483;;;
COR-MAGDIF-0-10-V;state;4484;;;
COR-MAGDIF-PMV-EST;state;4485;;;
EST-INT-CGBT;state;4486;;;
EST-INT-CSA-RED-CGBT;state;4487;;;
EST-MAGDIF-SER-AUX-GE-CGBT;state;4488;;;
EST-CONT-CONM-RED-CGBT;state;4489;;;
EST-MAGDIF-CS-BT-CGBT;state;4490;;;
EST-CONT-CONM-GRUPO-CGBT;state;4491;;;
EST-INT-CS-SAI-CGBT;state;4492;;;
EST-MAGDIF-BAT-COND-CGBT;state;4493;;;
EST-MAGDIF-CS-BT;state;4494;;;
EST-MAG-A1-BT;state;4495;;;
EST-MAG-E1-BT;state;4496;;;
EST-MAG-F1-BT;state;4497;;;
EST-MAG-F2-BT;state;4498;;;
EST-INT-CS-SAI;state;4499;;;
EST-MAGDIF-CSA-SAI-CS-SAI;state;4500;;;
EST-MAGDIF-ITS-1-SAI;state;4501;;;
EST-MAGDIF-CS-ITS-SAI;state;4502;;;
EST-MAGDIF-CS-ITS;state;4503;;;
EST-MAG-A1-ITS;state;4504;;;
EST-MAG-E1-ITS;state;4505;;;
EST-MAG-F1-ITS;state;4506;;;
EST-MAG-F2-ITS;state;4507;;;
EST-MAG-CSA-SAI;state;4508;;;
EST-MAGDIF-MAN-CSA-SAI;state;4509;;;
EST-MAGDIF-AA1-SC;state;4510;;;
EST-MAGDIF-AA2-SC;state;4511;;;
EST-MAGDIF-AA6-SM;state;4512;;;
EST-MAGDIF-AA5-SM;state;4513;;;
EST-MAGDIF-AE9-SM;state;4514;;;
EST-MAGDIF-AE10-SC;state;4515;;;
EST-MAGDIF-A11-SC;state;4516;;;
EST-MAGDIF-A12-SC;state;4517;;;
EST-MAGDIF-A13-SM;state;4518;;;
EST-MAGDIF-A14-SM;state;4519;;;
EST-INT-CSA-RED;state;4520;;;
EST-MAGDIF-MAN-CSA-RED;state;4521;;;
EST-MAGDIF-A3-SC;state;4522;;;
EST-MAGDIF-A4-SC;state;4523;;;
EST-MAGDIF-A8-SM;state;4524;;;
EST-MAGDIF-A7-SM;state;4525;;;
EST-MAG-CS-ITS-1;state;4526;;;
EST-MAGDIF-MAN-CS-ITS-1;state;4527;;;
EST-MAGDIF-BF2.1;state;4528;;;
EST-MAGDIF-BF2.2;state;4529;;;
EST-MAGDIF-BF3;state;4530;;;
EST-MAGDIF-BF5;state;4531;;;
EST-MAGDIF-DET-LAZO;state;4532;;;
EST-MAGDIF-BF8;state;4533;;;
EST-MAGDIF-BF9;state;4534;;;
EST-MAGDIF-BF11;state;4535;;;
EST-MAGDIF-BF13;state;4536;;;
EST-MAGDIF-BF14;state;4537;;;
EST-MAGDIF-BF15;state;4538;;;
EST-MAGDIF-BF17.1;state;4539;;;
EST-MAGDIF-BF17.2;state;4540;;;
EST-MAGDIF-BF17.3;state;4541;;;
EST-MAGDIF-BF18.1;state;4542;;;
EST-MAGDIF-BF18.2;state;4543;;;
EST-MAGDIF-BF18.3;state;4544;;;
EST-MAGDIF-BF20;state;4545;;;
EST-MAGDIF-BF21;state;4546;;;
EST-MAGDIF-CS05;state;4547;;;
EST-MAGDIF-PMV-18;state;4548;;;
EST-MAGDIF-PMV-22;state;4549;;;
EST-MAGDIF-ABENGOA;state;4550;;;
LQ-MAG-CSA-SAI;state;4551;;;
LQ-INT-CSA-SAI;state;4552;;;
LQ-MAGDIF-AA1-SC;state;4553;;;
LQ-MAGDIF-AA15-SC;state;4554;;;
LQ-MAGDIF-AA2-SC;state;4555;;;
LQ-MAGDIF-AA16-SC;state;4556;;;
LQ-MAGDIF-AA11-SM;state;4557;;;
LQ-MAGDIF-AA21-SM;state;4558;;;
LQ-MAGDIF-AA10-SM;state;4559;;;
LQ-MAGDIF-AA20-SM;state;4560;;;
LQ-MAGDIF-AE14-SM;state;4561;;;
LQ-MAGDIF-AE9-SC;state;4562;;;
LQ-MAGDIF-A29-SC;state;4563;;;
LQ-MAGDIF-A30-SC;state;4564;;;
LQ-MAGDIF-A31-SM;state;4565;;;
LQ-MAGDIF-A32-SM;state;4566;;;
LQ-MAG-CSA-RED;state;4567;;;
LQ-INT-CSA-RED;state;4568;;;
LQ-MAGDIF-A3-SC;state;4569;;;
LQ-MAGDIF-A5-SC;state;4570;;;
LQ-MAGDIF-A4-SC;state;4571;;;
LQ-MAGDIF-A6-SC;state;4572;;;
LQ-MAGDIF-A13-SM;state;4573;;;
LQ-MAGDIF-A23-SM;state;4574;;;
LQ-MAGDIF-A12-SM;state;4575;;;
LQ-MAGDIF-A22-SM;state;4576;;;
LQ-MAGDIF-A33-SM;state;4577;;;
LQ-MAGDIF-A34-SM;state;4578;;;
LQ-MAGDIF-A35-SM;state;4579;;;
LQ-MAGDIF-A36-SM;state;4580;;;
LQ-MAG-CGBT;state;4581;;;
LQ-INT-CGBT-CSA-RED;state;4582;;;
LQ-MAG-CGBT-SERV-AUX-GE;state;4583;;;
LQ-INT-CGBT-COM-RED;state;4584;;;
LQ-INT-CGBT-COM-GRUPO;state;4585;;;
LQ-INT-CGBT-BAT-COND;state;4586;;;
LQ-INT-CGBT-CSV-TSM;state;4587;;;
LQ-MAG-GEN-CSSAI;state;4588;;;
LQ-INT-CS-EDIF-PCI;state;4589;;;
LQ-INT-CGBT-CSV-TSC;state;4590;;;
LQ-MAG-CGBT-CSEDBT;state;4591;;;
LQ-VENT-INT-VF1-CA;state;4592;;;
LQ-VENT-INT-VF2-CA;state;4593;;;
LQ-VENT-INT-VF3-CA;state;4594;;;
LQ-VENT-INT-VF4-CA;state;4595;;;
LQ-VENT-INT-VF5-CA;state;4596;;;
LQ-VENT-INT-VF6-CA;state;4597;;;
LQ-VENT-INT-VF7-CA;state;4598;;;
LQ-VENT-INT-VF8-CA;state;4599;;;
LQ-VENT-INT-VF9-CA;state;4600;;;
LQ-VENT-INT-VF10-CA;state;4601;;;
LQ-VENT-INT-VF11-CA;state;4602;;;
LQ-VENT-INT-VF12-CA;state;4603;;;
LQ-VENT-INT-VF13-CA;state;4604;;;
LQ-VENT-INT-VF14-CA;state;4605;;;
LQ-VENT-INT-VF15-CA;state;4606;;;
LQ-VENT-INT-VF16-CA;state;4607;;;
LQ-MAG-CSV-2;state;4608;;;
LQ-INT-CSV-2;state;4609;;;
LQ-MAGDIF-RCAL-CV2;state;4610;;;
LQ-VENT-INT-VF1-MA;state;4611;;;
LQ-VENT-INT-VF3-MA;state;4612;;;
LQ-VENT-INT-VF4-MA;state;4613;;;
LQ-VENT-INT-VF5-MA;state;4614;;;
LQ-VENT-INT-VF6-MA;state;4615;;;
LQ-VENT-INT-VF7-MA;state;4616;;;
LQ-VENT-INT-VF8-MA;state;4617;;;
LQ-VENT-INT-VF9-MA;state;4618;;;
LQ-VENT-INT-VF10-MA;state;4619;;;
LQ-MAG-CSV-1;state;4620;;;
LQ-INT-CSV-1;state;4621;;;
LQ-MAGDIF-RCAL-CV1;state;4622;;;
LQ-MAG-CSEDBT;state;4623;;;
LQ-MAG-A1-CGBT;state;4624;;;
LQ-MAG-E1-CGBT;state;4625;;;
LQ-MAG-F1-CGBT;state;4626;;;
LQ-MAG-F2-CGBT;state;4627;;;
LQ-EKOR-RPG-UCT;state;4628;;;
LQ-MAG-CGBT-MT;state;4629;;;
LQ-MAG-CSSAI;state;4630;;;
LQ-CIR-CSSAI;state;4631;;;
LQ-MAG-CS-ITS1;state;4632;;;
LQ-MAG-CSG-GAL;state;4633;;;
LQ-MAG-CS-EDIF-ITS;state;4634;;;
LQ-MAG-A1-EDIF-ITS;state;4635;;;
LQ-MAG-E1-EDIF-ITS;state;4636;;;
LQ-MAG-F1-EDIF-ITS;state;4637;;;
LQ-MAG-F2-EDIF-ITS;state;4638;;;
LQ-INT-GEN-EDIF-PCI;state;4639;;;
LQ-MAG-ITS1;state;4640;;;
LQ-INT-ITS1;state;4641;;;
LQ-MAGDIF-BF10;state;4642;;;
LQ-MAGDIF-BF11;state;4643;;;
LQ-MAGDIF-BF13-2;state;4644;;;
LQ-MAGDIF-BF13-3;state;4645;;;
LQ-MAGDIF-BF13-4;state;4646;;;
LQ-MAGDIF-BF13-5;state;4647;;;
LQ-MAGDIF-BF13-6;state;4648;;;
LQ-MAGDIF-BF13-7;state;4649;;;
LQ-MAGDIF-BF13-1;state;4650;;;
LQ-MAGDIF-BF14-2;state;4651;;;
LQ-MAGDIF-BF14-3;state;4652;;;
LQ-MAGDIF-BF14-4;state;4653;;;
LQ-MAGDIF-BF14-5;state;4654;;;
LQ-MAGDIF-BF15;state;4655;;;
LQ-MAGDIF-BF16;state;4656;;;
LQ-MAGDIF-DET1-LAZO;state;4657;;;
LQ-MAGDIF-METEO;state;4658;;;
LQ-MAGDIF-BF20;state;4659;;;
LQ-MAGDIF-BF21;state;4660;;;
LQ-MAGDIF-BF22;state;4661;;;
LQ-MAGDIF-BF23;state;4662;;;
LQ-MAGDIF-BF25;state;4663;;;
LQ-MAGDIF-BF26;state;4664;;;
LQ-MAGDIF-BF27;state;4665;;;
LQ-MAGDIF-BF28;state;4666;;;
LQ-MAGDIF-BF29;state;4667;;;
LQ-MAGDIF-BF30;state;4668;;;
LQ-MAGDIF-BF34;state;4669;;;
LQ-VENT-INT-VF2-MA;state;4670;;;
LQ-MAG-GAL;state;4671;;;
LQ-MAGDIF-GA1-LUM;state;4672;;;
LQ-MAGDIF-GA2-LUM;state;4673;;;
LQ-MAGDIF-GE1-LUM;state;4674;;;
LQ-MAGDIF-GF6-GAL;state;4675;;;
LQ-MAGDIF-GF9-COMM;state;4676;;;
LQ-MAGDIF-PRES-GAL;state;4677;;;
LQ-INT-CS-EDIF-ITS;state;4678;;;
LQ-MAGDIF-FIBRA;state;4679;;;
LQ-MAGDIF-CGBT-ITS1;state;4680;;;
MM-MAG-CSA-RED;state;4681;;;
MM-INT-CSA-RED;state;4682;;;
MM-MAG-CSA-SAI;state;4683;;;
MM-INT-CSA-SAI;state;4684;;;
MM-MAGDIF-A9-SC;state;4685;;;
MM-MAGDIF-A11-SC;state;4686;;;
MM-MAGDIF-A12-SC;state;4687;;;
MM-MAGDIF-A14-SC;state;4688;;;
MM-MAGDIF-A4-SM;state;4689;;;
MM-MAGDIF-A6-SM;state;4690;;;
MM-MAGDIF-A3-SM;state;4691;;;
MM-MAGDIF-A5-SM;state;4692;;;
MM-MAGDIF-AA7-SC;state;4693;;;
MM-MAGDIF-AA10-SC;state;4694;;;
MM-MAGDIF-AA2-SM;state;4695;;;
MM-MAGDIF-AA1-SM;state;4696;;;
MM-MAGDIF-AE13-SM;state;4697;;;
MM-MAGDIF-AE16-SC;state;4698;;;
MM-MAGDIF-AE17-SC;state;4699;;;
MM-MAGDIF-AE18-SM;state;4700;;;
MM-MAGDIF-A17-SC;state;4701;;;
MM-MAGDIF-A18-SC;state;4702;;;
MM-MAGDIF-A19-SM;state;4703;;;
MM-MAGDIF-A20-SM;state;4704;;;
MM-MAG-CSEDBT-1;state;4705;;;
MM-MAG-CSEDBT-A1;state;4706;;;
MM-MAG-CSEDBT-E1;state;4707;;;
MM-MAG-CSEDBT-F1;state;4708;;;
MM-MAG-F2-CLIMA;state;4709;;;
MM-MAG-CGBT;state;4710;;;
MM-INT-CGBT-CSA-RED;state;4711;;;
MM-MAG-SERV-AUX-GE;state;4712;;;
MM-CONT-COM-RED;state;4713;;;
MM-INT-CGBT-COMM-GRUPO;state;4714;;;
MM-INT-CGBT-SAI;state;4715;;;
MM-INT-CGBT-CSV1;state;4716;;;
MM-INT-CGBT-CSV2;state;4717;;;
MM-INT-CS-PCI-1;state;4718;;;
MM-INT-CGBT-BAT-COND;state;4719;;;
MM-MAG-CGBT-MT;state;4720;;;
MM-MAG-CSV-1;state;4721;;;
MM-INT-CSV-1;state;4722;;;
MM-VENT-INT-VF1-MA;state;4723;;;
MM-VENT-INT-VF2-MA;state;4724;;;
MM-VENT-INT-VF3-MA;state;4725;;;
MM-VENT-INT-VF4-MA;state;4726;;;
MM-VENT-INT-VF5-MA;state;4727;;;
MM-VENT-INT-VF6-MA;state;4728;;;
MM-MAG-CSV-2;state;4729;;;
MM-INT-CSV-2;state;4730;;;
MM-VENT-INT-VF1-CA;state;4731;;;
MM-VENT-INT-VF2-CA;state;4732;;;
MM-VENT-INT-VF3-CA;state;4733;;;
MM-VENT-INT-VF4-CA;state;4734;;;
MM-VENT-INT-VF5-CA;state;4735;;;
MM-VENT-INT-VF6-CA;state;4736;;;
MM-VENT-INT-VF7-CA;state;4737;;;
MM-VENT-INT-VF8-CA;state;4738;;;
MM-MAGDIF-RCAL-CV1;state;4739;;;
MM-MAGDIF-RCAL-CV2;state;4740;;;
MM-MAG-CGBT-CSEDBT;state;4741;;;
MM-MAG-CGBT-CSEDCT;state;4742;;;
MM-MAG-ITS1;state;4743;;;
MM-INT-ITS1;state;4744;;;
MM-MAGDIF-BF10;state;4745;;;
MM-MAGDIF-BF11;state;4746;;;
MM-MAGDIF-BF13-1;state;4747;;;
MM-MAGDIF-BF13-2;state;4748;;;
MM-MAGDIF-BF13-3;state;4749;;;
MM-MAGDIF-BF14-1;state;4750;;;
MM-MAGDIF-BF14-2;state;4751;;;
MM-MAGDIF-BF14-3;state;4752;;;
MM-MAGDIF-BF15;state;4753;;;
MM-MAGDIF-BF19;state;4754;;;
MM-MAGDIF-BF20;state;4755;;;
MM-MAGDIF-BF21;state;4756;;;
MM-MAGDIF-BF22;state;4757;;;
MM-MAGDIF-BF23;state;4758;;;
MM-MAGDIF-MOVISTAR;state;4759;;;
MM-MAGDIF-BF28;state;4760;;;
MM-MAGDIF-BF25;state;4761;;;
MM-MAGDIF-DET1-LAZO;state;4762;;;
MM-MAGDIF-METEO;state;4763;;;
MM-MAGDIF-CUADRO-CGBT;state;4764;;;
MM-MAGDIF-ORANGE;state;4765;;;
MM-MAG-CS-CSSAI;state;4766;;;
MM-INT-CS-CSSAI;state;4767;;;
MM-MAG-CS-ITS1;state;4768;;;
MM-MAG-CS-ITS2;state;4769;;;
MM-MAG-CSG;state;4770;;;
MM-INT-CS-EDIF-ITS;state;4771;;;
MM-INT-CS-EDIF-PCI;state;4772;;;
MM-MAG-ITS2;state;4773;;;
MM-INT-ITS2;state;4774;;;
MM-MAGDIF-BF24;state;4775;;;
MM-MAGDIF-BF26;state;4776;;;
MM-MAGDIF-BF30;state;4777;;;
MM-MAGDIF-BF31;state;4778;;;
MM-MAGDIF-BF32;state;4779;;;
MM-MAGDIF-BF33;state;4780;;;
MM-MAGDIF-GA1-LUM;state;4781;;;
MM-MAGDIF-GA2-LUM;state;4782;;;
MM-MAGDIF-GE1-LUM;state;4783;;;
MM-MAGDIF-GF5-GAL;state;4784;;;
MM-MAGDIF-GF6-GAL;state;4785;;;
MM-MAGDIF-GF9-COMM;state;4786;;;
MM-MAGDIF-PRES-GAL;state;4787;;;
MM-EKOR-RPG-UCT;state;4788;;;
MM-MAGDIF-FIBRA;state;4789;;;
MM-MAG-CSG-GAL;state;4790;;;
NG-VENT-INT-VF1-CA;state;4791;;;
NG-VENT-INT-VF2-CA;state;4792;;;
NG-VENT-INT-VF3-CA;state;4793;;;
NG-VENT-INT-VF4-CA;state;4794;;;
NG-VENT-INT-VF5-CA;state;4795;;;
NG-VENT-INT-VF6-CA;state;4796;;;
NG-VENT-INT-VF7-CA;state;4797;;;
NG-VENT-INT-VF8-CA;state;4798;;;
NG-INT-CSV;state;4799;;;
NG-MAGDIF-MAN-CSV;state;4800;;;
NG-MADGIF-RCALD-CA;state;4801;;;
NG-MADGIF-RCALD-MA;state;4802;;;
NG-VENT-INT-VF2-MA;state;4803;;;
NG-VENT-INT-VF1-MA;state;4804;;;
NG-VENT-INT-VF3-MA;state;4805;;;
NG-VENT-INT-VF6-MA;state;4806;;;
NG-VENT-INT-VF5-MA;state;4807;;;
NG-VENT-INT-VF4-MA;state;4808;;;
NG-INT-CSA-RED;state;4809;;;
NG-MAGDIF-MAN-CSA-RED;state;4810;;;
NG-MAGDIF-A3-SC;state;4811;;;
NG-MAGDIF-A5-SC;state;4812;;;
NG-MAGDIF-A6-SC;state;4813;;;
NG-MAGDIF-A8-SC;state;4814;;;
NG-MAGDIF-A12-SM;state;4815;;;
NG-MAGDIF-A14-SM;state;4816;;;
NG-MAGDIF-A11-SM;state;4817;;;
NG-MAGDIF-A13-SM;state;4818;;;
NG-MAG-ITS-2;state;4819;;;
NG-MAGDIF-A1-SC;state;4820;;;
NG-MAGDIF-A2-SM;state;4821;;;
NG-INT-CSA-SAI;state;4822;;;
NG-MAGDIF-MAN-CSA-SAI;state;4823;;;
NG-MAGDIF-AA1-SC;state;4824;;;
NG-MAGDIF-AA2-SC;state;4825;;;
NG-MAGDIF-AE4-SC;state;4826;;;
NG-MAGDIF-AA10-SM;state;4827;;;
NG-MAGDIF-AE7-SM;state;4828;;;
NG-MAGDIF-AA9-SM;state;4829;;;
NG-MAGDIF-A15-SC;state;4830;;;
NG-MAGDIF-A16-SM;state;4831;;;
NG-MAGDIF-MAN-ITS-2;state;4832;;;
NG-MAGDIF-CS-ITS-2;state;4833;;;
NG-MAGDIF-CF2-ITS-2;state;4834;;;
NG-MAGDIF-CF3-ITS-2;state;4835;;;
NG-MAGDIF-CF4-ITS-2;state;4836;;;
NG-MAGDIF-CF5-ITS-2;state;4837;;;
NG-MAGDIF-BF14.10-ITS-2;state;4838;;;
NG-MAGDIF-BF13.10-ITS-2;state;4839;;;
NG-MAGDIF-SMF-BC-ITS-2;state;4840;;;
NG-MAGDIF-CF6-ITS-2;state;4841;;;
NG-MAG-CSG;state;4842;;;
NG-MAGDIF-GA1-CSG;state;4843;;;
NG-MAGDIF-GA2-CSG;state;4844;;;
NG-MAGDIF-GE1-CSG;state;4845;;;
NG-MAGDIF-GF5-CSG;state;4846;;;
NG-MAGDIF-GF6-CSG;state;4847;;;
NG-MAGDIF-GF9-CSG;state;4848;;;
NG-MAGDIF-CIR-PRES-CSG;state;4849;;;
NG-INT-CGBT;state;4850;;;
NG-CONT-CONM-RED-CGBT;state;4851;;;
NG-CONT-CONM-GRUPO-CGBT;state;4852;;;
NG-MAGDIF-SER-AUX-GE-CGBT;state;4853;;;
NG-INT-CSA-RED-CGBT;state;4854;;;
NG-MAGDIF-CS4;state;4855;;;
NG-INT-BAT-COND-CGBT;state;4856;;;
NG-MAGDIF-CS17;state;4857;;;
NG-INT-CSV-CGBT;state;4858;;;
NG-INT-CS-SAI-CGBT;state;4859;;;
NG-INT-CS-PCI-CGBT;state;4860;;;
NG-MAGDIF-CS-BT-CGBT;state;4861;;;
NG-MAGDIF-CS-BT;state;4862;;;
NG-MAG-A1-BT;state;4863;;;
NG-MAG-E1-BT;state;4864;;;
NG-MAG-F1-BT;state;4865;;;
NG-MAG-F2-BT;state;4866;;;
NG-MAGDIF-CS-ITS;state;4867;;;
NG-MAG-A1-ITS;state;4868;;;
NG-MAG-E1-ITS;state;4869;;;
NG-MAG-F1-ITS;state;4870;;;
NG-MAG-F2-ITS;state;4871;;;
NG-INT-CS-SAI;state;4872;;;
NG-MAGDIF-CSA-SAI-CS-SAI;state;4873;;;
NG-MAGDIF-ITS-1-SAI;state;4874;;;
NG-MAGDIF-CS-ITS-SAI;state;4875;;;
NG-MAGDIF-CS-PCI-SAI;state;4876;;;
NG-MAGDIF-CSG-SAI;state;4877;;;
NG-MAGDIF-ITS-2-SAI;state;4878;;;
NG-MAG-ITS-1;state;4879;;;
NG-MAGDIF-MAN-ITS-1;state;4880;;;
NG-MAGDIF-BF10-ITS-1;state;4881;;;
NG-MAGDIF-BF11-ITS-1;state;4882;;;
NG-MAGDIF-MAN-CT;state;4883;;;
NG-MAGDIF-BF12-ITS-1;state;4884;;;
NG-MAGDIF-BF13.1-ITS-1;state;4885;;;
NG-MAGDIF-BF13.2-ITS-1;state;4886;;;
NG-MAGDIF-BF13.3-ITS-1;state;4887;;;
NG-MAGDIF-BF13.4-ITS-1;state;4888;;;
NG-MAGDIF-BF13.5-ITS-1;state;4889;;;
NG-MAGDIF-BF13.6-ITS-1;state;4890;;;
NG-MAGDIF-BF13.7-ITS-1;state;4891;;;
NG-MAGDIF-BF13.8-ITS-1;state;4892;;;
NG-MAGDIF-BF13.9-ITS-1;state;4893;;;
NG-MAGDIF-SMF-SC-ITS-1;state;4894;;;
NG-MAGDIF-BF14.1-ITS-1;state;4895;;;
NG-MAGDIF-BF14.2-ITS-1;state;4896;;;
NG-MAGDIF-BF14.3-ITS-1;state;4897;;;
NG-MAGDIF-BF14.4-ITS-1;state;4898;;;
NG-MAGDIF-BF14.5-ITS-1;state;4899;;;
NG-MAGDIF-BF14.6-ITS-1;state;4900;;;
NG-MAGDIF-BF14.7-ITS-1;state;4901;;;
NG-MAGDIF-BF14.8-ITS-1;state;4902;;;
NG-MAGDIF-BF14.9-ITS-1;state;4903;;;
NG-MAGDIF-SMF-SM-ITS-1;state;4904;;;
NG-MAGDIF-BF15-ITS-1;state;4905;;;
NG-MAGDIF-BF16-ITS-1;state;4906;;;
NG-MAGDIF-CGBT-ITS-1;state;4907;;;
NG-MAGDIF-BF18-ITS-1;state;4908;;;
NG-MAGDIF-OP-VODAFONE;state;4909;;;
NG-MAGDIF-OP-MOVISTAR;state;4910;;;
NG-MAGDIF-SMF-BM-ITS-1;state;4911;;;
NG-MAGDIF-BF19-ITS-1;state;4912;;;
NG-MAGDIF-BF20-ITS-1;state;4913;;;
NG-MAGDIF-LAZO;state;4914;;;
NG-EKOR-RPG-UCT-BM;state;4915;;;
NG-MAGDIF-ANILLO;state;4916;;;
RV-MAG-ITS2;state;4917;;;
RV-MAGDIF-BF27-PMV;state;4918;;;
RV-MAGDIF-BF28;state;4919;;;
RV-MAGDIF-BF30-BARR;state;4920;;;
RV-MAGDIF-BF31-SEM;state;4921;;;
RV-MAGDIF-BF32-SOS;state;4922;;;
RV-MAGDIF-A3;state;4923;;;
RV-MAGDIF-A4;state;4924;;;
RV-MAGDIF-A5;state;4925;;;
RV-MAGDIF-A6;state;4926;;;
RV-MAGDIF-A10;state;4927;;;
RV-MAGDIF-A11;state;4928;;;
RV-MAGDIF-A12;state;4929;;;
RV-MAGDIF-A13;state;4930;;;
RV-MAGDIF-A15-SC;state;4931;;;
RV-MAGDIF-A17-SM;state;4932;;;
RV-MAGDIF-A16-SC;state;4933;;;
RV-MAGDIF-A18-SM;state;4934;;;
RV-MAGDIF-AA1-SM;state;4935;;;
RV-MAGDIF-AA2-SM;state;4936;;;
RV-MAGDIF-AA8-SC;state;4937;;;
RV-MAGDIF-AA9-SC;state;4938;;;
RV-MAGDIF-AE7-SM;state;4939;;;
RV-MAGDIF-AE14-SC;state;4940;;;
RV-MAGDIF-AE15-SC;state;4941;;;
RV-MAGDIF-AE16-SM;state;4942;;;
RV-MAGDIF-BF10;state;4943;;;
RV-MAGDIF-BF11;state;4944;;;
RV-MAGDIF-BF13;state;4945;;;
RV-MAGDIF-BF14;state;4946;;;
RV-MAGDIF-BF15;state;4947;;;
RV-MAGDIF-BF19;state;4948;;;
RV-MAGDIF-BF20;state;4949;;;
RV-MAGDIF-BF21;state;4950;;;
RV-MAGDIF-BF22;state;4951;;;
RV-MAGDIF-BF23;state;4952;;;
RV-MAGDIF-BF26;state;4953;;;
RV-MAG-ITS1;state;4954;;;
RV-VENT-INT-VF1-CA;state;4955;;;
RV-VENT-INT-VF2-CA;state;4956;;;
RV-VENT-INT-VF3-CA;state;4957;;;
RV-VENT-INT-VF4-CA;state;4958;;;
RV-VENT-INT-VF1-MA;state;4959;;;
RV-VENT-INT-VF2-MA;state;4960;;;
RV-VENT-INT-VF3-MA;state;4961;;;
RV-VENT-INT-VF4-MA;state;4962;;;
RV-VENT-INT-VF5-MA;state;4963;;;
RV-VENT-INT-VF6-MA;state;4964;;;
RV-INT-CGBT-CSA-RED;state;4965;;;
RV-MAG-CGBT-CSEDBT;state;4966;;;
RV-INT-CGBT-SAI;state;4967;;;
RV-INT-CGBT-CSV;state;4968;;;
RV-INT-CS-PCI-1;state;4969;;;
RV-INT-CGBT-BAT-COND;state;4970;;;
RV-MAG-CGBT-MT;state;4971;;;
RV-CONT-COM-RED;state;4972;;;
RV-INT-CGBT-COMM-GRUPO;state;4973;;;
RV-MAG-CGBT;state;4974;;;
RV-MAGDIF-BF33;state;4975;;;
RV-MAGDIF-BF34;state;4976;;;
RV-MAG-CSA-SAI;state;4977;;;
RV-MAG-CSA-RED;state;4978;;;
RV-INT-CSA-RED;state;4979;;;
RV-INT-CSA-SAI;state;4980;;;
RV-INT-ITS1;state;4981;;;
RV-INT-ITS2;state;4982;;;
RV-MAGDIF-OP-MOVISTAR;state;4983;;;
RV-MAGDIF-DET-LAZO;state;4984;;;
RV-INT-CS-EDIF-PCI;state;4985;;;
RV-MAG-CSSAI;state;4986;;;
RV-CIR-CSSAI-CSASAI;state;4987;;;
RV-CIR-CSB-ITS1;state;4988;;;
RV-CIR-CSB-ITS2;state;4989;;;
RV-INT-CS-EDIF-ITS;state;4990;;;
RV-MAG-CSBT;state;4991;;;
RV-MAG-A1-CSEDBT;state;4992;;;
RV-MAG-E1-CSEDBT;state;4993;;;
RV-MAG-F2-CLIMA;state;4994;;;
RV-MAG-SERV-AUX-GE;state;4995;;;
RV-MAG-CSV;state;4996;;;
RV-INT-CSV;state;4997;;;
RV-MAGDIF-RCAL-CV1;state;4998;;;
RV-MAGDIF-RCAL-CV2;state;4999;;;
RV-MAGDIF-METEO;state;5000;;;
RV-MAGDIF-ARM-EXT-CGBT;state;5001;;;
RV-EKOR-RPG-UCT;state;5002;;;
RV-MAGDIF-FIBRA;state;5003;;;
STM2-INT-CSA-RED;state;5004;;;
STM2-MAGDIF-MAN-CSA-RED;state;5005;;;
STM2-MAGDIF-A9-SC;state;5006;;;
STM2-MAGDIF-A11-SC;state;5007;;;
STM2-MAGDIF-A10-SC;state;5008;;;
STM2-MAGDIF-A12-SC;state;5009;;;
STM2-MAGDIF-A4-SM;state;5010;;;
STM2-MAGDIF-A6-SM;state;5011;;;
STM2-MAGDIF-A3-SM;state;5012;;;
STM2-MAGDIF-A5-SM;state;5013;;;
STM2-INT-CSA-SAI;state;5014;;;
STM2-MAGDIF-MAN-CSA-SAI;state;5015;;;
STM2-MAGDIF-AA7-SC;state;5016;;;
STM2-MAGDIF-AA8-SC;state;5017;;;
STM2-MAGDIF-AA2-SM;state;5018;;;
STM2-MAGDIF-AA1-SM;state;5019;;;
STM2-MAGDIF-AE13-SM;state;5020;;;
STM2-MAGDIF-AE14-SC;state;5021;;;
STM2-MAGDIF-A15-SC;state;5022;;;
STM2-MAGDIF-A16-SC;state;5023;;;
STM2-MAGDIF-A17-SM;state;5024;;;
STM2-MAGDIF-A18-SM;state;5025;;;
STM2-INT-MT-CGBT;state;5026;;;
STM2-INT-CGBT;state;5027;;;
STM2-CSA-RED-CGBT;state;5028;;;
STM2-MAGDIF-SER-AUX-GE-CGBT;state;5029;;;
STM2-CONT-CONM-RED-CGBT;state;5030;;;
STM2-CONT-CONM-GRUPO-CGBT;state;5031;;;
STM2-INT-CS-SAI-CGBT;state;5032;;;
STM2-INT-CSV-MA-CGBT;state;5033;;;
STM2-INT-CSV-CA-CGBT;state;5034;;;
STM2-INT-BAT-COND-CGBT;state;5035;;;
STM2-MAGDIF-CS-BT-CGBT;state;5036;;;
STM2-INT-CS-SAI;state;5037;;;
STM2-MAGDIF-CSA-SAI-CS-SAI;state;5038;;;
STM2-MAGDIF-ITS-1-CS-SAI;state;5039;;;
STM2-MAGDIF-CSG-CS-SAI;state;5040;;;
STM2-MAGDIF-ITS-2-CS-SAI;state;5041;;;
STM2-MAGDIF-CS-BT;state;5042;;;
STM2-MAG-A1-BT;state;5043;;;
STM2-MAG-E1-BT;state;5044;;;
STM2-MAG-F1-BT;state;5045;;;
STM2-MAG-F2-BT;state;5046;;;
STM2-INT-CSV-MA;state;5047;;;
STM2-MAGDIF-MAN-CSV-MA;state;5048;;;
STM2-VENT-INT-VF1-MA;state;5049;;;
STM2-VENT-INT-VF2-MA;state;5050;;;
STM2-VENT-INT-VF3-MA;state;5051;;;
STM2-VENT-INT-VF4-MA;state;5052;;;
STM2-VENT-INT-VF5-MA;state;5053;;;
STM2-VENT-INT-VF6-MA;state;5054;;;
STM2-MAGDIF-RCALD-CSV-MA;state;5055;;;
STM2-INT-CSV-CA;state;5056;;;
STM2-MAGDIF-MAN-CSV-CA;state;5057;;;
STM2-VENT-INT-VF1-CA;state;5058;;;
STM2-VENT-INT-VF2-CA;state;5059;;;
STM2-VENT-INT-VF3-CA;state;5060;;;
STM2-VENT-INT-VF4-CA;state;5061;;;
STM2-VENT-INT-VF5-CA;state;5062;;;
STM2-VENT-INT-VF6-CA;state;5063;;;
STM2-MAGDIF-RCALD-CSV-CA;state;5064;;;
STM2-EKOR-RPG-UCT;state;5065;;;
STM2-INT-CSG;state;5066;;;
STM2-MAGDIF-GA1;state;5067;;;
STM2-MAGDIF-GA2;state;5068;;;
STM2-MAGDIF-GE1;state;5069;;;
STM2-MAGDIF-GF5;state;5070;;;
STM2-MAGDIF-GF6;state;5071;;;
STM2-MAGDIF-GF9;state;5072;;;
STM2-MAGDIF-CIR-PRES-CSG;state;5073;;;
STM2-MAGDIF-CS-ITS;state;5074;;;
STM2-MAG-A1-ITS;state;5075;;;
STM2-MAG-E1-ITS;state;5076;;;
STM2-MAG-F1-ITS;state;5077;;;
STM2-MAG-F2-ITS;state;5078;;;
STM2-MAGDIF-CS-ITS-CS-SAI;state;5079;;;
STM2-MAG-ITS-1;state;5080;;;
STM2-MAGDIF-MAN-ITS-1;state;5081;;;
STM2-MAGDIF-BF10;state;5082;;;
STM2-MAGDIF-BF11;state;5083;;;
STM2-MAGDIF-BF13.1;state;5084;;;
STM2-MAGDIF-BF13.2;state;5085;;;
STM2-MAGDIF-BF13.3;state;5086;;;
STM2-MAGDIF-BF14.1;state;5087;;;
STM2-MAGDIF-BF14.2;state;5088;;;
STM2-MAGDIF-BF14.3;state;5089;;;
STM2-MAGDIF-BF15;state;5090;;;
STM2-MAGDIF-BF19;state;5091;;;
STM2-MAGDIF-BF20;state;5092;;;
STM2-MAGDIF-BF21;state;5093;;;
STM2-MAGDIF-BF22;state;5094;;;
STM2-MAGDIF-BF29;state;5095;;;
STM2-MAGDIF-OP-MOVISTAR;state;5096;;;
STM2-MAGDIF-BF37;state;5097;;;
STM2-MAGDIF-BF26;state;5098;;;
STM2-MAGDIF-DET-LAZO;state;5099;;;
STM2-MAGDIF-VTA-ANE;state;5100;;;
STM2-MAGDIF-BF27;state;5101;;;
STM2-MAGDIF-BF28;state;5102;;;
STM2-MAGDIF-CGBT-ITS-1;state;5103;;;
STM2-MAGDIF-OP-VODAFONE;state;5104;;;
STM2-MAGDIF-BF24;state;5105;;;
STM2-MAGDIF-BF25;state;5106;;;
STM2-MAGDIF-BF30;state;5107;;;
STM2-MAGDIF-BF31;state;5108;;;
STM2-MAGDIF-BF32;state;5109;;;
STM2-MAGDIF-BF33;state;5110;;;
STM2-MAG-ITS-2;state;5111;;;
STM2-MAGDIF-MAN-ITS-2;state;5112;;;
STM2-MAGDIF-BF34;state;5113;;;
STM2-MAGDIF-BF36;state;5114;;;
STM2-MAGDIF-METEO;state;5115;;;
STM2-MAGDIF-BF38;state;5116;;;
STM2-MAGDIF-BF39;state;5117;;;
SMT2-MAGDIF-SMF-AA-COR;state;5118;;;
STM2-MAGDIF-BF35;state;5119;;;
STMI-MAG-CSA-SAI;state;5120;;;
STMI-INT-CSA-SAI;state;5121;;;
STMI-MAGDIF-AA1-SC;state;5122;;;
STMI-MAGDIF-AA2-SC;state;5123;;;
STMI-MAGDIF-AA6-SM;state;5124;;;
STMI-MAGDIF-AA7-SM;state;5125;;;
STMI-MAGDIF-AE5-SC;state;5126;;;
STMI-MAGDIF-AE10-SM;state;5127;;;
STMI-MAGDIF-A11;state;5128;;;
STMI-MAGDIF-A12;state;5129;;;
STMI-MAGDIF-A13;state;5130;;;
STMI-MAGDIF-A14;state;5131;;;
STMI-MAG-CSA-RED;state;5132;;;
STMI-INT-CSA-RED;state;5133;;;
STMI-MAGDIF-A3-SC;state;5134;;;
STMI-MAGDIF-A4-SC;state;5135;;;
STMI-MAGDIF-A8-SM;state;5136;;;
STMI-MAGDIF-A9-SM;state;5137;;;
STMI-MAG-ITS1;state;5138;;;
STMI-INT-ITS1;state;5139;;;
STMI-MAGDIF-BF1;state;5140;;;
STMI-MAGDIF-BF2;state;5141;;;
STMI-MAGDIF-BF3;state;5142;;;
STMI-MAGDIF-CGBT;state;5143;;;
STMI-MAG-ITS-E3;state;5144;;;
STMI-MAGDIF-BARR-SM;state;5145;;;
STMI-MAGDIF-BARR-SC;state;5146;;;
STMI-MAGDIF-BF11-PMV;state;5147;;;
STMI-MAGDIF-BF12-PMV;state;5148;;;
STMI-MAGDIF-BF13-SEM;state;5149;;;
STMI-MAGDIF-BF14-SEM;state;5150;;;
STMI-MAGDIF-BF15;state;5151;;;
STMI-MAGDIF-BF17-1;state;5152;;;
STMI-MAGDIF-BF17-2;state;5153;;;
STMI-MAGDIF-BF17-3;state;5154;;;
STMI-MAGDIF-BF18-2;state;5155;;;
STMI-MAGDIF-BF18-3;state;5156;;;
STMI-MAGDIF-DET-LAZO;state;5157;;;
STMI-MAGDIF-BF20;state;5158;;;
STMI-MAGDIF-BF21;state;5159;;;
STMI-MAG-CGBT;state;5160;;;
STMI-INT-CGBT-CSA-RED;state;5161;;;
STMI-INT-CS-EDIF-BT;state;5162;;;
STMI-MAG-SERV-AUX-GE;state;5163;;;
STMI-CONT-COM-RED;state;5164;;;
STMI-INT-CGBT-COMM-GRUPO;state;5165;;;
STMI-INT-CGBT-CSSAI;state;5166;;;
STMI-INT-CGBT-BAT-COND;state;5167;;;
STMI-INT-CGBT-INSTAL-FV;state;5168;;;
STMI-MAG-CS-SAI;state;5169;;;
STMI-MAGDIF-CSASAI;state;5170;;;
STMI-MAGDIF-CSB-ITS1;state;5171;;;
STMI-MAGDIF-C.CASETA-ITS;state;5172;;;
STMI-MAG-EDIF-ITS;state;5173;;;
STMI-MAG-A1-ALUM;state;5174;;;
STMI-MAG-E1-EMER;state;5175;;;
STMI-MAG-F1-FUERZA;state;5176;;;
STMI-MAG-F2-CLIMA;state;5177;;;
RESERVED;RESERVED;5178;;;
RESERVED;RESERVED;5179;;;
RESERVED;RESERVED;5180;;;
RESERVED;RESERVED;5181;;;
RESERVED;RESERVED;5182;;;
RESERVED;RESERVED;5183;;;
RESERVED;RESERVED;5184;;;
RV-SAI-1;bypass;5185;;;
RV-SAI-1;power_fail;5186;;;
RV-SAI-1;temperature;5187;;;
RV-SAI-1;L1;5188;;;
RV-SAI-1;L2;5189;;;
RV-SAI-1;L3;5190;;;
RV-SAI-1;autonomy;5191;;;
MM-SAI-1;bypass;5192;;;
MM-SAI-1;power_fail;5193;;;
MM-SAI-1;temperature;5194;;;
MM-SAI-1;L2;5195;;;
MM-SAI-1;L3;5196;;;
MM-SAI-1;L4;5197;;;
MM-SAI-1;autonomy;5198;;;
STMI-SAI-1;bypass;5199;;;
STMI-SAI-1;power_fail;5200;;;
STMI-SAI-1;temperature;5201;;;
STMI-SAI-1;L3;5202;;;
STMI-SAI-1;L4;5203;;;
STMI-SAI-1;L5;5204;;;
STMI-SAI-1;autonomy;5205;;;
LQ-SAI-1;bypass;5206;;;
LQ-SAI-1;power_fail;5207;;;
LQ-SAI-1;temperature;5208;;;
LQ-SAI-1;L4;5209;;;
LQ-SAI-1;L5;5210;;;
LQ-SAI-1;L6;5211;;;
LQ-SAI-1;autonomy;5212;;;
CH-SAI-1;bypass;5213;;;
CH-SAI-1;power_fail;5214;;;
CH-SAI-1;temperature;5215;;;
CH-SAI-1;L5;5216;;;
CH-SAI-1;L6;5217;;;
CH-SAI-1;L7;5218;;;
CH-SAI-1;autonomy;5219;;;
CAS-SAI-BM;bypass;5220;;;
CAS-SAI-BM;power_fail;5221;;;
CAS-SAI-BM;temperature;5222;;;
CAS-SAI-BM;L6;5223;;;
CAS-SAI-BM;L7;5224;;;
CAS-SAI-BM;L8;5225;;;
CAS-SAI-BM;autonomy;5226;;;
CAS-SAI-BC;bypass;5227;;;
CAS-SAI-BC;power_fail;5228;;;
CAS-SAI-BC;temperature;5229;;;
CAS-SAI-BC;L7;5230;;;
CAS-SAI-BC;L8;5231;;;
CAS-SAI-BC;L9;5232;;;
CAS-SAI-BC;autonomy;5233;;;
COR-SAI-BM;bypass;5234;;;
COR-SAI-BM;power_fail;5235;;;
COR-SAI-BM;temperature;5236;;;
COR-SAI-BM;L8;5237;;;
COR-SAI-BM;L9;5238;;;
COR-SAI-BM;L10;5239;;;
COR-SAI-BM;autonomy;5240;;;
COR-SAI-BC;bypass;5241;;;
COR-SAI-BC;power_fail;5242;;;
COR-SAI-BC;temperature;5243;;;
COR-SAI-BC;L9;5244;;;
COR-SAI-BC;L10;5245;;;
COR-SAI-BC;L11;5246;;;
COR-SAI-BC;autonomy;5247;;;
STM2-SAI-BC;bypass;5248;;;
STM2-SAI-BC;power_fail;5249;;;
STM2-SAI-BC;temperature;5250;;;
STM2-SAI-BC;L10;5251;;;
STM2-SAI-BC;L11;5252;;;
STM2-SAI-BC;L12;5253;;;
STM2-SAI-BC;autonomy;5254;;;
EST-SAI-1;bypass;5255;;;
EST-SAI-1;power_fail;5256;;;
EST-SAI-1;temperature;5257;;;
EST-SAI-1;L11;5258;;;
EST-SAI-1;L12;5259;;;
EST-SAI-1;L13;5260;;;
EST-SAI-1;autonomy;5261;;;
NG-SAI-1BM;bypass;5262;;;
NG-SAI-1BM;power_fail;5263;;;
NG-SAI-1BM;temperature;5264;;;
NG-SAI-1BM;L12;5265;;;
NG-SAI-1BM;L13;5266;;;
NG-SAI-1BM;L14;5267;;;
NG-SAI-1BM;autonomy;5268;;;
RESERVED;RESERVED;5269;;;
RESERVED;RESERVED;5270;;;
RESERVED;RESERVED;5271;;;
RESERVED;RESERVED;5272;;;
RESERVED;RESERVED;5273;;;
RV-VTA-ANE-1CA;wind_speed;5274;;;
RV-VTA-ANE-1CA;wind_speed_kmh;5275;;;
RV-VTA-ANE-1CA;wind_direction;5276;;;
MM-VTA-ANE-1CA;wind_speed;5277;;;
MM-VTA-ANE-1CA;wind_speed_kmh;5278;;;
MM-VTA-ANE-1CA;wind_direction;5279;;;
CH-VTA-ANE-1CA;wind_speed;5280;;;
CH-VTA-ANE-1CA;wind_speed_kmh;5281;;;
CH-VTA-ANE-1CA;wind_direction;5282;;;
LQ-VTA-ANE-1MA;wind_speed;5283;;;
LQ-VTA-ANE-1MA;wind_speed_kmh;5284;;;
LQ-VTA-ANE-1MA;wind_direction;5285;;;
COR-VTA-ANE-1CA;wind_speed;5286;;;
COR-VTA-ANE-1CA;wind_speed_kmh;5287;;;
COR-VTA-ANE-1CA;wind_direction;5288;;;
NG-VTA-ANE-1CA;wind_speed;5289;;;
NG-VTA-ANE-1CA;wind_speed_kmh;5290;;;
NG-VTA-ANE-1CA;wind_direction;5291;;;
STM2-VTA-ANE-1CA;wind_speed;5292;;;
STM2-VTA-ANE-1CA;wind_speed_kmh;5293;;;
STM2-VTA-ANE-1CA;wind_direction;5294;;;
CAS-VTA-ANE-1CA;wind_speed;5295;;;
CAS-VTA-ANE-1CA;wind_speed_kmh;5296;;;
CAS-VTA-ANE-1CA;wind_direction;5297;;;
RESERVED;RESERVED;5298;;;
RESERVED;RESERVED;5299;;;
RESERVED;RESERVED;5300;;;
RESERVED;RESERVED;5301;;;
RV-ARED-1;corriente_fase_a;5302;;;
RV-ARED-1;corriente_fase_b;5303;;;
RV-ARED-1;corriente_fase_c;5304;;;
RV-ARED-1;corriente_fase_neutro;5305;;;
RV-ARED-1;corriente_fase_trifasica;5306;;;
RV-ARED-1;tension_fase_a;5307;;;
RV-ARED-1;tension_fase_b;5308;;;
RV-ARED-1;tension_fase_c;5309;;;
RV-ARED-1;tension_fase_trifasica;5310;;;
RV-ARED-1;tension_fase_a_b;5311;;;
RV-ARED-1;tension_fase_b_c;5312;;;
RV-ARED-1;tension_fase_c_a;5313;;;
RV-ARED-1;tension_promedio_fase_neutro;5314;;;
RV-ARED-1;potencia_activa_fase_a;5315;;;
RV-ARED-1;potencia_activa_fase_b;5316;;;
RV-ARED-1;potencia_activa_fase_c;5317;;;
RV-ARED-1;potencia_activa_total;5318;;;
RV-ARED-1;potencia_reactiva_fase_a;5319;;;
RV-ARED-1;potencia_reactiva_fase_b;5320;;;
RV-ARED-1;potencia_reactiva_fase_c;5321;;;
RV-ARED-1;potencia_reactiva_total;5322;;;
RV-ARED-1;potencia_aparente_fase_a;5323;;;
RV-ARED-1;potencia_aparente_fase_b;5324;;;
RV-ARED-1;potencia_aparente_fase_c;5325;;;
RV-ARED-1;potencia_aparente_total;5326;;;
RV-ARED-1;factor_de_potencia_fase_a;5327;;;
RV-ARED-1;factor_de_potencia_fase_b;5328;;;
RV-ARED-1;factor_de_potencia_fase_c;5329;;;
RV-ARED-1;factor_de_potencia_trifasico;5330;;;
RV-ARED-1;frecuencia;5331;;;
RV-ARED-1;energia_activa_entregada;5332;;;
RV-ARED-1;energia_activa_recibida;5333;;;
RV-ARED-1;energia_activa_entregada+recibida;5334;;;
RV-ARED-1;energia_activa_entregada-recibida;5335;;;
RV-ARED-1;energia_reactiva_entregada;5336;;;
RV-ARED-1;energia_reactiva_recibida;5337;;;
RV-ARED-1;energia_reactiva_entregada+recibida;5338;;;
RV-ARED-1;energia_reactiva_entregada-recibida;5339;;;
RV-ARED-1;energia_aparente_entregada;5340;;;
RV-ARED-1;energia_aparente_recibida;5341;;;
RV-ARED-1;energia_aparente_entregada+recibida;5342;;;
RV-ARED-1;energia_aparente_entregada-recibida;5343;;;
RV-ARED-1;ultima_demanda;5344;;;
RV-ARED-1;demanda_actual;5345;;;
RV-ARED-1;demanda_prevista;5346;;;
RV-ARED-1;demanda_maxima;5347;;;
MM-ARED-1;corriente_fase_a;5348;;;
MM-ARED-1;corriente_fase_b;5349;;;
MM-ARED-1;corriente_fase_c;5350;;;
MM-ARED-1;corriente_fase_neutro;5351;;;
MM-ARED-1;corriente_fase_trifasica;5352;;;
MM-ARED-1;tension_fase_a;5353;;;
MM-ARED-1;tension_fase_b;5354;;;
MM-ARED-1;tension_fase_c;5355;;;
MM-ARED-1;tension_fase_trifasica;5356;;;
MM-ARED-1;tension_fase_a_b;5357;;;
MM-ARED-1;tension_fase_b_c;5358;;;
MM-ARED-1;tension_fase_c_a;5359;;;
MM-ARED-1;tension_promedio_fase_neutro;5360;;;
MM-ARED-1;potencia_activa_fase_a;5361;;;
MM-ARED-1;potencia_activa_fase_b;5362;;;
MM-ARED-1;potencia_activa_fase_c;5363;;;
MM-ARED-1;potencia_activa_total;5364;;;
MM-ARED-1;potencia_reactiva_fase_a;5365;;;
MM-ARED-1;potencia_reactiva_fase_b;5366;;;
MM-ARED-1;potencia_reactiva_fase_c;5367;;;
MM-ARED-1;potencia_reactiva_total;5368;;;
MM-ARED-1;potencia_aparente_fase_a;5369;;;
MM-ARED-1;potencia_aparente_fase_b;5370;;;
MM-ARED-1;potencia_aparente_fase_c;5371;;;
MM-ARED-1;potencia_aparente_total;5372;;;
MM-ARED-1;factor_de_potencia_fase_a;5373;;;
MM-ARED-1;factor_de_potencia_fase_b;5374;;;
MM-ARED-1;factor_de_potencia_fase_c;5375;;;
MM-ARED-1;factor_de_potencia_trifasico;5376;;;
MM-ARED-1;frecuencia;5377;;;
MM-ARED-1;energia_activa_entregada;5378;;;
MM-ARED-1;energia_activa_recibida;5379;;;
MM-ARED-1;energia_activa_entregada+recibida;5380;;;
MM-ARED-1;energia_activa_entregada-recibida;5381;;;
MM-ARED-1;energia_reactiva_entregada;5382;;;
MM-ARED-1;energia_reactiva_recibida;5383;;;
MM-ARED-1;energia_reactiva_entregada+recibida;5384;;;
MM-ARED-1;energia_reactiva_entregada-recibida;5385;;;
MM-ARED-1;energia_aparente_entregada;5386;;;
MM-ARED-1;energia_aparente_recibida;5387;;;
MM-ARED-1;energia_aparente_entregada+recibida;5388;;;
MM-ARED-1;energia_aparente_entregada-recibida;5389;;;
MM-ARED-1;ultima_demanda;5390;;;
MM-ARED-1;demanda_actual;5391;;;
MM-ARED-1;demanda_prevista;5392;;;
MM-ARED-1;demanda_maxima;5393;;;
STMI-ARED-1;corriente_fase_a;5394;;;
STMI-ARED-1;corriente_fase_b;5395;;;
STMI-ARED-1;corriente_fase_c;5396;;;
STMI-ARED-1;corriente_fase_neutro;5397;;;
STMI-ARED-1;corriente_fase_trifasica;5398;;;
STMI-ARED-1;tension_fase_a;5399;;;
STMI-ARED-1;tension_fase_b;5400;;;
STMI-ARED-1;tension_fase_c;5401;;;
STMI-ARED-1;tension_fase_trifasica;5402;;;
STMI-ARED-1;tension_fase_a_b;5403;;;
STMI-ARED-1;tension_fase_b_c;5404;;;
STMI-ARED-1;tension_fase_c_a;5405;;;
STMI-ARED-1;tension_promedio_fase_neutro;5406;;;
STMI-ARED-1;potencia_activa_fase_a;5407;;;
STMI-ARED-1;potencia_activa_fase_b;5408;;;
STMI-ARED-1;potencia_activa_fase_c;5409;;;
STMI-ARED-1;potencia_activa_total;5410;;;
STMI-ARED-1;potencia_reactiva_fase_a;5411;;;
STMI-ARED-1;potencia_reactiva_fase_b;5412;;;
STMI-ARED-1;potencia_reactiva_fase_c;5413;;;
STMI-ARED-1;potencia_reactiva_total;5414;;;
STMI-ARED-1;potencia_aparente_fase_a;5415;;;
STMI-ARED-1;potencia_aparente_fase_b;5416;;;
STMI-ARED-1;potencia_aparente_fase_c;5417;;;
STMI-ARED-1;potencia_aparente_total;5418;;;
STMI-ARED-1;factor_de_potencia_fase_a;5419;;;
STMI-ARED-1;factor_de_potencia_fase_b;5420;;;
STMI-ARED-1;factor_de_potencia_fase_c;5421;;;
STMI-ARED-1;factor_de_potencia_trifasico;5422;;;
STMI-ARED-1;frecuencia;5423;;;
STMI-ARED-1;energia_activa_entregada;5424;;;
STMI-ARED-1;energia_activa_recibida;5425;;;
STMI-ARED-1;energia_activa_entregada+recibida;5426;;;
STMI-ARED-1;energia_activa_entregada-recibida;5427;;;
STMI-ARED-1;energia_reactiva_entregada;5428;;;
STMI-ARED-1;energia_reactiva_recibida;5429;;;
STMI-ARED-1;energia_reactiva_entregada+recibida;5430;;;
STMI-ARED-1;energia_reactiva_entregada-recibida;5431;;;
STMI-ARED-1;energia_aparente_entregada;5432;;;
STMI-ARED-1;energia_aparente_recibida;5433;;;
STMI-ARED-1;energia_aparente_entregada+recibida;5434;;;
STMI-ARED-1;energia_aparente_entregada-recibida;5435;;;
STMI-ARED-1;ultima_demanda;5436;;;
STMI-ARED-1;demanda_actual;5437;;;
STMI-ARED-1;demanda_prevista;5438;;;
STMI-ARED-1;demanda_maxima;5439;;;
LQ-ARED-1;corriente_fase_a;5440;;;
LQ-ARED-1;corriente_fase_b;5441;;;
LQ-ARED-1;corriente_fase_c;5442;;;
LQ-ARED-1;corriente_fase_neutro;5443;;;
LQ-ARED-1;corriente_fase_trifasica;5444;;;
LQ-ARED-1;tension_fase_a;5445;;;
LQ-ARED-1;tension_fase_b;5446;;;
LQ-ARED-1;tension_fase_c;5447;;;
LQ-ARED-1;tension_fase_trifasica;5448;;;
LQ-ARED-1;tension_fase_a_b;5449;;;
LQ-ARED-1;tension_fase_b_c;5450;;;
LQ-ARED-1;tension_fase_c_a;5451;;;
LQ-ARED-1;tension_promedio_fase_neutro;5452;;;
LQ-ARED-1;potencia_activa_fase_a;5453;;;
LQ-ARED-1;potencia_activa_fase_b;5454;;;
LQ-ARED-1;potencia_activa_fase_c;5455;;;
LQ-ARED-1;potencia_activa_total;5456;;;
LQ-ARED-1;potencia_reactiva_fase_a;5457;;;
LQ-ARED-1;potencia_reactiva_fase_b;5458;;;
LQ-ARED-1;potencia_reactiva_fase_c;5459;;;
LQ-ARED-1;potencia_reactiva_total;5460;;;
LQ-ARED-1;potencia_aparente_fase_a;5461;;;
LQ-ARED-1;potencia_aparente_fase_b;5462;;;
LQ-ARED-1;potencia_aparente_fase_c;5463;;;
LQ-ARED-1;potencia_aparente_total;5464;;;
LQ-ARED-1;factor_de_potencia_fase_a;5465;;;
LQ-ARED-1;factor_de_potencia_fase_b;5466;;;
LQ-ARED-1;factor_de_potencia_fase_c;5467;;;
LQ-ARED-1;factor_de_potencia_trifasico;5468;;;
LQ-ARED-1;frecuencia;5469;;;
LQ-ARED-1;energia_activa_entregada;5470;;;
LQ-ARED-1;energia_activa_recibida;5471;;;
LQ-ARED-1;energia_activa_entregada+recibida;5472;;;
LQ-ARED-1;energia_activa_entregada-recibida;5473;;;
LQ-ARED-1;energia_reactiva_entregada;5474;;;
LQ-ARED-1;energia_reactiva_recibida;5475;;;
LQ-ARED-1;energia_reactiva_entregada+recibida;5476;;;
LQ-ARED-1;energia_reactiva_entregada-recibida;5477;;;
LQ-ARED-1;energia_aparente_entregada;5478;;;
LQ-ARED-1;energia_aparente_recibida;5479;;;
LQ-ARED-1;energia_aparente_entregada+recibida;5480;;;
LQ-ARED-1;energia_aparente_entregada-recibida;5481;;;
LQ-ARED-1;ultima_demanda;5482;;;
LQ-ARED-1;demanda_actual;5483;;;
LQ-ARED-1;demanda_prevista;5484;;;
LQ-ARED-1;demanda_maxima;5485;;;
CH-ARED-1;corriente_fase_a;5486;;;
CH-ARED-1;corriente_fase_b;5487;;;
CH-ARED-1;corriente_fase_c;5488;;;
CH-ARED-1;corriente_fase_neutro;5489;;;
CH-ARED-1;corriente_fase_trifasica;5490;;;
CH-ARED-1;tension_fase_a;5491;;;
CH-ARED-1;tension_fase_b;5492;;;
CH-ARED-1;tension_fase_c;5493;;;
CH-ARED-1;tension_fase_trifasica;5494;;;
CH-ARED-1;tension_fase_a_b;5495;;;
CH-ARED-1;tension_fase_b_c;5496;;;
CH-ARED-1;tension_fase_c_a;5497;;;
CH-ARED-1;tension_promedio_fase_neutro;5498;;;
CH-ARED-1;potencia_activa_fase_a;5499;;;
CH-ARED-1;potencia_activa_fase_b;5500;;;
CH-ARED-1;potencia_activa_fase_c;5501;;;
CH-ARED-1;potencia_activa_total;5502;;;
CH-ARED-1;potencia_reactiva_fase_a;5503;;;
CH-ARED-1;potencia_reactiva_fase_b;5504;;;
CH-ARED-1;potencia_reactiva_fase_c;5505;;;
CH-ARED-1;potencia_reactiva_total;5506;;;
CH-ARED-1;potencia_aparente_fase_a;5507;;;
CH-ARED-1;potencia_aparente_fase_b;5508;;;
CH-ARED-1;potencia_aparente_fase_c;5509;;;
CH-ARED-1;potencia_aparente_total;5510;;;
CH-ARED-1;factor_de_potencia_fase_a;5511;;;
CH-ARED-1;factor_de_potencia_fase_b;5512;;;
CH-ARED-1;factor_de_potencia_fase_c;5513;;;
CH-ARED-1;factor_de_potencia_trifasico;5514;;;
CH-ARED-1;frecuencia;5515;;;
CH-ARED-1;energia_activa_entregada;5516;;;
CH-ARED-1;energia_activa_recibida;5517;;;
CH-ARED-1;energia_activa_entregada+recibida;5518;;;
CH-ARED-1;energia_activa_entregada-recibida;5519;;;
CH-ARED-1;energia_reactiva_entregada;5520;;;
CH-ARED-1;energia_reactiva_recibida;5521;;;
CH-ARED-1;energia_reactiva_entregada+recibida;5522;;;
CH-ARED-1;energia_reactiva_entregada-recibida;5523;;;
CH-ARED-1;energia_aparente_entregada;5524;;;
CH-ARED-1;energia_aparente_recibida;5525;;;
CH-ARED-1;energia_aparente_entregada+recibida;5526;;;
CH-ARED-1;energia_aparente_entregada-recibida;5527;;;
CH-ARED-1;ultima_demanda;5528;;;
CH-ARED-1;demanda_actual;5529;;;
CH-ARED-1;demanda_prevista;5530;;;
CH-ARED-1;demanda_maxima;5531;;;
CAS-ARED-BM;corriente_fase_a;5532;;;
CAS-ARED-BM;corriente_fase_b;5533;;;
CAS-ARED-BM;corriente_fase_c;5534;;;
CAS-ARED-BM;corriente_fase_neutro;5535;;;
CAS-ARED-BM;corriente_fase_trifasica;5536;;;
CAS-ARED-BM;tension_fase_a;5537;;;
CAS-ARED-BM;tension_fase_b;5538;;;
CAS-ARED-BM;tension_fase_c;5539;;;
CAS-ARED-BM;tension_fase_trifasica;5540;;;
CAS-ARED-BM;tension_fase_a_b;5541;;;
CAS-ARED-BM;tension_fase_b_c;5542;;;
CAS-ARED-BM;tension_fase_c_a;5543;;;
CAS-ARED-BM;tension_promedio_fase_neutro;5544;;;
CAS-ARED-BM;potencia_activa_fase_a;5545;;;
CAS-ARED-BM;potencia_activa_fase_b;5546;;;
CAS-ARED-BM;potencia_activa_fase_c;5547;;;
CAS-ARED-BM;potencia_activa_total;5548;;;
CAS-ARED-BM;potencia_reactiva_fase_a;5549;;;
CAS-ARED-BM;potencia_reactiva_fase_b;5550;;;
CAS-ARED-BM;potencia_reactiva_fase_c;5551;;;
CAS-ARED-BM;potencia_reactiva_total;5552;;;
CAS-ARED-BM;potencia_aparente_fase_a;5553;;;
CAS-ARED-BM;potencia_aparente_fase_b;5554;;;
CAS-ARED-BM;potencia_aparente_fase_c;5555;;;
CAS-ARED-BM;potencia_aparente_total;5556;;;
CAS-ARED-BM;factor_de_potencia_fase_a;5557;;;
CAS-ARED-BM;factor_de_potencia_fase_b;5558;;;
CAS-ARED-BM;factor_de_potencia_fase_c;5559;;;
CAS-ARED-BM;factor_de_potencia_trifasico;5560;;;
CAS-ARED-BM;frecuencia;5561;;;
CAS-ARED-BM;energia_activa_entregada;5562;;;
CAS-ARED-BM;energia_activa_recibida;5563;;;
CAS-ARED-BM;energia_activa_entregada+recibida;5564;;;
CAS-ARED-BM;energia_activa_entregada-recibida;5565;;;
CAS-ARED-BM;energia_reactiva_entregada;5566;;;
CAS-ARED-BM;energia_reactiva_recibida;5567;;;
CAS-ARED-BM;energia_reactiva_entregada+recibida;5568;;;
CAS-ARED-BM;energia_reactiva_entregada-recibida;5569;;;
CAS-ARED-BM;energia_aparente_entregada;5570;;;
CAS-ARED-BM;energia_aparente_recibida;5571;;;
CAS-ARED-BM;energia_aparente_entregada+recibida;5572;;;
CAS-ARED-BM;energia_aparente_entregada-recibida;5573;;;
CAS-ARED-BM;ultima_demanda;5574;;;
CAS-ARED-BM;demanda_actual;5575;;;
CAS-ARED-BM;demanda_prevista;5576;;;
CAS-ARED-BM;demanda_maxima;5577;;;
CAS-ARED-BC;corriente_fase_a;5578;;;
CAS-ARED-BC;corriente_fase_b;5579;;;
CAS-ARED-BC;corriente_fase_c;5580;;;
CAS-ARED-BC;corriente_fase_neutro;5581;;;
CAS-ARED-BC;corriente_fase_trifasica;5582;;;
CAS-ARED-BC;tension_fase_a;5583;;;
CAS-ARED-BC;tension_fase_b;5584;;;
CAS-ARED-BC;tension_fase_c;5585;;;
CAS-ARED-BC;tension_fase_trifasica;5586;;;
CAS-ARED-BC;tension_fase_a_b;5587;;;
CAS-ARED-BC;tension_fase_b_c;5588;;;
CAS-ARED-BC;tension_fase_c_a;5589;;;
CAS-ARED-BC;tension_promedio_fase_neutro;5590;;;
CAS-ARED-BC;potencia_activa_fase_a;5591;;;
CAS-ARED-BC;potencia_activa_fase_b;5592;;;
CAS-ARED-BC;potencia_activa_fase_c;5593;;;
CAS-ARED-BC;potencia_activa_total;5594;;;
CAS-ARED-BC;potencia_reactiva_fase_a;5595;;;
CAS-ARED-BC;potencia_reactiva_fase_b;5596;;;
CAS-ARED-BC;potencia_reactiva_fase_c;5597;;;
CAS-ARED-BC;potencia_reactiva_total;5598;;;
CAS-ARED-BC;potencia_aparente_fase_a;5599;;;
CAS-ARED-BC;potencia_aparente_fase_b;5600;;;
CAS-ARED-BC;potencia_aparente_fase_c;5601;;;
CAS-ARED-BC;potencia_aparente_total;5602;;;
CAS-ARED-BC;factor_de_potencia_fase_a;5603;;;
CAS-ARED-BC;factor_de_potencia_fase_b;5604;;;
CAS-ARED-BC;factor_de_potencia_fase_c;5605;;;
CAS-ARED-BC;factor_de_potencia_trifasico;5606;;;
CAS-ARED-BC;frecuencia;5607;;;
CAS-ARED-BC;energia_activa_entregada;5608;;;
CAS-ARED-BC;energia_activa_recibida;5609;;;
CAS-ARED-BC;energia_activa_entregada+recibida;5610;;;
CAS-ARED-BC;energia_activa_entregada-recibida;5611;;;
CAS-ARED-BC;energia_reactiva_entregada;5612;;;
CAS-ARED-BC;energia_reactiva_recibida;5613;;;
CAS-ARED-BC;energia_reactiva_entregada+recibida;5614;;;
CAS-ARED-BC;energia_reactiva_entregada-recibida;5615;;;
CAS-ARED-BC;energia_aparente_entregada;5616;;;
CAS-ARED-BC;energia_aparente_recibida;5617;;;
CAS-ARED-BC;energia_aparente_entregada+recibida;5618;;;
CAS-ARED-BC;energia_aparente_entregada-recibida;5619;;;
CAS-ARED-BC;ultima_demanda;5620;;;
CAS-ARED-BC;demanda_actual;5621;;;
CAS-ARED-BC;demanda_prevista;5622;;;
CAS-ARED-BC;demanda_maxima;5623;;;
COR-ARED-BM;corriente_fase_a;5624;;;
COR-ARED-BM;corriente_fase_b;5625;;;
COR-ARED-BM;corriente_fase_c;5626;;;
COR-ARED-BM;corriente_fase_neutro;5627;;;
COR-ARED-BM;corriente_fase_trifasica;5628;;;
COR-ARED-BM;tension_fase_a;5629;;;
COR-ARED-BM;tension_fase_b;5630;;;
COR-ARED-BM;tension_fase_c;5631;;;
COR-ARED-BM;tension_fase_trifasica;5632;;;
COR-ARED-BM;tension_fase_a_b;5633;;;
COR-ARED-BM;tension_fase_b_c;5634;;;
COR-ARED-BM;tension_fase_c_a;5635;;;
COR-ARED-BM;tension_promedio_fase_neutro;5636;;;
COR-ARED-BM;potencia_activa_fase_a;5637;;;
COR-ARED-BM;potencia_activa_fase_b;5638;;;
COR-ARED-BM;potencia_activa_fase_c;5639;;;
COR-ARED-BM;potencia_activa_total;5640;;;
COR-ARED-BM;potencia_reactiva_fase_a;5641;;;
COR-ARED-BM;potencia_reactiva_fase_b;5642;;;
COR-ARED-BM;potencia_reactiva_fase_c;5643;;;
COR-ARED-BM;potencia_reactiva_total;5644;;;
COR-ARED-BM;potencia_aparente_fase_a;5645;;;
COR-ARED-BM;potencia_aparente_fase_b;5646;;;
COR-ARED-BM;potencia_aparente_fase_c;5647;;;
COR-ARED-BM;potencia_aparente_total;5648;;;
COR-ARED-BM;factor_de_potencia_fase_a;5649;;;
COR-ARED-BM;factor_de_potencia_fase_b;5650;;;
COR-ARED-BM;factor_de_potencia_fase_c;5651;;;
COR-ARED-BM;factor_de_potencia_trifasico;5652;;;
COR-ARED-BM;frecuencia;5653;;;
COR-ARED-BM;energia_activa_entregada;5654;;;
COR-ARED-BM;energia_activa_recibida;5655;;;
COR-ARED-BM;energia_activa_entregada+recibida;5656;;;
COR-ARED-BM;energia_activa_entregada-recibida;5657;;;
COR-ARED-BM;energia_reactiva_entregada;5658;;;
COR-ARED-BM;energia_reactiva_recibida;5659;;;
COR-ARED-BM;energia_reactiva_entregada+recibida;5660;;;
COR-ARED-BM;energia_reactiva_entregada-recibida;5661;;;
COR-ARED-BM;energia_aparente_entregada;5662;;;
COR-ARED-BM;energia_aparente_recibida;5663;;;
COR-ARED-BM;energia_aparente_entregada+recibida;5664;;;
COR-ARED-BM;energia_aparente_entregada-recibida;5665;;;
COR-ARED-BM;ultima_demanda;5666;;;
COR-ARED-BM;demanda_actual;5667;;;
COR-ARED-BM;demanda_prevista;5668;;;
COR-ARED-BM;demanda_maxima;5669;;;
COR-ARED-BC;corriente_fase_a;5670;;;
COR-ARED-BC;corriente_fase_b;5671;;;
COR-ARED-BC;corriente_fase_c;5672;;;
COR-ARED-BC;corriente_fase_neutro;5673;;;
COR-ARED-BC;corriente_fase_trifasica;5674;;;
COR-ARED-BC;tension_fase_a;5675;;;
COR-ARED-BC;tension_fase_b;5676;;;
COR-ARED-BC;tension_fase_c;5677;;;
COR-ARED-BC;tension_fase_trifasica;5678;;;
COR-ARED-BC;tension_fase_a_b;5679;;;
COR-ARED-BC;tension_fase_b_c;5680;;;
COR-ARED-BC;tension_fase_c_a;5681;;;
COR-ARED-BC;tension_promedio_fase_neutro;5682;;;
COR-ARED-BC;potencia_activa_fase_a;5683;;;
COR-ARED-BC;potencia_activa_fase_b;5684;;;
COR-ARED-BC;potencia_activa_fase_c;5685;;;
COR-ARED-BC;potencia_activa_total;5686;;;
COR-ARED-BC;potencia_reactiva_fase_a;5687;;;
COR-ARED-BC;potencia_reactiva_fase_b;5688;;;
COR-ARED-BC;potencia_reactiva_fase_c;5689;;;
COR-ARED-BC;potencia_reactiva_total;5690;;;
COR-ARED-BC;potencia_aparente_fase_a;5691;;;
COR-ARED-BC;potencia_aparente_fase_b;5692;;;
COR-ARED-BC;potencia_aparente_fase_c;5693;;;
COR-ARED-BC;potencia_aparente_total;5694;;;
COR-ARED-BC;factor_de_potencia_fase_a;5695;;;
COR-ARED-BC;factor_de_potencia_fase_b;5696;;;
COR-ARED-BC;factor_de_potencia_fase_c;5697;;;
COR-ARED-BC;factor_de_potencia_trifasico;5698;;;
COR-ARED-BC;frecuencia;5699;;;
COR-ARED-BC;energia_activa_entregada;5700;;;
COR-ARED-BC;energia_activa_recibida;5701;;;
COR-ARED-BC;energia_activa_entregada+recibida;5702;;;
COR-ARED-BC;energia_activa_entregada-recibida;5703;;;
COR-ARED-BC;energia_reactiva_entregada;5704;;;
COR-ARED-BC;energia_reactiva_recibida;5705;;;
COR-ARED-BC;energia_reactiva_entregada+recibida;5706;;;
COR-ARED-BC;energia_reactiva_entregada-recibida;5707;;;
COR-ARED-BC;energia_aparente_entregada;5708;;;
COR-ARED-BC;energia_aparente_recibida;5709;;;
COR-ARED-BC;energia_aparente_entregada+recibida;5710;;;
COR-ARED-BC;energia_aparente_entregada-recibida;5711;;;
COR-ARED-BC;ultima_demanda;5712;;;
COR-ARED-BC;demanda_actual;5713;;;
COR-ARED-BC;demanda_prevista;5714;;;
COR-ARED-BC;demanda_maxima;5715;;;
STM2-ARED-BC;corriente_fase_a;5716;;;
STM2-ARED-BC;corriente_fase_b;5717;;;
STM2-ARED-BC;corriente_fase_c;5718;;;
STM2-ARED-BC;corriente_fase_neutro;5719;;;
STM2-ARED-BC;corriente_fase_trifasica;5720;;;
STM2-ARED-BC;tension_fase_a;5721;;;
STM2-ARED-BC;tension_fase_b;5722;;;
STM2-ARED-BC;tension_fase_c;5723;;;
STM2-ARED-BC;tension_fase_trifasica;5724;;;
STM2-ARED-BC;tension_fase_a_b;5725;;;
STM2-ARED-BC;tension_fase_b_c;5726;;;
STM2-ARED-BC;tension_fase_c_a;5727;;;
STM2-ARED-BC;tension_promedio_fase_neutro;5728;;;
STM2-ARED-BC;potencia_activa_fase_a;5729;;;
STM2-ARED-BC;potencia_activa_fase_b;5730;;;
STM2-ARED-BC;potencia_activa_fase_c;5731;;;
STM2-ARED-BC;potencia_activa_total;5732;;;
STM2-ARED-BC;potencia_reactiva_fase_a;5733;;;
STM2-ARED-BC;potencia_reactiva_fase_b;5734;;;
STM2-ARED-BC;potencia_reactiva_fase_c;5735;;;
STM2-ARED-BC;potencia_reactiva_total;5736;;;
STM2-ARED-BC;potencia_aparente_fase_a;5737;;;
STM2-ARED-BC;potencia_aparente_fase_b;5738;;;
STM2-ARED-BC;potencia_aparente_fase_c;5739;;;
STM2-ARED-BC;potencia_aparente_total;5740;;;
STM2-ARED-BC;factor_de_potencia_fase_a;5741;;;
STM2-ARED-BC;factor_de_potencia_fase_b;5742;;;
STM2-ARED-BC;factor_de_potencia_fase_c;5743;;;
STM2-ARED-BC;factor_de_potencia_trifasico;5744;;;
STM2-ARED-BC;frecuencia;5745;;;
STM2-ARED-BC;energia_activa_entregada;5746;;;
STM2-ARED-BC;energia_activa_recibida;5747;;;
STM2-ARED-BC;energia_activa_entregada+recibida;5748;;;
STM2-ARED-BC;energia_activa_entregada-recibida;5749;;;
STM2-ARED-BC;energia_reactiva_entregada;5750;;;
STM2-ARED-BC;energia_reactiva_recibida;5751;;;
STM2-ARED-BC;energia_reactiva_entregada+recibida;5752;;;
STM2-ARED-BC;energia_reactiva_entregada-recibida;5753;;;
STM2-ARED-BC;energia_aparente_entregada;5754;;;
STM2-ARED-BC;energia_aparente_recibida;5755;;;
STM2-ARED-BC;energia_aparente_entregada+recibida;5756;;;
STM2-ARED-BC;energia_aparente_entregada-recibida;5757;;;
STM2-ARED-BC;ultima_demanda;5758;;;
STM2-ARED-BC;demanda_actual;5759;;;
STM2-ARED-BC;demanda_prevista;5760;;;
STM2-ARED-BC;demanda_maxima;5761;;;
EST-ARED-1;corriente_fase_a;5762;;;
EST-ARED-1;corriente_fase_b;5763;;;
EST-ARED-1;corriente_fase_c;5764;;;
EST-ARED-1;corriente_fase_neutro;5765;;;
EST-ARED-1;corriente_fase_trifasica;5766;;;
EST-ARED-1;tension_fase_a;5767;;;
EST-ARED-1;tension_fase_b;5768;;;
EST-ARED-1;tension_fase_c;5769;;;
EST-ARED-1;tension_fase_trifasica;5770;;;
EST-ARED-1;tension_fase_a_b;5771;;;
EST-ARED-1;tension_fase_b_c;5772;;;
EST-ARED-1;tension_fase_c_a;5773;;;
EST-ARED-1;tension_promedio_fase_neutro;5774;;;
EST-ARED-1;potencia_activa_fase_a;5775;;;
EST-ARED-1;potencia_activa_fase_b;5776;;;
EST-ARED-1;potencia_activa_fase_c;5777;;;
EST-ARED-1;potencia_activa_total;5778;;;
EST-ARED-1;potencia_reactiva_fase_a;5779;;;
EST-ARED-1;potencia_reactiva_fase_b;5780;;;
EST-ARED-1;potencia_reactiva_fase_c;5781;;;
EST-ARED-1;potencia_reactiva_total;5782;;;
EST-ARED-1;potencia_aparente_fase_a;5783;;;
EST-ARED-1;potencia_aparente_fase_b;5784;;;
EST-ARED-1;potencia_aparente_fase_c;5785;;;
EST-ARED-1;potencia_aparente_total;5786;;;
EST-ARED-1;factor_de_potencia_fase_a;5787;;;
EST-ARED-1;factor_de_potencia_fase_b;5788;;;
EST-ARED-1;factor_de_potencia_fase_c;5789;;;
EST-ARED-1;factor_de_potencia_trifasico;5790;;;
EST-ARED-1;frecuencia;5791;;;
EST-ARED-1;energia_activa_entregada;5792;;;
EST-ARED-1;energia_activa_recibida;5793;;;
EST-ARED-1;energia_activa_entregada+recibida;5794;;;
EST-ARED-1;energia_activa_entregada-recibida;5795;;;
EST-ARED-1;energia_reactiva_entregada;5796;;;
EST-ARED-1;energia_reactiva_recibida;5797;;;
EST-ARED-1;energia_reactiva_entregada+recibida;5798;;;
EST-ARED-1;energia_reactiva_entregada-recibida;5799;;;
EST-ARED-1;energia_aparente_entregada;5800;;;
EST-ARED-1;energia_aparente_recibida;5801;;;
EST-ARED-1;energia_aparente_entregada+recibida;5802;;;
EST-ARED-1;energia_aparente_entregada-recibida;5803;;;
EST-ARED-1;ultima_demanda;5804;;;
EST-ARED-1;demanda_actual;5805;;;
EST-ARED-1;demanda_prevista;5806;;;
EST-ARED-1;demanda_maxima;5807;;;
NG-ARED-BM;corriente_fase_a;5808;;;
NG-ARED-BM;corriente_fase_b;5809;;;
NG-ARED-BM;corriente_fase_c;5810;;;
NG-ARED-BM;corriente_fase_neutro;5811;;;
NG-ARED-BM;corriente_fase_trifasica;5812;;;
NG-ARED-BM;tension_fase_a;5813;;;
NG-ARED-BM;tension_fase_b;5814;;;
NG-ARED-BM;tension_fase_c;5815;;;
NG-ARED-BM;tension_fase_trifasica;5816;;;
NG-ARED-BM;tension_fase_a_b;5817;;;
NG-ARED-BM;tension_fase_b_c;5818;;;
NG-ARED-BM;tension_fase_c_a;5819;;;
NG-ARED-BM;tension_promedio_fase_neutro;5820;;;
NG-ARED-BM;potencia_activa_fase_a;5821;;;
NG-ARED-BM;potencia_activa_fase_b;5822;;;
NG-ARED-BM;potencia_activa_fase_c;5823;;;
NG-ARED-BM;potencia_activa_total;5824;;;
NG-ARED-BM;potencia_reactiva_fase_a;5825;;;
NG-ARED-BM;potencia_reactiva_fase_b;5826;;;
NG-ARED-BM;potencia_reactiva_fase_c;5827;;;
NG-ARED-BM;potencia_reactiva_total;5828;;;
NG-ARED-BM;potencia_aparente_fase_a;5829;;;
NG-ARED-BM;potencia_aparente_fase_b;5830;;;
NG-ARED-BM;potencia_aparente_fase_c;5831;;;
NG-ARED-BM;potencia_aparente_total;5832;;;
NG-ARED-BM;factor_de_potencia_fase_a;5833;;;
NG-ARED-BM;factor_de_potencia_fase_b;5834;;;
NG-ARED-BM;factor_de_potencia_fase_c;5835;;;
NG-ARED-BM;factor_de_potencia_trifasico;5836;;;
NG-ARED-BM;frecuencia;5837;;;
NG-ARED-BM;energia_activa_entregada;5838;;;
NG-ARED-BM;energia_activa_recibida;5839;;;
NG-ARED-BM;energia_activa_entregada+recibida;5840;;;
NG-ARED-BM;energia_activa_entregada-recibida;5841;;;
NG-ARED-BM;energia_reactiva_entregada;5842;;;
NG-ARED-BM;energia_reactiva_recibida;5843;;;
NG-ARED-BM;energia_reactiva_entregada+recibida;5844;;;
NG-ARED-BM;energia_reactiva_entregada-recibida;5845;;;
NG-ARED-BM;energia_aparente_entregada;5846;;;
NG-ARED-BM;energia_aparente_recibida;5847;;;
NG-ARED-BM;energia_aparente_entregada+recibida;5848;;;
NG-ARED-BM;energia_aparente_entregada-recibida;5849;;;
NG-ARED-BM;ultima_demanda;5850;;;
NG-ARED-BM;demanda_actual;5851;;;
NG-ARED-BM;demanda_prevista;5852;;;
NG-ARED-BM;demanda_maxima;5853;;;
RESERVED;RESERVED;5854;;;
RESERVED;RESERVED;5855;;;
RESERVED;RESERVED;5856;;;
RESERVED;RESERVED;5857;;;
RESERVED;RESERVED;5858;;;
RESERVED;RESERVED;5859;;;
RESERVED;RESERVED;5860;;;
RESERVED;RESERVED;5861;;;
RESERVED;RESERVED;5862;;;
RESERVED;RESERVED;5863;;;
RESERVED;RESERVED;5864;;;
RESERVED;RESERVED;5865;;;
RESERVED;RESERVED;5866;;;
RESERVED;RESERVED;5867;;;
RESERVED;RESERVED;5868;;;
RESERVED;RESERVED;5869;;;
RESERVED;RESERVED;5870;;;
RESERVED;RESERVED;5871;;;
RESERVED;RESERVED;5872;;;
RESERVED;RESERVED;5873;;;
RESERVED;RESERVED;5874;;;
RESERVED;RESERVED;5875;;;
RESERVED;RESERVED;5876;;;
RESERVED;RESERVED;5877;;;
RESERVED;RESERVED;5878;;;
RESERVED;RESERVED;5879;;;
RESERVED;RESERVED;5880;;;
RESERVED;RESERVED;5881;;;
RESERVED;RESERVED;5882;;;
RESERVED;RESERVED;5883;;;
RESERVED;RESERVED;5884;;;
RESERVED;RESERVED;5885;;;
RESERVED;RESERVED;5886;;;
RESERVED;RESERVED;5887;;;
RESERVED;RESERVED;5888;;;
RESERVED;RESERVED;5889;;;
RESERVED;RESERVED;5890;;;
RESERVED;RESERVED;5891;;;
RESERVED;RESERVED;5892;;;
RESERVED;RESERVED;5893;;;
RESERVED;RESERVED;5894;;;
RESERVED;RESERVED;5895;;;
RESERVED;RESERVED;5896;;;
RESERVED;RESERVED;5897;;;
RESERVED;RESERVED;5898;;;
RESERVED;RESERVED;5899;;;
RESERVED;RESERVED;5900;;;
RESERVED;RESERVED;5901;;;
RESERVED;RESERVED;5902;;;
RESERVED;RESERVED;5903;;;
RESERVED;RESERVED;5904;;;
RESERVED;RESERVED;5905;;;
RESERVED;RESERVED;5906;;;
RESERVED;RESERVED;5907;;;
RESERVED;RESERVED;5908;;;
RESERVED;RESERVED;5909;;;
RESERVED;RESERVED;5910;;;
RESERVED;RESERVED;5911;;;
RESERVED;RESERVED;5912;;;
RESERVED;RESERVED;5913;;;
RESERVED;RESERVED;5914;;;
RESERVED;RESERVED;5915;;;
RESERVED;RESERVED;5916;;;
RESERVED;RESERVED;5917;;;
RESERVED;RESERVED;5918;;;
RESERVED;RESERVED;5919;;;
RESERVED;RESERVED;5920;;;
RESERVED;RESERVED;5921;;;
RESERVED;RESERVED;5922;;;
RESERVED;RESERVED;5923;;;
RESERVED;RESERVED;5924;;;
RESERVED;RESERVED;5925;;;
RESERVED;RESERVED;5926;;;
RESERVED;RESERVED;5927;;;
RESERVED;RESERVED;5928;;;
RV-ERU-1-MASTER;peripheral_ctrl;5929;;;
MM-ERU-1-MASTER;peripheral_ctrl;5930;;;
STMI-ERU-1-MASTER;peripheral_ctrl;5931;;;
LQ-ERU-1-MASTER;peripheral_ctrl;5932;;;
CH-ERU-1-MASTER;peripheral_ctrl;5933;;;
CAS-ERU-1-MASTER;peripheral_ctrl;5934;;;
COR-ERU-1-MASTER;peripheral_ctrl;5935;;;
EST-ERU-1-MASTER;peripheral_ctrl;5936;;;
STM2-ERU-1-MASTER;peripheral_ctrl;5937;;;
NG-ERU-1-MASTER;peripheral_ctrl;5938;;;
RV-ERU-1-SLAVE;peripheral_ctrl;5939;;;
MM-ERU-1-SLAVE;peripheral_ctrl;5940;;;
STMI-ERU-1-SLAVE;peripheral_ctrl;5941;;;
LQ-ERU-1-SLAVE;peripheral_ctrl;5942;;;
CH-ERU-1-SLAVE;peripheral_ctrl;5943;;;
CAS-ERU-1-SLAVE;peripheral_ctrl;5944;;;
COR-ERU-1-SLAVE;peripheral_ctrl;5945;;;
EST-ERU-1-SLAVE;peripheral_ctrl;5946;;;
STM2-ERU-1-SLAVE;peripheral_ctrl;5947;;;
NG-ERU-1-SLAVE;peripheral_ctrl;5948;;;
RESERVED;RESERVED;5949;;;
RESERVED;RESERVED;5950;;;
RESERVED;RESERVED;5951;;;
RESERVED;RESERVED;5952;;;
RESERVED;RESERVED;5953;;;
RESERVED;RESERVED;5954;;;
RV-GEL-1CA;grp_corriente_fase_1;5955;;;
RV-GEL-1CA;grp_corriente_fase_2;5956;;;
RV-GEL-1CA;grp_corriente_fase_3;5957;;;
RV-GEL-1CA;grp_frecuencia_salida;5958;;;
RV-GEL-1CA;grp_horas_tot_marcha;5959;;;
RV-GEL-1CA;grp_rpm_generador;5960;;;
RV-GEL-1CA;grp_tension_bateria;5961;;;
RV-GEL-1CA;grp_tension_salida_gen;5962;;;
RV-GEL-1CA;grp_modo_operacion_off;5963;;;
RV-GEL-1CA;grp_modo_operacion_man;5964;;;
RV-GEL-1CA;grp_modo_operacion_aut;5965;;;
RV-GEL-1CA;grp_vol_gen_L1_N;5966;;;
RV-GEL-1CA;grp_vol_gen_L2_N;5967;;;
RV-GEL-1CA;grp_vol_gen_L3_N;5968;;;
RV-GEL-1CA;grp_gas_level;5969;;;
RV-GEL-1CA;grp_temp_rad;5970;;;
RV-GEL-1CA;grp_kwh;5971;;;
MM-GEL-1CA;grp_corriente_fase_1;5972;;;
MM-GEL-1CA;grp_corriente_fase_2;5973;;;
MM-GEL-1CA;grp_corriente_fase_3;5974;;;
MM-GEL-1CA;grp_frecuencia_salida;5975;;;
MM-GEL-1CA;grp_horas_tot_marcha;5976;;;
MM-GEL-1CA;grp_rpm_generador;5977;;;
MM-GEL-1CA;grp_tension_bateria;5978;;;
MM-GEL-1CA;grp_tension_salida_gen;5979;;;
MM-GEL-1CA;grp_modo_operacion_off;5980;;;
MM-GEL-1CA;grp_modo_operacion_man;5981;;;
MM-GEL-1CA;grp_modo_operacion_aut;5982;;;
MM-GEL-1CA;grp_vol_gen_L1_N;5983;;;
MM-GEL-1CA;grp_vol_gen_L2_N;5984;;;
MM-GEL-1CA;grp_vol_gen_L3_N;5985;;;
MM-GEL-1CA;grp_gas_level;5986;;;
MM-GEL-1CA;grp_temp_rad;5987;;;
MM-GEL-1CA;grp_kwh;5988;;;
STMI-GEL-1CA;grp_corriente_fase_1;5989;;;
STMI-GEL-1CA;grp_corriente_fase_2;5990;;;
STMI-GEL-1CA;grp_corriente_fase_3;5991;;;
STMI-GEL-1CA;grp_frecuencia_salida;5992;;;
STMI-GEL-1CA;grp_horas_tot_marcha;5993;;;
STMI-GEL-1CA;grp_rpm_generador;5994;;;
STMI-GEL-1CA;grp_tension_bateria;5995;;;
STMI-GEL-1CA;grp_tension_salida_gen;5996;;;
STMI-GEL-1CA;grp_modo_operacion_off;5997;;;
STMI-GEL-1CA;grp_modo_operacion_man;5998;;;
STMI-GEL-1CA;grp_modo_operacion_aut;5999;;;
STMI-GEL-1CA;grp_vol_gen_L1_N;6000;;;
STMI-GEL-1CA;grp_vol_gen_L2_N;6001;;;
STMI-GEL-1CA;grp_vol_gen_L3_N;6002;;;
STMI-GEL-1CA;grp_gas_level;6003;;;
STMI-GEL-1CA;grp_temp_rad;6004;;;
STMI-GEL-1CA;grp_kwh;6005;;;
LQ-GEL-1MA;grp_corriente_fase_1;6006;;;
LQ-GEL-1MA;grp_corriente_fase_2;6007;;;
LQ-GEL-1MA;grp_corriente_fase_3;6008;;;
LQ-GEL-1MA;grp_frecuencia_salida;6009;;;
LQ-GEL-1MA;grp_horas_tot_marcha;6010;;;
LQ-GEL-1MA;grp_rpm_generador;6011;;;
LQ-GEL-1MA;grp_tension_bateria;6012;;;
LQ-GEL-1MA;grp_tension_salida_gen;6013;;;
LQ-GEL-1MA;grp_modo_operacion_off;6014;;;
LQ-GEL-1MA;grp_modo_operacion_man;6015;;;
LQ-GEL-1MA;grp_modo_operacion_aut;6016;;;
LQ-GEL-1MA;grp_vol_gen_L1_N;6017;;;
LQ-GEL-1MA;grp_vol_gen_L2_N;6018;;;
LQ-GEL-1MA;grp_vol_gen_L3_N;6019;;;
LQ-GEL-1MA;grp_gas_level;6020;;;
LQ-GEL-1MA;grp_temp_rad;6021;;;
LQ-GEL-1MA;grp_kwh;6022;;;
CH-GEL-1MA;grp_corriente_fase_1;6023;;;
CH-GEL-1MA;grp_corriente_fase_2;6024;;;
CH-GEL-1MA;grp_corriente_fase_3;6025;;;
CH-GEL-1MA;grp_frecuencia_salida;6026;;;
CH-GEL-1MA;grp_horas_tot_marcha;6027;;;
CH-GEL-1MA;grp_rpm_generador;6028;;;
CH-GEL-1MA;grp_tension_bateria;6029;;;
CH-GEL-1MA;grp_tension_salida_gen;6030;;;
CH-GEL-1MA;grp_modo_operacion_off;6031;;;
CH-GEL-1MA;grp_modo_operacion_man;6032;;;
CH-GEL-1MA;grp_modo_operacion_aut;6033;;;
CH-GEL-1MA;grp_vol_gen_L1_N;6034;;;
CH-GEL-1MA;grp_vol_gen_L2_N;6035;;;
CH-GEL-1MA;grp_vol_gen_L3_N;6036;;;
CH-GEL-1MA;grp_gas_level;6037;;;
CH-GEL-1MA;grp_temp_rad;6038;;;
CH-GEL-1MA;grp_kwh;6039;;;
CAS-GEL-BC;grp_corriente_fase_1;6040;;;
CAS-GEL-BC;grp_corriente_fase_2;6041;;;
CAS-GEL-BC;grp_corriente_fase_3;6042;;;
CAS-GEL-BC;grp_frecuencia_salida;6043;;;
CAS-GEL-BC;grp_horas_tot_marcha;6044;;;
CAS-GEL-BC;grp_rpm_generador;6045;;;
CAS-GEL-BC;grp_tension_bateria;6046;;;
CAS-GEL-BC;grp_tension_salida_gen;6047;;;
CAS-GEL-BC;grp_modo_operacion_off;6048;;;
CAS-GEL-BC;grp_modo_operacion_man;6049;;;
CAS-GEL-BC;grp_modo_operacion_aut;6050;;;
CAS-GEL-BC;grp_vol_gen_L1_N;6051;;;
CAS-GEL-BC;grp_vol_gen_L2_N;6052;;;
CAS-GEL-BC;grp_vol_gen_L3_N;6053;;;
CAS-GEL-BC;grp_gas_level;6054;;;
CAS-GEL-BC;grp_temp_rad;6055;;;
CAS-GEL-BC;grp_kwh;6056;;;
CAS-GEL-BM;grp_corriente_fase_1;6057;;;
CAS-GEL-BM;grp_corriente_fase_2;6058;;;
CAS-GEL-BM;grp_corriente_fase_3;6059;;;
CAS-GEL-BM;grp_frecuencia_salida;6060;;;
CAS-GEL-BM;grp_horas_tot_marcha;6061;;;
CAS-GEL-BM;grp_rpm_generador;6062;;;
CAS-GEL-BM;grp_tension_bateria;6063;;;
CAS-GEL-BM;grp_tension_salida_gen;6064;;;
CAS-GEL-BM;grp_modo_operacion_off;6065;;;
CAS-GEL-BM;grp_modo_operacion_man;6066;;;
CAS-GEL-BM;grp_modo_operacion_aut;6067;;;
CAS-GEL-BM;grp_vol_gen_L1_N;6068;;;
CAS-GEL-BM;grp_vol_gen_L2_N;6069;;;
CAS-GEL-BM;grp_vol_gen_L3_N;6070;;;
CAS-GEL-BM;grp_gas_level;6071;;;
CAS-GEL-BM;grp_temp_rad;6072;;;
CAS-GEL-BM;grp_kwh;6073;;;
COR-GEL-BC;grp_corriente_fase_1;6074;;;
COR-GEL-BC;grp_corriente_fase_2;6075;;;
COR-GEL-BC;grp_corriente_fase_3;6076;;;
COR-GEL-BC;grp_frecuencia_salida;6077;;;
COR-GEL-BC;grp_horas_tot_marcha;6078;;;
COR-GEL-BC;grp_rpm_generador;6079;;;
COR-GEL-BC;grp_tension_bateria;6080;;;
COR-GEL-BC;grp_tension_salida_gen;6081;;;
COR-GEL-BC;grp_modo_operacion_off;6082;;;
COR-GEL-BC;grp_modo_operacion_man;6083;;;
COR-GEL-BC;grp_modo_operacion_aut;6084;;;
COR-GEL-BC;grp_vol_gen_L1_N;6085;;;
COR-GEL-BC;grp_vol_gen_L2_N;6086;;;
COR-GEL-BC;grp_vol_gen_L3_N;6087;;;
COR-GEL-BC;grp_gas_level;6088;;;
COR-GEL-BC;grp_temp_rad;6089;;;
COR-GEL-BC;grp_kwh;6090;;;
COR-GEL-BM;grp_corriente_fase_1;6091;;;
COR-GEL-BM;grp_corriente_fase_2;6092;;;
COR-GEL-BM;grp_corriente_fase_3;6093;;;
COR-GEL-BM;grp_frecuencia_salida;6094;;;
COR-GEL-BM;grp_horas_tot_marcha;6095;;;
COR-GEL-BM;grp_rpm_generador;6096;;;
COR-GEL-BM;grp_tension_bateria;6097;;;
COR-GEL-BM;grp_tension_salida_gen;6098;;;
COR-GEL-BM;grp_modo_operacion_off;6099;;;
COR-GEL-BM;grp_modo_operacion_man;6100;;;
COR-GEL-BM;grp_modo_operacion_aut;6101;;;
COR-GEL-BM;grp_vol_gen_L1_N;6102;;;
COR-GEL-BM;grp_vol_gen_L2_N;6103;;;
COR-GEL-BM;grp_vol_gen_L3_N;6104;;;
COR-GEL-BM;grp_gas_level;6105;;;
COR-GEL-BM;grp_temp_rad;6106;;;
COR-GEL-BM;grp_kwh;6107;;;
STM2-GEL-BC;grp_corriente_fase_1;6108;;;
STM2-GEL-BC;grp_corriente_fase_2;6109;;;
STM2-GEL-BC;grp_corriente_fase_3;6110;;;
STM2-GEL-BC;grp_frecuencia_salida;6111;;;
STM2-GEL-BC;grp_horas_tot_marcha;6112;;;
STM2-GEL-BC;grp_rpm_generador;6113;;;
STM2-GEL-BC;grp_tension_bateria;6114;;;
STM2-GEL-BC;grp_tension_salida_gen;6115;;;
STM2-GEL-BC;grp_modo_operacion_off;6116;;;
STM2-GEL-BC;grp_modo_operacion_man;6117;;;
STM2-GEL-BC;grp_modo_operacion_aut;6118;;;
STM2-GEL-BC;grp_vol_gen_L1_N;6119;;;
STM2-GEL-BC;grp_vol_gen_L2_N;6120;;;
STM2-GEL-BC;grp_vol_gen_L3_N;6121;;;
STM2-GEL-BC;grp_gas_level;6122;;;
STM2-GEL-BC;grp_temp_rad;6123;;;
STM2-GEL-BC;grp_kwh;6124;;;
EST-GEL-BM;grp_corriente_fase_1;6125;;;
EST-GEL-BM;grp_corriente_fase_2;6126;;;
EST-GEL-BM;grp_corriente_fase_3;6127;;;
EST-GEL-BM;grp_frecuencia_salida;6128;;;
EST-GEL-BM;grp_horas_tot_marcha;6129;;;
EST-GEL-BM;grp_rpm_generador;6130;;;
EST-GEL-BM;grp_tension_bateria;6131;;;
EST-GEL-BM;grp_tension_salida_gen;6132;;;
EST-GEL-BM;grp_modo_operacion_off;6133;;;
EST-GEL-BM;grp_modo_operacion_man;6134;;;
EST-GEL-BM;grp_modo_operacion_aut;6135;;;
EST-GEL-BM;grp_vol_gen_L1_N;6136;;;
EST-GEL-BM;grp_vol_gen_L2_N;6137;;;
EST-GEL-BM;grp_vol_gen_L3_N;6138;;;
EST-GEL-BM;grp_gas_level;6139;;;
EST-GEL-BM;grp_temp_rad;6140;;;
EST-GEL-BM;grp_kwh;6141;;;
NG-GEL-1BM;grp_corriente_fase_1;6142;;;
NG-GEL-1BM;grp_corriente_fase_2;6143;;;
NG-GEL-1BM;grp_corriente_fase_3;6144;;;
NG-GEL-1BM;grp_frecuencia_salida;6145;;;
NG-GEL-1BM;grp_horas_tot_marcha;6146;;;
NG-GEL-1BM;grp_rpm_generador;6147;;;
NG-GEL-1BM;grp_tension_bateria;6148;;;
NG-GEL-1BM;grp_tension_salida_gen;6149;;;
NG-GEL-1BM;grp_modo_operacion_off;6150;;;
NG-GEL-1BM;grp_modo_operacion_man;6151;;;
NG-GEL-1BM;grp_modo_operacion_aut;6152;;;
NG-GEL-1BM;grp_vol_gen_L1_N;6153;;;
NG-GEL-1BM;grp_vol_gen_L2_N;6154;;;
NG-GEL-1BM;grp_vol_gen_L3_N;6155;;;
NG-GEL-1BM;grp_gas_level;6156;;;
NG-GEL-1BM;grp_temp_rad;6157;;;
NG-GEL-1BM;grp_kwh;6158;;;
RESERVED;RESERVED;6159;;;
RESERVED;RESERVED;6160;;;
RESERVED;RESERVED;6161;;;
RESERVED;RESERVED;6162;;;
RESERVED;RESERVED;6163;;;
RESERVED;RESERVED;6164;;;
RESERVED;RESERVED;6165;;;
RESERVED;RESERVED;6166;;;
RESERVED;RESERVED;6167;;;
RESERVED;RESERVED;6168;;;
RESERVED;RESERVED;6169;;;
RESERVED;RESERVED;6170;;;
RESERVED;RESERVED;6171;;;
RESERVED;RESERVED;6172;;;
RESERVED;RESERVED;6173;;;
RESERVED;RESERVED;6174;;;
RESERVED;RESERVED;6175;;;
RESERVED;RESERVED;6176;;;
RESERVED;RESERVED;6177;;;
RESERVED;RESERVED;6178;;;
RESERVED;RESERVED;6179;;;
RESERVED;RESERVED;6180;;;
RESERVED;RESERVED;6181;;;
RESERVED;RESERVED;6182;;;
RESERVED;RESERVED;6183;;;
RESERVED;RESERVED;6184;;;
RESERVED;RESERVED;6185;;;
RESERVED;RESERVED;6186;;;
RESERVED;RESERVED;6187;;;
RESERVED;RESERVED;6188;;;
RESERVED;RESERVED;6189;;;
RV-CONT-A3;state;6190;;;
RV-CONT-A4;state;6191;;;
RV-CONT-A5;state;6192;;;
RV-CONT-A6;state;6193;;;
RV-CONT-A10;state;6194;;;
RV-CONT-A11;state;6195;;;
RV-CONT-A12;state;6196;;;
RV-CONT-A13;state;6197;;;
RV-CONT-A15-SC;state;6198;;;
RV-CONT-A17-SM;state;6199;;;
RV-CONT-A16-SC;state;6200;;;
RV-CONT-A18-SM;state;6201;;;
RV-CONT-AA9-SC;state;6202;;;
RV-CONT-AA8-SC;state;6203;;;
RV-CONT-AA2-SM;state;6204;;;
RV-CONT-AA1-SM;state;6205;;;
RV-CONT-AE7-SM;state;6206;;;
RV-CONT-AE14-SC;state;6207;;;
RV-CONT-AE15-SC;state;6208;;;
RV-CONT-AE16-SM;state;6209;;;
MM-CONT-A9-SC;state;6210;;;
MM-CONT-A11-SC;state;6211;;;
MM-CONT-A12-SC;state;6212;;;
MM-CONT-A14-SC;state;6213;;;
MM-CONT-A4-SM;state;6214;;;
MM-CONT-A6-SM;state;6215;;;
MM-CONT-A3-SM;state;6216;;;
MM-CONT-A5-SM;state;6217;;;
MM-CONT-AA7-SC;state;6218;;;
MM-CONT-AA10-SC;state;6219;;;
MM-CONT-AA2-SM;state;6220;;;
MM-CONT-AA1-SM;state;6221;;;
MM-CONT-AE13-SM;state;6222;;;
MM-CONT-AE16-SC;state;6223;;;
MM-CONT-AE17-SC;state;6224;;;
MM-CONT-AE18-SM;state;6225;;;
MM-CONT-A17-SC;state;6226;;;
MM-CONT-A18-SC;state;6227;;;
MM-CONT-A19-SM;state;6228;;;
MM-CONT-A20-SM;state;6229;;;
STMI-CONT-AA1-SC;state;6230;;;
STMI-CONT-AA2-SC;state;6231;;;
STMI-CONT-AA6-SM;state;6232;;;
STMI-CONT-AA7-SM;state;6233;;;
STMI-CONT-AE5-SC;state;6234;;;
STMI-CONT-AE10-SM;state;6235;;;
STMI-CONT-A11;state;6236;;;
STMI-CONT-A12;state;6237;;;
STMI-CONT-A13;state;6238;;;
STMI-CONT-A14;state;6239;;;
STMI-CONT-A3-SC;state;6240;;;
STMI-CONT-A4-SC;state;6241;;;
STMI-CONT-A8-SM;state;6242;;;
STMI-CONT-A9-SM;state;6243;;;
LQ-CONT-AA1-SC;state;6244;;;
LQ-CONT-AA15-SC;state;6245;;;
LQ-CONT-AA2-SC;state;6246;;;
LQ-CONT-AA16-SC;state;6247;;;
LQ-CONT-AA11-SM;state;6248;;;
LQ-CONT-AA21-SM;state;6249;;;
LQ-CONT-AA10-SM;state;6250;;;
LQ-CONT-AA20-SM;state;6251;;;
LQ-CONT-AE14-SM;state;6252;;;
LQ-CONT-AE9-SC;state;6253;;;
LQ-CONT-A29-SC;state;6254;;;
LQ-CONT-A30-SC;state;6255;;;
LQ-CONT-A31-SM;state;6256;;;
LQ-CONT-A32-SM;state;6257;;;
LQ-CONT-A3-SC;state;6258;;;
LQ-CONT-A5-SC;state;6259;;;
LQ-CONT-A4-SC;state;6260;;;
LQ-CONT-A6-SC;state;6261;;;
LQ-CONT-A13-SM;state;6262;;;
LQ-CONT-A23-SM;state;6263;;;
LQ-CONT-A12-SM;state;6264;;;
LQ-CONT-A22-SM;state;6265;;;
LQ-CONT-A33-SM;state;6266;;;
LQ-CONT-A34-SM;state;6267;;;
LQ-CONT-A35-SM;state;6268;;;
LQ-CONT-A36-SM;state;6269;;;
CH-CONT-A3-SC;state;6270;;;
CH-CONT-A5-SC;state;6271;;;
CH-CONT-A7-SC;state;6272;;;
CH-CONT-A4-SC;state;6273;;;
CH-CONT-A6-SC;state;6274;;;
CH-CONT-A8-SC;state;6275;;;
CH-CONT-A14-SM;state;6276;;;
CH-CONT-A16-SM;state;6277;;;
CH-CONT-A18-SM;state;6278;;;
CH-CONT-A11-SM;state;6279;;;
CH-CONT-A13-SM;state;6280;;;
CH-CONT-A15-SM;state;6281;;;
CH-CONT-AA1-SM;state;6282;;;
CH-CONT-AA2-SM;state;6283;;;
CH-CONT-AA12-SC;state;6284;;;
CH-CONT-AA9-SC;state;6285;;;
CH-CONT-AE10-SC;state;6286;;;
CH-CONT-AE17-SM;state;6287;;;
CH-CONT-A19-SC;state;6288;;;
CH-CONT-A20-SC;state;6289;;;
CH-CONT-A21-SM;state;6290;;;
CH-CONT-A22-SM;state;6291;;;
CAS-CONT-AA1-SC;state;6292;;;
CAS-CONT-AA2-SC;state;6293;;;
CAS-CONT-AA10-SM;state;6294;;;
CAS-CONT-AA11-SM;state;6295;;;
CAS-CONT-AE9-SM;state;6296;;;
CAS-CONT-AE12-SC;state;6297;;;
CAS-CONT-A15-SC;state;6298;;;
CAS-CONT-A16-SM;state;6299;;;
CAS-CONT-A3-SC;state;6300;;;
CAS-CONT-A5-SC;state;6301;;;
CAS-CONT-A4-SC;state;6302;;;
CAS-CONT-A6-SC;state;6303;;;
CAS-CONT-AA10-SC;state;6304;;;
CAS-CONT-AA11-SC;state;6305;;;
CAS-CONT-AA1-SM;state;6306;;;
CAS-CONT-AA2-SM;state;6307;;;
CAS-CONT-AE9-SC;state;6308;;;
CAS-CONT-AE12-SM;state;6309;;;
CAS-CONT-A13-SC;state;6310;;;
CAS-CONT-A14-SM;state;6311;;;
CAS-CONT-A3-SM;state;6312;;;
CAS-CONT-A5-SM;state;6313;;;
CAS-CONT-A4-SM;state;6314;;;
CAS-CONT-A6-SM;state;6315;;;
COR-CONT-A3-SM;state;6316;;;
COR-CONT-A5-SM;state;6317;;;
COR-CONT-A4-SM;state;6318;;;
COR-CONT-A6-SM;state;6319;;;
COR-CONT-AA12-SC;state;6320;;;
COR-CONT-AA9-SC;state;6321;;;
COR-CONT-AA1-SM;state;6322;;;
COR-CONT-AA2-SM;state;6323;;;
COR-CONT-AE10-SM;state;6324;;;
COR-CONT-AE11-SC;state;6325;;;
COR-CONT-A12-SC;state;6326;;;
COR-CONT-A13-SM;state;6327;;;
COR-CONT-A3-SC;state;6328;;;
COR-CONT-A5-SC;state;6329;;;
COR-CONT-A4-SC;state;6330;;;
COR-CONT-A6-SC;state;6331;;;
COR-CONT-AA1-SC;state;6332;;;
COR-CONT-AA2-SC;state;6333;;;
COR-CONT-AA12-SM;state;6334;;;
COR-CONT-AA9-SM;state;6335;;;
COR-CONT-AE10-SC;state;6336;;;
COR-CONT-AE11-SM;state;6337;;;
COR-CONT-A14-SC;state;6338;;;
COR-CONT-A15-SM;state;6339;;;
EST-CONT-AA1-SC;state;6340;;;
EST-CONT-AA2-SC;state;6341;;;
EST-CONT-AA6-SM;state;6342;;;
EST-CONT-AA5-SM;state;6343;;;
EST-CONT-AE9-SM;state;6344;;;
EST-CONT-AE10-SC;state;6345;;;
EST-CONT-A11-SC;state;6346;;;
EST-CONT-A12-SC;state;6347;;;
EST-CONT-A13-SM;state;6348;;;
EST-CONT-A14-SM;state;6349;;;
EST-CONT-A3-SC;state;6350;;;
EST-CONT-A4-SC;state;6351;;;
EST-CONT-A8-SM;state;6352;;;
EST-CONT-A7-SM;state;6353;;;
STM2-CONT-A9-SC;state;6354;;;
STM2-CONT-A11-SC;state;6355;;;
STM2-CONT-A10-SC;state;6356;;;
STM2-CONT-A12-SC;state;6357;;;
STM2-CONT-A4-SM;state;6358;;;
STM2-CONT-A6-SM;state;6359;;;
STM2-CONT-A3-SM;state;6360;;;
STM2-CONT-A5-SM;state;6361;;;
STM2-CONT-AA7-SC;state;6362;;;
STM2-CONT-AA8-SC;state;6363;;;
STM2-CONT-AA2-SM;state;6364;;;
STM2-CONT-AA1-SM;state;6365;;;
STM2-CONT-AE13-SM;state;6366;;;
STM2-CONT-AE14-SC;state;6367;;;
STM2-CONT-A15-SC;state;6368;;;
STM2-CONT-A16-SC;state;6369;;;
STM2-CONT-A17-SM;state;6370;;;
STM2-CONT-A18-SM;state;6371;;;
NG-CONT-A3-SC;state;6372;;;
NG-CONT-A5-SC;state;6373;;;
NG-CONT-A6-SC;state;6374;;;
NG-CONT-A8-SC;state;6375;;;
NG-CONT-A12-SM;state;6376;;;
NG-CONT-A14-SM;state;6377;;;
NG-CONT-A11-SM;state;6378;;;
NG-CONT-A13-SM;state;6379;;;
NG-CONT-A1-SC;state;6380;;;
NG-CONT-A2-SM;state;6381;;;
NG-CONT-AA1-SC;state;6382;;;
NG-CONT-AA2-SC;state;6383;;;
NG-CONT-AE4-SC;state;6384;;;
NG-CONT-AA10-SM;state;6385;;;
NG-CONT-AE7-SM;state;6386;;;
NG-CONT-AA9-SM;state;6387;;;
NG-CONT-A15-SC;state;6388;;;
NG-CONT-A16-SM;state;6389;;;
RV-CONT-BF15;state;6390;;;
RV-CONT-BF30;state;6391;;;
STMI-CONT-BF8;state;6392;;;
STMI-CONT-BF9;state;6393;;;
LQ-CONT-BF15;state;6394;;;
LQ-CONT-BF16;state;6395;;;
CH-CONT-BF15;state;6396;;;
CH-CONT-BF29;state;6397;;;
CAS-CONT-BF15-A;state;6398;;;
CAS-CONT-BF15-B;state;6399;;;
COR-CONT-BF15-A;state;6400;;;
COR-CONT-BF15-B;state;6401;;;
EST-CONT-BF8;state;6402;;;
EST-CONT-BF9;state;6403;;;
MM-CONT-BF15;state;6404;;;
MM-CONT-BF30;state;6405;;;
NG-CONT-BF15;state;6406;;;
NG-CONT-CF4;state;6407;;;
STM2-CONT-BF15;state;6408;;;
STM2-CONT-BF36;state;6409;;;
RV-BEL-1;pump_on;6410;;;
RV-BDI-1;pump_on;6411;;;
MM-BEL-1;pump_on;6412;;;
MM-BDI-1;pump_on;6413;;;
LQ-BEL-1;pump_on;6414;;;
LQ-BDI-1;pump_on;6415;;;
CAS-BDI-1;pump_on;6416;;;
CAS-BEL-1;pump_on;6417;;;
CH-BEL-1;pump_on;6418;;;
CH-BDI-1;pump_on;6419;;;
NG-BEL-1;pump_on;6420;;;
NG-BDI-1;pump_on;6421;;;
COR-BEL-1;pump_on;6422;;;
COR-BDI-1;pump_on;6423;;;
RESERVED;RESERVED;6424;;;
RESERVED;RESERVED;6425;;;
RESERVED;RESERVED;6426;;;
RV-DALJ-1;tank_capacity;6427;;;
RV-DEP-DIESEL-PCI;tank_capacity;6428;;;
MM-DALJ-1;tank_capacity;6429;;;
MM-DEP-DIESEL-PCI;tank_capacity;6430;;;
LQ-DEP-DIESEL-PCI;tank_capacity;6431;;;
LQ-DALJ-1;tank_capacity;6432;;;
CAS-DEP-DIESEL-PCI;tank_capacity;6433;;;
CAS-DALJ-1;tank_capacity;6434;;;
CH-DALJ-1;tank_capacity;6435;;;
CH-DEP-DIESEL-PCI;tank_capacity;6436;;;
NG-DEP-DIESEL-PCI;tank_capacity;6437;;;
NG-DALJ-1;tank_capacity;6438;;;
COR-DEP-DIESEL-PCI;tank_capacity;6439;;;
COR-DALJ-1;tank_capacity;6440;;;
CAS-DEP-TRASIEGO-BM;tank_capacity;6441;;;
CAS-DEP-TRASIEGO-BC;tank_capacity;6442;;;
CH-DEP-TRASIEGO;tank_capacity;6443;;;
COR-DEP-TRASIEGO-BM;tank_capacity;6444;;;
COR-DEP-TRASIEGO-BC;tank_capacity;6445;;;
LQ-DEP-TRASIEGO;tank_capacity;6446;;;
MM-DEP-TRASIEGO;tank_capacity;6447;;;
NG-DEP-TRASIEGO;tank_capacity;6448;;;
RV-DEP-TRASIEGO;tank_capacity;6449;;;
STM2-DEP-TRASIEGO;tank_capacity;6450;;;
RESERVED;RESERVED;6451;;;
RESERVED;RESERVED;6452;;;
RESERVED;RESERVED;6453;;;
RESERVED;RESERVED;6454;;;
RESERVED;RESERVED;6455;;;
RESERVED;RESERVED;6456;;;
RESERVED;RESERVED;6457;;;
RESERVED;RESERVED;6458;;;
RESERVED;RESERVED;6459;;;
RESERVED;RESERVED;6460;;;
RESERVED;RESERVED;6461;;;
RESERVED;RESERVED;6462;;;
RESERVED;RESERVED;6463;;;
RESERVED;RESERVED;6464;;;
RESERVED;RESERVED;6465;;;
RESERVED;RESERVED;6466;;;
RESERVED;RESERVED;6467;;;
RESERVED;RESERVED;6468;;;
RESERVED;RESERVED;6469;;;
RESERVED;RESERVED;6470;;;
RESERVED;RESERVED;6471;;;
RESERVED;RESERVED;6472;;;
RESERVED;RESERVED;6473;;;
RESERVED;RESERVED;6474;;;
RESERVED;RESERVED;6475;;;
RESERVED;RESERVED;6476;;;
RESERVED;RESERVED;6477;;;
RESERVED;RESERVED;6478;;;
RESERVED;RESERVED;6479;;;
RESERVED;RESERVED;6480;;;
RESERVED;RESERVED;6481;;;
RESERVED;RESERVED;6482;;;
RESERVED;RESERVED;6483;;;
RESERVED;RESERVED;6484;;;
RESERVED;RESERVED;6485;;;
RESERVED;RESERVED;6486;;;
RESERVED;RESERVED;6487;;;
RESERVED;RESERVED;6488;;;
RESERVED;RESERVED;6489;;;
RESERVED;RESERVED;6490;;;
RESERVED;RESERVED;6491;;;
RESERVED;RESERVED;6492;;;
RESERVED;RESERVED;6493;;;
RESERVED;RESERVED;6494;;;
RESERVED;RESERVED;6495;;;
RESERVED;RESERVED;6496;;;
RESERVED;RESERVED;6497;;;
RESERVED;RESERVED;6498;;;
RESERVED;RESERVED;6499;;;
RESERVED;RESERVED;6500;;;
RESERVED;RESERVED;6501;;;
RESERVED;RESERVED;6502;;;
RESERVED;RESERVED;6503;;;
RESERVED;RESERVED;6504;;;
RESERVED;RESERVED;6505;;;
RESERVED;RESERVED;6506;;;
RESERVED;RESERVED;6507;;;
RESERVED;RESERVED;6508;;;
RESERVED;RESERVED;6509;;;
RESERVED;RESERVED;6510;;;
RESERVED;RESERVED;6511;;;
RESERVED;RESERVED;6512;;;
RESERVED;RESERVED;6513;;;
RESERVED;RESERVED;6514;;;
RESERVED;RESERVED;6515;;;
RESERVED;RESERVED;6516;;;
RESERVED;RESERVED;6517;;;
RESERVED;RESERVED;6518;;;
RESERVED;RESERVED;6519;;;
RESERVED;RESERVED;6520;;;
RESERVED;RESERVED;6521;;;
RESERVED;RESERVED;6522;;;
RESERVED;RESERVED;6523;;;
RESERVED;RESERVED;6524;;;
RESERVED;RESERVED;6525;;;
RESERVED;RESERVED;6526;;;
RESERVED;RESERVED;6527;;;
RESERVED;RESERVED;6528;;;
RESERVED;RESERVED;6529;;;
RESERVED;RESERVED;6530;;;
RESERVED;RESERVED;6531;;;
RESERVED;RESERVED;6532;;;
RESERVED;RESERVED;6533;;;
RESERVED;RESERVED;6534;;;
RESERVED;RESERVED;6535;;;
RESERVED;RESERVED;6536;;;
RESERVED;RESERVED;6537;;;
RESERVED;RESERVED;6538;;;
RESERVED;RESERVED;6539;;;
RESERVED;RESERVED;6540;;;
RESERVED;RESERVED;6541;;;
RESERVED;RESERVED;6542;;;
RESERVED;RESERVED;6543;;;
RESERVED;RESERVED;6544;;;
RESERVED;RESERVED;6545;;;
RESERVED;RESERVED;6546;;;
RESERVED;RESERVED;6547;;;
RESERVED;RESERVED;6548;;;
RESERVED;RESERVED;6549;;;
RESERVED;RESERVED;6550;;;
RESERVED;RESERVED;6551;;;
RESERVED;RESERVED;6552;;;
RESERVED;RESERVED;6553;;;
RESERVED;RESERVED;6554;;;
RESERVED;RESERVED;6555;;;
RESERVED;RESERVED;6556;;;
RESERVED;RESERVED;6557;;;
RESERVED;RESERVED;6558;;;
RESERVED;RESERVED;6559;;;
RESERVED;RESERVED;6560;;;
RESERVED;RESERVED;6561;;;
RESERVED;RESERVED;6562;;;
RESERVED;RESERVED;6563;;;
RESERVED;RESERVED;6564;;;
RESERVED;RESERVED;6565;;;
RESERVED;RESERVED;6566;;;
RESERVED;RESERVED;6567;;;
RESERVED;RESERVED;6568;;;
RESERVED;RESERVED;6569;;;
RESERVED;RESERVED;6570;;;
RESERVED;RESERVED;6571;;;
RESERVED;RESERVED;6572;;;
RESERVED;RESERVED;6573;;;
RESERVED;RESERVED;6574;;;
RESERVED;RESERVED;6575;;;
RESERVED;RESERVED;6576;;;
RESERVED;RESERVED;6577;;;
RESERVED;RESERVED;6578;;;
RESERVED;RESERVED;6579;;;
RESERVED;RESERVED;6580;;;
RESERVED;RESERVED;6581;;;
RESERVED;RESERVED;6582;;;
RESERVED;RESERVED;6583;;;
RESERVED;RESERVED;6584;;;
RESERVED;RESERVED;6585;;;
RESERVED;RESERVED;6586;;;
RESERVED;RESERVED;6587;;;
RESERVED;RESERVED;6588;;;
RESERVED;RESERVED;6589;;;
RESERVED;RESERVED;6590;;;
RESERVED;RESERVED;6591;;;
RESERVED;RESERVED;6592;;;
RESERVED;RESERVED;6593;;;
RESERVED;RESERVED;6594;;;
RESERVED;RESERVED;6595;;;
RESERVED;RESERVED;6596;;;
RESERVED;RESERVED;6597;;;
RESERVED;RESERVED;6598;;;
RESERVED;RESERVED;6599;;;
RESERVED;RESERVED;6600;;;
RESERVED;RESERVED;6601;;;
RESERVED;RESERVED;6602;;;
RESERVED;RESERVED;6603;;;
RESERVED;RESERVED;6604;;;
RESERVED;RESERVED;6605;;;
RESERVED;RESERVED;6606;;;
RESERVED;RESERVED;6607;;;
RESERVED;RESERVED;6608;;;
RESERVED;RESERVED;6609;;;
RESERVED;RESERVED;6610;;;
RESERVED;RESERVED;6611;;;
RESERVED;RESERVED;6612;;;
RESERVED;RESERVED;6613;;;
RESERVED;RESERVED;6614;;;
RESERVED;RESERVED;6615;;;
RESERVED;RESERVED;6616;;;
RESERVED;RESERVED;6617;;;
RESERVED;RESERVED;6618;;;
RESERVED;RESERVED;6619;;;
RESERVED;RESERVED;6620;;;
RESERVED;RESERVED;6621;;;
RESERVED;RESERVED;6622;;;
RESERVED;RESERVED;6592;;;
RESERVED;RESERVED;6593;;;
RESERVED;RESERVED;6594;;;
RESERVED;RESERVED;6595;;;
RESERVED;RESERVED;6596;;;
RESERVED;RESERVED;6597;;;
RESERVED;RESERVED;6598;;;
RESERVED;RESERVED;6599;;;
RESERVED;RESERVED;6600;;;
RESERVED;RESERVED;6601;;;
RESERVED;RESERVED;6602;;;
RESERVED;RESERVED;6603;;;
RESERVED;RESERVED;6604;;;
RESERVED;RESERVED;6605;;;
RESERVED;RESERVED;6606;;;
RESERVED;RESERVED;6607;;;
RESERVED;RESERVED;6608;;;
RESERVED;RESERVED;6609;;;
RESERVED;RESERVED;6610;;;
RESERVED;RESERVED;6611;;;
RESERVED;RESERVED;6612;;;
RESERVED;RESERVED;6613;;;
RESERVED;RESERVED;6614;;;
RESERVED;RESERVED;6615;;;
RESERVED;RESERVED;6616;;;
RESERVED;RESERVED;6617;;;
RESERVED;RESERVED;6618;;;
RESERVED;RESERVED;6619;;;
RESERVED;RESERVED;6620;;;
RESERVED;RESERVED;6621;;;
RESERVED;RESERVED;6622;;;
RESERVED;RESERVED;6623;;;
RESERVED;RESERVED;6624;;;
RESERVED;RESERVED;6625;;;
RESERVED;RESERVED;6626;;;
RESERVED;RESERVED;6627;;;
RESERVED;RESERVED;6628;;;
RESERVED;RESERVED;6629;;;
RESERVED;RESERVED;6630;;;
RESERVED;RESERVED;6631;;;
RESERVED;RESERVED;6632;;;
RESERVED;RESERVED;6633;;;
RESERVED;RESERVED;6634;;;
RESERVED;RESERVED;6635;;;
RESERVED;RESERVED;6636;;;
RESERVED;RESERVED;6637;;;
RESERVED;RESERVED;6638;;;
RESERVED;RESERVED;6639;;;
RESERVED;RESERVED;6640;;;
RESERVED;RESERVED;6641;;;
RESERVED;RESERVED;6642;;;
RESERVED;RESERVED;6643;;;
RESERVED;RESERVED;6644;;;
RESERVED;RESERVED;6645;;;
RESERVED;RESERVED;6646;;;
RESERVED;RESERVED;6647;;;
RESERVED;RESERVED;6648;;;
RESERVED;RESERVED;6649;;;
RESERVED;RESERVED;6650;;;
RESERVED;RESERVED;6651;;;
RESERVED;RESERVED;6652;;;
RESERVED;RESERVED;6653;;;
RESERVED;RESERVED;6654;;;
RESERVED;RESERVED;6655;;;
RESERVED;RESERVED;6656;;;
RESERVED;RESERVED;6657;;;
RESERVED;RESERVED;6658;;;
RESERVED;RESERVED;6659;;;
RESERVED;RESERVED;6660;;;
RESERVED;RESERVED;6661;;;
RESERVED;RESERVED;6662;;;
RESERVED;RESERVED;6663;;;
RESERVED;RESERVED;6664;;;
RESERVED;RESERVED;6665;;;
RESERVED;RESERVED;6666;;;
RESERVED;RESERVED;6667;;;
RESERVED;RESERVED;6668;;;
RESERVED;RESERVED;6669;;;
RESERVED;RESERVED;6670;;;
RESERVED;RESERVED;6671;;;
RESERVED;RESERVED;6672;;;
RESERVED;RESERVED;6673;;;
RESERVED;RESERVED;6674;;;
RESERVED;RESERVED;6675;;;
RESERVED;RESERVED;6676;;;
RESERVED;RESERVED;6677;;;
RESERVED;RESERVED;6678;;;
RESERVED;RESERVED;6679;;;
RESERVED;RESERVED;6680;;;
RESERVED;RESERVED;6681;;;
RESERVED;RESERVED;6682;;;
RESERVED;RESERVED;6683;;;
RESERVED;RESERVED;6684;;;
RESERVED;RESERVED;6685;;;
RESERVED;RESERVED;6686;;;
RESERVED;RESERVED;6687;;;
RESERVED;RESERVED;6688;;;
RESERVED;RESERVED;6689;;;
RESERVED;RESERVED;6690;;;
RESERVED;RESERVED;6691;;;
RESERVED;RESERVED;6692;;;
RESERVED;RESERVED;6693;;;
RESERVED;RESERVED;6694;;;
RESERVED;RESERVED;6695;;;
RESERVED;RESERVED;6696;;;
RESERVED;RESERVED;6697;;;
RESERVED;RESERVED;6698;;;
RESERVED;RESERVED;6699;;;
RESERVED;RESERVED;6700;;;
RESERVED;RESERVED;6701;;;
RESERVED;RESERVED;6702;;;
RESERVED;RESERVED;6703;;;
RESERVED;RESERVED;6704;;;
RESERVED;RESERVED;6705;;;
RESERVED;RESERVED;6706;;;
RESERVED;RESERVED;6707;;;
RESERVED;RESERVED;6708;;;
RESERVED;RESERVED;6709;;;
RESERVED;RESERVED;6710;;;
RESERVED;RESERVED;6711;;;
RESERVED;RESERVED;6712;;;
RESERVED;RESERVED;6713;;;
RESERVED;RESERVED;6714;;;
RESERVED;RESERVED;6715;;;
RESERVED;RESERVED;6716;;;
RESERVED;RESERVED;6717;;;
RESERVED;RESERVED;6718;;;
RESERVED;RESERVED;6719;;;
RESERVED;RESERVED;6720;;;
RESERVED;RESERVED;6721;;;
RESERVED;RESERVED;6722;;;
RESERVED;RESERVED;6723;;;
RESERVED;RESERVED;6724;;;
RESERVED;RESERVED;6725;;;
RESERVED;RESERVED;6726;;;
RESERVED;RESERVED;6727;;;
RESERVED;RESERVED;6728;;;
RESERVED;RESERVED;6729;;;
RESERVED;RESERVED;6730;;;
RESERVED;RESERVED;6731;;;
RESERVED;RESERVED;6732;;;
RESERVED;RESERVED;6733;;;
RESERVED;RESERVED;6734;;;
RESERVED;RESERVED;6735;;;
RESERVED;RESERVED;6736;;;
RESERVED;RESERVED;6737;;;
RESERVED;RESERVED;6738;;;
RESERVED;RESERVED;6739;;;
RESERVED;RESERVED;6740;;;
RESERVED;RESERVED;6741;;;
RESERVED;RESERVED;6742;;;
RESERVED;RESERVED;6743;;;
RESERVED;RESERVED;6744;;;
RESERVED;RESERVED;6745;;;
RESERVED;RESERVED;6746;;;
RESERVED;RESERVED;6747;;;
RESERVED;RESERVED;6748;;;
RESERVED;RESERVED;6749;;;
RESERVED;RESERVED;6750;;;
RESERVED;RESERVED;6751;;;
RESERVED;RESERVED;6752;;;
RESERVED;RESERVED;6753;;;
RESERVED;RESERVED;6754;;;
RESERVED;RESERVED;6755;;;
RESERVED;RESERVED;6756;;;
RESERVED;RESERVED;6757;;;
RESERVED;RESERVED;6758;;;
RESERVED;RESERVED;6759;;;
RESERVED;RESERVED;6760;;;
RESERVED;RESERVED;6761;;;
RESERVED;RESERVED;6762;;;
RESERVED;RESERVED;6763;;;
RESERVED;RESERVED;6764;;;
RESERVED;RESERVED;6765;;;
RESERVED;RESERVED;6766;;;
RESERVED;RESERVED;6767;;;
RESERVED;RESERVED;6768;;;
RESERVED;RESERVED;6769;;;
RESERVED;RESERVED;6770;;;
RESERVED;RESERVED;6771;;;
RESERVED;RESERVED;6772;;;
RESERVED;RESERVED;6773;;;
RESERVED;RESERVED;6774;;;
RESERVED;RESERVED;6775;;;
RESERVED;RESERVED;6776;;;
RESERVED;RESERVED;6777;;;
RESERVED;RESERVED;6778;;;
RESERVED;RESERVED;6779;;;
RESERVED;RESERVED;6780;;;
RESERVED;RESERVED;6781;;;
RESERVED;RESERVED;6782;;;
RESERVED;RESERVED;6783;;;
RESERVED;RESERVED;6784;;;
RESERVED;RESERVED;6785;;;
RESERVED;RESERVED;6786;;;
RESERVED;RESERVED;6787;;;
RESERVED;RESERVED;6788;;;
RESERVED;RESERVED;6789;;;
RESERVED;RESERVED;6790;;;
RESERVED;RESERVED;6791;;;
RESERVED;RESERVED;6792;;;
RESERVED;RESERVED;6793;;;
RESERVED;RESERVED;6794;;;
RESERVED;RESERVED;6795;;;
RESERVED;RESERVED;6796;;;
RESERVED;RESERVED;6797;;;
RESERVED;RESERVED;6798;;;
RESERVED;RESERVED;6799;;;
RESERVED;RESERVED;6800;;;
RESERVED;RESERVED;6801;;;
RESERVED;RESERVED;6802;;;
RESERVED;RESERVED;6803;;;
RESERVED;RESERVED;6804;;;
RESERVED;RESERVED;6805;;;
RESERVED;RESERVED;6806;;;
RESERVED;RESERVED;6807;;;
RESERVED;RESERVED;6808;;;
RESERVED;RESERVED;6809;;;
RESERVED;RESERVED;6810;;;
RESERVED;RESERVED;6811;;;
RESERVED;RESERVED;6812;;;
RESERVED;RESERVED;6813;;;
RESERVED;RESERVED;6814;;;
RESERVED;RESERVED;6815;;;
RESERVED;RESERVED;6816;;;
RESERVED;RESERVED;6817;;;
RESERVED;RESERVED;6818;;;
RESERVED;RESERVED;6819;;;
RESERVED;RESERVED;6820;;;
RESERVED;RESERVED;6821;;;
RESERVED;RESERVED;6822;;;
RESERVED;RESERVED;6823;;;
RESERVED;RESERVED;6824;;;
RESERVED;RESERVED;6825;;;
RESERVED;RESERVED;6826;;;
RESERVED;RESERVED;6827;;;
RESERVED;RESERVED;6828;;;
RESERVED;RESERVED;6829;;;
RESERVED;RESERVED;6830;;;
RESERVED;RESERVED;6831;;;
RESERVED;RESERVED;6832;;;
RESERVED;RESERVED;6833;;;
RESERVED;RESERVED;6834;;;
RESERVED;RESERVED;6835;;;
RESERVED;RESERVED;6836;;;
RESERVED;RESERVED;6837;;;
RESERVED;RESERVED;6838;;;
RESERVED;RESERVED;6839;;;
RESERVED;RESERVED;6840;;;
RESERVED;RESERVED;6841;;;
RESERVED;RESERVED;6842;;;
RESERVED;RESERVED;6843;;;
RESERVED;RESERVED;6844;;;
RESERVED;RESERVED;6845;;;
RESERVED;RESERVED;6846;;;
RESERVED;RESERVED;6847;;;
RESERVED;RESERVED;6848;;;
RESERVED;RESERVED;6849;;;
RESERVED;RESERVED;6850;;;
RESERVED;RESERVED;6851;;;
RESERVED;RESERVED;6852;;;
RESERVED;RESERVED;6853;;;
RESERVED;RESERVED;6854;;;
RESERVED;RESERVED;6855;;;
RESERVED;RESERVED;6856;;;
RESERVED;RESERVED;6857;;;
RESERVED;RESERVED;6858;;;
RESERVED;RESERVED;6859;;;
RESERVED;RESERVED;6860;;;
RESERVED;RESERVED;6861;;;
RESERVED;RESERVED;6862;;;
RESERVED;RESERVED;6863;;;
RESERVED;RESERVED;6864;;;
RESERVED;RESERVED;6865;;;
RESERVED;RESERVED;6866;;;
RESERVED;RESERVED;6867;;;
RESERVED;RESERVED;6868;;;
RESERVED;RESERVED;6869;;;
RESERVED;RESERVED;6870;;;
RESERVED;RESERVED;6871;;;
RESERVED;RESERVED;6872;;;
RESERVED;RESERVED;6873;;;
RESERVED;RESERVED;6874;;;
RESERVED;RESERVED;6875;;;
RESERVED;RESERVED;6876;;;
RESERVED;RESERVED;6877;;;
RESERVED;RESERVED;6878;;;
RESERVED;RESERVED;6879;;;
RESERVED;RESERVED;6880;;;
RESERVED;RESERVED;6881;;;
RESERVED;RESERVED;6882;;;
RESERVED;RESERVED;6883;;;
RESERVED;RESERVED;6884;;;
RESERVED;RESERVED;6885;;;
RESERVED;RESERVED;6886;;;
RESERVED;RESERVED;6887;;;
RESERVED;RESERVED;6888;;;
RESERVED;RESERVED;6889;;;
RESERVED;RESERVED;6890;;;
RESERVED;RESERVED;6891;;;
RESERVED;RESERVED;6892;;;
RESERVED;RESERVED;6893;;;
RESERVED;RESERVED;6894;;;
RESERVED;RESERVED;6895;;;
RESERVED;RESERVED;6896;;;
RESERVED;RESERVED;6897;;;
RESERVED;RESERVED;6898;;;
RESERVED;RESERVED;6899;;;
RESERVED;RESERVED;6900;;;
RESERVED;RESERVED;6901;;;
RESERVED;RESERVED;6902;;;
RESERVED;RESERVED;6903;;;
RESERVED;RESERVED;6904;;;
RESERVED;RESERVED;6905;;;
RESERVED;RESERVED;6906;;;
RESERVED;RESERVED;6907;;;
RESERVED;RESERVED;6908;;;
RESERVED;RESERVED;6909;;;
RESERVED;RESERVED;6910;;;
RESERVED;RESERVED;6911;;;
RESERVED;RESERVED;6912;;;
RESERVED;RESERVED;6913;;;
RESERVED;RESERVED;6914;;;
RESERVED;RESERVED;6915;;;
RESERVED;RESERVED;6916;;;
RESERVED;RESERVED;6917;;;
RESERVED;RESERVED;6918;;;
RESERVED;RESERVED;6919;;;
RESERVED;RESERVED;6920;;;
RESERVED;RESERVED;6921;;;
RESERVED;RESERVED;6922;;;
RESERVED;RESERVED;6923;;;
RESERVED;RESERVED;6924;;;
RESERVED;RESERVED;6925;;;
RESERVED;RESERVED;6926;;;
RESERVED;RESERVED;6927;;;
RESERVED;RESERVED;6928;;;
RESERVED;RESERVED;6929;;;
RESERVED;RESERVED;6930;;;
RESERVED;RESERVED;6931;;;
RESERVED;RESERVED;6932;;;
RESERVED;RESERVED;6933;;;
RESERVED;RESERVED;6934;;;
RESERVED;RESERVED;6935;;;
RESERVED;RESERVED;6936;;;
RESERVED;RESERVED;6937;;;
RESERVED;RESERVED;6938;;;
RESERVED;RESERVED;6939;;;
RESERVED;RESERVED;6940;;;
RESERVED;RESERVED;6941;;;
RESERVED;RESERVED;6942;;;
RESERVED;RESERVED;6943;;;
RESERVED;RESERVED;6944;;;
RESERVED;RESERVED;6945;;;
RESERVED;RESERVED;6946;;;
RESERVED;RESERVED;6947;;;
RESERVED;RESERVED;6948;;;
RESERVED;RESERVED;6949;;;
RESERVED;RESERVED;6950;;;
RESERVED;RESERVED;6951;;;
RESERVED;RESERVED;6952;;;
RESERVED;RESERVED;6953;;;
RESERVED;RESERVED;6954;;;
RESERVED;RESERVED;6955;;;
RESERVED;RESERVED;6956;;;
RESERVED;RESERVED;6957;;;
RESERVED;RESERVED;6958;;;
RESERVED;RESERVED;6959;;;
RESERVED;RESERVED;6960;;;
RESERVED;RESERVED;6961;;;
RESERVED;RESERVED;6962;;;
RESERVED;RESERVED;6963;;;
RESERVED;RESERVED;6964;;;
RESERVED;RESERVED;6965;;;
RESERVED;RESERVED;6966;;;
RESERVED;RESERVED;6967;;;
RESERVED;RESERVED;6968;;;
RESERVED;RESERVED;6969;;;
RESERVED;RESERVED;6970;;;
RESERVED;RESERVED;6971;;;
RESERVED;RESERVED;6972;;;
RESERVED;RESERVED;6973;;;
RESERVED;RESERVED;6974;;;
RESERVED;RESERVED;6975;;;
RESERVED;RESERVED;6976;;;
RESERVED;RESERVED;6977;;;
RESERVED;RESERVED;6978;;;
RESERVED;RESERVED;6979;;;
RESERVED;RESERVED;6980;;;
RESERVED;RESERVED;6981;;;
RESERVED;RESERVED;6982;;;
RESERVED;RESERVED;6983;;;
RESERVED;RESERVED;6984;;;
RESERVED;RESERVED;6985;;;
RESERVED;RESERVED;6986;;;
RESERVED;RESERVED;6987;;;
RESERVED;RESERVED;6988;;;
RESERVED;RESERVED;6989;;;
RESERVED;RESERVED;6990;;;
RESERVED;RESERVED;6991;;;
RESERVED;RESERVED;6992;;;
RESERVED;RESERVED;6993;;;
RESERVED;RESERVED;6994;;;
RESERVED;RESERVED;6995;;;
RESERVED;RESERVED;6996;;;
RESERVED;RESERVED;6997;;;
RESERVED;RESERVED;6998;;;
RESERVED;RESERVED;6999;;;
RESERVED;RESERVED;7000;;;
RESERVED;RESERVED;7001;;;
RESERVED;RESERVED;7002;;;
RESERVED;RESERVED;7003;;;
RESERVED;RESERVED;7004;;;
RESERVED;RESERVED;7005;;;
RESERVED;RESERVED;7006;;;
RESERVED;RESERVED;7007;;;
RESERVED;RESERVED;7008;;;
RESERVED;RESERVED;7009;;;
RESERVED;RESERVED;7010;;;
RESERVED;RESERVED;7011;;;
RESERVED;RESERVED;7012;;;
RESERVED;RESERVED;7013;;;
RESERVED;RESERVED;7014;;;
RESERVED;RESERVED;7015;;;
RESERVED;RESERVED;7016;;;
RESERVED;RESERVED;7017;;;
RESERVED;RESERVED;7018;;;
RESERVED;RESERVED;7019;;;
RESERVED;RESERVED;7020;;;
RESERVED;RESERVED;7021;;;
RESERVED;RESERVED;7022;;;
RESERVED;RESERVED;7023;;;
RESERVED;RESERVED;7024;;;
RESERVED;RESERVED;7025;;;
RESERVED;RESERVED;7026;;;
RESERVED;RESERVED;7027;;;
RESERVED;RESERVED;7028;;;
RESERVED;RESERVED;7029;;;
RESERVED;RESERVED;7030;;;
RESERVED;RESERVED;7031;;;
RESERVED;RESERVED;7032;;;
RESERVED;RESERVED;7033;;;
RESERVED;RESERVED;7034;;;
RESERVED;RESERVED;7035;;;
RESERVED;RESERVED;7036;;;
RESERVED;RESERVED;7037;;;
RESERVED;RESERVED;7038;;;
RESERVED;RESERVED;7039;;;
RESERVED;RESERVED;7040;;;
RESERVED;RESERVED;7041;;;
RESERVED;RESERVED;7042;;;
RESERVED;RESERVED;7043;;;
RESERVED;RESERVED;7044;;;
RESERVED;RESERVED;7045;;;
RESERVED;RESERVED;7046;;;
RESERVED;RESERVED;7047;;;
RESERVED;RESERVED;7048;;;
RESERVED;RESERVED;7049;;;
RESERVED;RESERVED;7050;;;
RESERVED;RESERVED;7051;;;
RESERVED;RESERVED;7052;;;
RESERVED;RESERVED;7053;;;
RESERVED;RESERVED;7054;;;
RESERVED;RESERVED;7055;;;
RESERVED;RESERVED;7056;;;
RESERVED;RESERVED;7057;;;
RESERVED;RESERVED;7058;;;
RESERVED;RESERVED;7059;;;
RESERVED;RESERVED;7060;;;
RESERVED;RESERVED;7061;;;
RESERVED;RESERVED;7062;;;
RESERVED;RESERVED;7063;;;
RESERVED;RESERVED;7064;;;
RESERVED;RESERVED;7065;;;
RESERVED;RESERVED;7066;;;
RESERVED;RESERVED;7067;;;
RESERVED;RESERVED;7068;;;
RESERVED;RESERVED;7069;;;
RESERVED;RESERVED;7070;;;
RESERVED;RESERVED;7071;;;
RESERVED;RESERVED;7072;;;
RESERVED;RESERVED;7073;;;
RESERVED;RESERVED;7074;;;
RESERVED;RESERVED;7075;;;
RESERVED;RESERVED;7076;;;
RESERVED;RESERVED;7077;;;
RESERVED;RESERVED;7078;;;
RESERVED;RESERVED;7079;;;
RESERVED;RESERVED;7080;;;
RESERVED;RESERVED;7081;;;
RESERVED;RESERVED;7082;;;
RESERVED;RESERVED;7083;;;
RESERVED;RESERVED;7084;;;
RESERVED;RESERVED;7085;;;
RESERVED;RESERVED;7086;;;
RESERVED;RESERVED;7087;;;
RESERVED;RESERVED;7088;;;
RESERVED;RESERVED;7089;;;
RESERVED;RESERVED;7090;;;
RESERVED;RESERVED;7091;;;
RESERVED;RESERVED;7092;;;
RESERVED;RESERVED;7093;;;
RESERVED;RESERVED;7094;;;
RESERVED;RESERVED;7095;;;
RESERVED;RESERVED;7096;;;
RESERVED;RESERVED;7097;;;
RESERVED;RESERVED;7098;;;
RESERVED;RESERVED;7099;;;
RESERVED;RESERVED;7100;;;
RESERVED;RESERVED;7101;;;
RESERVED;RESERVED;7102;;;
RESERVED;RESERVED;7103;;;
RESERVED;RESERVED;7104;;;
RESERVED;RESERVED;7105;;;
RESERVED;RESERVED;7106;;;
RESERVED;RESERVED;7107;;;
RESERVED;RESERVED;7108;;;
RESERVED;RESERVED;7109;;;
RESERVED;RESERVED;7110;;;
RESERVED;RESERVED;7111;;;
RESERVED;RESERVED;7112;;;
RESERVED;RESERVED;7113;;;
RESERVED;RESERVED;7114;;;
RESERVED;RESERVED;7115;;;
RESERVED;RESERVED;7116;;;
RESERVED;RESERVED;7117;;;
RESERVED;RESERVED;7118;;;
RESERVED;RESERVED;7119;;;
RESERVED;RESERVED;7120;;;
RESERVED;RESERVED;7121;;;
RESERVED;RESERVED;7122;;;
RESERVED;RESERVED;7123;;;
RESERVED;RESERVED;7124;;;
RESERVED;RESERVED;7125;;;
RESERVED;RESERVED;7126;;;
RESERVED;RESERVED;7127;;;
RESERVED;RESERVED;7128;;;
RESERVED;RESERVED;7129;;;
RESERVED;RESERVED;7130;;;
RESERVED;RESERVED;7131;;;
RESERVED;RESERVED;7132;;;
RESERVED;RESERVED;7133;;;
RESERVED;RESERVED;7134;;;
RESERVED;RESERVED;7135;;;
RESERVED;RESERVED;7136;;;
RESERVED;RESERVED;7137;;;
RESERVED;RESERVED;7138;;;
RESERVED;RESERVED;7139;;;
RESERVED;RESERVED;7140;;;
RESERVED;RESERVED;7141;;;
RESERVED;RESERVED;7142;;;
RESERVED;RESERVED;7143;;;
RESERVED;RESERVED;7144;;;
RESERVED;RESERVED;7145;;;
RESERVED;RESERVED;7146;;;
RESERVED;RESERVED;7147;;;
RESERVED;RESERVED;7148;;;
RESERVED;RESERVED;7149;;;
RESERVED;RESERVED;7150;;;
RESERVED;RESERVED;7151;;;
RESERVED;RESERVED;7152;;;
RESERVED;RESERVED;7153;;;
RESERVED;RESERVED;7154;;;
RESERVED;RESERVED;7155;;;
RESERVED;RESERVED;7156;;;
RESERVED;RESERVED;7157;;;
RESERVED;RESERVED;7158;;;
RESERVED;RESERVED;7159;;;
RESERVED;RESERVED;7160;;;
RESERVED;RESERVED;7161;;;
RESERVED;RESERVED;7162;;;
RESERVED;RESERVED;7163;;;
RESERVED;RESERVED;7164;;;
RESERVED;RESERVED;7165;;;
RESERVED;RESERVED;7166;;;
RESERVED;RESERVED;7167;;;
RESERVED;RESERVED;7168;;;
RESERVED;RESERVED;7169;;;
RESERVED;RESERVED;7170;;;
RESERVED;RESERVED;7171;;;
RESERVED;RESERVED;7172;;;
RESERVED;RESERVED;7173;;;
RESERVED;RESERVED;7174;;;
RESERVED;RESERVED;7175;;;
RESERVED;RESERVED;7176;;;
RESERVED;RESERVED;7177;;;
RESERVED;RESERVED;7178;;;
RESERVED;RESERVED;7179;;;
RESERVED;RESERVED;7180;;;
RESERVED;RESERVED;7181;;;
RESERVED;RESERVED;7182;;;
RESERVED;RESERVED;7183;;;
RESERVED;RESERVED;7184;;;
RESERVED;RESERVED;7185;;;
RESERVED;RESERVED;7186;;;
RESERVED;RESERVED;7187;;;
RESERVED;RESERVED;7188;;;
RESERVED;RESERVED;7189;;;
RESERVED;RESERVED;7190;;;
RESERVED;RESERVED;7191;;;
RESERVED;RESERVED;7192;;;
RESERVED;RESERVED;7193;;;
RESERVED;RESERVED;7194;;;
RESERVED;RESERVED;7195;;;
RESERVED;RESERVED;7196;;;
RESERVED;RESERVED;7197;;;
RESERVED;RESERVED;7198;;;
RESERVED;RESERVED;7199;;;
RESERVED;RESERVED;7200;;;
RESERVED;RESERVED;7201;;;
RESERVED;RESERVED;7202;;;
RESERVED;RESERVED;7203;;;
RESERVED;RESERVED;7204;;;
RESERVED;RESERVED;7205;;;
RESERVED;RESERVED;7206;;;
RESERVED;RESERVED;7207;;;
RESERVED;RESERVED;7208;;;
RESERVED;RESERVED;7209;;;
RESERVED;RESERVED;7210;;;
RESERVED;RESERVED;7211;;;
RESERVED;RESERVED;7212;;;
RESERVED;RESERVED;7213;;;
RESERVED;RESERVED;7214;;;
RESERVED;RESERVED;7215;;;
RESERVED;RESERVED;7216;;;
RESERVED;RESERVED;7217;;;
RESERVED;RESERVED;7218;;;
RESERVED;RESERVED;7219;;;
RESERVED;RESERVED;7220;;;
RESERVED;RESERVED;7221;;;
RESERVED;RESERVED;7222;;;
RESERVED;RESERVED;7223;;;
RESERVED;RESERVED;7224;;;
RESERVED;RESERVED;7225;;;
RESERVED;RESERVED;7226;;;
RESERVED;RESERVED;7227;;;
RESERVED;RESERVED;7228;;;
RESERVED;RESERVED;7229;;;
RESERVED;RESERVED;7230;;;
RESERVED;RESERVED;7231;;;
RESERVED;RESERVED;7232;;;
RESERVED;RESERVED;7233;;;
RESERVED;RESERVED;7234;;;
RESERVED;RESERVED;7235;;;
RESERVED;RESERVED;7236;;;
RESERVED;RESERVED;7237;;;
RESERVED;RESERVED;7238;;;
RESERVED;RESERVED;7239;;;
RESERVED;RESERVED;7240;;;
RESERVED;RESERVED;7241;;;
RESERVED;RESERVED;7242;;;
RESERVED;RESERVED;7243;;;
RESERVED;RESERVED;7244;;;
RESERVED;RESERVED;7245;;;
RESERVED;RESERVED;7246;;;
RESERVED;RESERVED;7247;;;
RESERVED;RESERVED;7248;;;
RESERVED;RESERVED;7249;;;
RESERVED;RESERVED;7250;;;
RESERVED;RESERVED;7251;;;
RESERVED;RESERVED;7252;;;
RESERVED;RESERVED;7253;;;
RESERVED;RESERVED;7254;;;
RESERVED;RESERVED;7255;;;
RESERVED;RESERVED;7256;;;
RESERVED;RESERVED;7257;;;
RESERVED;RESERVED;7258;;;
RESERVED;RESERVED;7259;;;
RESERVED;RESERVED;7260;;;
RESERVED;RESERVED;7261;;;
RESERVED;RESERVED;7262;;;
RESERVED;RESERVED;7263;;;
RESERVED;RESERVED;7264;;;
RESERVED;RESERVED;7265;;;
RESERVED;RESERVED;7266;;;
RESERVED;RESERVED;7267;;;
RESERVED;RESERVED;7268;;;
RESERVED;RESERVED;7269;;;
RESERVED;RESERVED;7270;;;
RESERVED;RESERVED;7271;;;
RESERVED;RESERVED;7272;;;
RESERVED;RESERVED;7273;;;
RESERVED;RESERVED;7274;;;
RESERVED;RESERVED;7275;;;
RESERVED;RESERVED;7276;;;
RESERVED;RESERVED;7277;;;
RESERVED;RESERVED;7278;;;
RESERVED;RESERVED;7279;;;
RESERVED;RESERVED;7280;;;
RESERVED;RESERVED;7281;;;
RESERVED;RESERVED;7282;;;
RESERVED;RESERVED;7283;;;
RESERVED;RESERVED;7284;;;
RESERVED;RESERVED;7285;;;
RESERVED;RESERVED;7286;;;
RESERVED;RESERVED;7287;;;
RESERVED;RESERVED;7288;;;
RESERVED;RESERVED;7289;;;
RESERVED;RESERVED;7290;;;
RESERVED;RESERVED;7291;;;
RESERVED;RESERVED;7292;;;
RESERVED;RESERVED;7293;;;
RESERVED;RESERVED;7294;;;
RESERVED;RESERVED;7295;;;
RESERVED;RESERVED;7296;;;
RESERVED;RESERVED;7297;;;
RESERVED;RESERVED;7298;;;
RESERVED;RESERVED;7299;;;
RESERVED;RESERVED;7300;;;
RESERVED;RESERVED;7301;;;
RESERVED;RESERVED;7302;;;
RESERVED;RESERVED;7303;;;
RESERVED;RESERVED;7304;;;
RESERVED;RESERVED;7305;;;
RESERVED;RESERVED;7306;;;
RESERVED;RESERVED;7307;;;
RESERVED;RESERVED;7308;;;
RESERVED;RESERVED;7309;;;
RESERVED;RESERVED;7310;;;
RESERVED;RESERVED;7311;;;
RESERVED;RESERVED;7312;;;
RESERVED;RESERVED;7313;;;
RESERVED;RESERVED;7314;;;
RESERVED;RESERVED;7315;;;
RESERVED;RESERVED;7316;;;
RESERVED;RESERVED;7317;;;
RESERVED;RESERVED;7318;;;
RESERVED;RESERVED;7319;;;
RESERVED;RESERVED;7320;;;
RESERVED;RESERVED;7321;;;
RESERVED;RESERVED;7322;;;
RESERVED;RESERVED;7323;;;
RESERVED;RESERVED;7324;;;
RESERVED;RESERVED;7325;;;
RESERVED;RESERVED;7326;;;
RESERVED;RESERVED;7327;;;
RESERVED;RESERVED;7328;;;
RESERVED;RESERVED;7329;;;
RESERVED;RESERVED;7330;;;
RESERVED;RESERVED;7331;;;
RESERVED;RESERVED;7332;;;
RESERVED;RESERVED;7333;;;
RESERVED;RESERVED;7334;;;
RESERVED;RESERVED;7335;;;
RESERVED;RESERVED;7336;;;
RESERVED;RESERVED;7337;;;
RESERVED;RESERVED;7338;;;
RESERVED;RESERVED;7339;;;
RESERVED;RESERVED;7340;;;
RESERVED;RESERVED;7341;;;
RESERVED;RESERVED;7342;;;
RESERVED;RESERVED;7343;;;
RESERVED;RESERVED;7344;;;
RESERVED;RESERVED;7345;;;
RESERVED;RESERVED;7346;;;
RESERVED;RESERVED;7347;;;
RESERVED;RESERVED;7348;;;
RESERVED;RESERVED;7349;;;
RESERVED;RESERVED;7350;;;
RESERVED;RESERVED;7351;;;
RESERVED;RESERVED;7352;;;
RESERVED;RESERVED;7353;;;
RESERVED;RESERVED;7354;;;
RESERVED;RESERVED;7355;;;
RESERVED;RESERVED;7356;;;
RESERVED;RESERVED;7357;;;
RESERVED;RESERVED;7358;;;
RESERVED;RESERVED;7359;;;
RESERVED;RESERVED;7360;;;
RESERVED;RESERVED;7361;;;
RESERVED;RESERVED;7362;;;
RESERVED;RESERVED;7363;;;
RESERVED;RESERVED;7364;;;
RESERVED;RESERVED;7365;;;
RESERVED;RESERVED;7366;;;
RESERVED;RESERVED;7367;;;
RESERVED;RESERVED;7368;;;
RESERVED;RESERVED;7369;;;
RESERVED;RESERVED;7370;;;
RESERVED;RESERVED;7371;;;
RESERVED;RESERVED;7372;;;
RESERVED;RESERVED;7373;;;
RESERVED;RESERVED;7374;;;
RESERVED;RESERVED;7375;;;
RESERVED;RESERVED;7376;;;
RESERVED;RESERVED;7377;;;
RESERVED;RESERVED;7378;;;
RESERVED;RESERVED;7379;;;
RESERVED;RESERVED;7380;;;
RESERVED;RESERVED;7381;;;
RESERVED;RESERVED;7382;;;
RESERVED;RESERVED;7383;;;
RESERVED;RESERVED;7384;;;
RESERVED;RESERVED;7385;;;
RESERVED;RESERVED;7386;;;
RESERVED;RESERVED;7387;;;
RESERVED;RESERVED;7388;;;
RESERVED;RESERVED;7389;;;
RESERVED;RESERVED;7390;;;
RESERVED;RESERVED;7391;;;
RESERVED;RESERVED;7392;;;
RESERVED;RESERVED;7393;;;
RESERVED;RESERVED;7394;;;
RESERVED;RESERVED;7395;;;
RESERVED;RESERVED;7396;;;
RESERVED;RESERVED;7397;;;
RESERVED;RESERVED;7398;;;
RESERVED;RESERVED;7399;;;
RESERVED;RESERVED;7400;;;
RESERVED;RESERVED;7401;;;
RESERVED;RESERVED;7402;;;
RESERVED;RESERVED;7403;;;
RESERVED;RESERVED;7404;;;
RESERVED;RESERVED;7405;;;
RESERVED;RESERVED;7406;;;
RESERVED;RESERVED;7407;;;
RESERVED;RESERVED;7408;;;
RESERVED;RESERVED;7409;;;
RESERVED;RESERVED;7410;;;
RESERVED;RESERVED;7411;;;
RESERVED;RESERVED;7412;;;
RESERVED;RESERVED;7413;;;
RESERVED;RESERVED;7414;;;
RESERVED;RESERVED;7415;;;
RESERVED;RESERVED;7416;;;
RESERVED;RESERVED;7417;;;
RESERVED;RESERVED;7418;;;
RESERVED;RESERVED;7419;;;
RESERVED;RESERVED;7420;;;
RESERVED;RESERVED;7421;;;
RESERVED;RESERVED;7422;;;
RESERVED;RESERVED;7423;;;
RESERVED;RESERVED;7424;;;
RESERVED;RESERVED;7425;;;
RESERVED;RESERVED;7426;;;
RESERVED;RESERVED;7427;;;
RESERVED;RESERVED;7428;;;
RESERVED;RESERVED;7429;;;
RESERVED;RESERVED;7430;;;
RESERVED;RESERVED;7431;;;
RESERVED;RESERVED;7432;;;
RESERVED;RESERVED;7433;;;
RESERVED;RESERVED;7434;;;
RESERVED;RESERVED;7435;;;
RESERVED;RESERVED;7436;;;
RESERVED;RESERVED;7437;;;
RESERVED;RESERVED;7438;;;
RESERVED;RESERVED;7439;;;
RESERVED;RESERVED;7440;;;
RESERVED;RESERVED;7441;;;
RESERVED;RESERVED;7442;;;
RESERVED;RESERVED;7443;;;
RESERVED;RESERVED;7444;;;
RESERVED;RESERVED;7445;;;
RESERVED;RESERVED;7446;;;
RESERVED;RESERVED;7447;;;
RESERVED;RESERVED;7448;;;
RESERVED;RESERVED;7449;;;
RESERVED;RESERVED;7450;;;
RESERVED;RESERVED;7451;;;
RESERVED;RESERVED;7452;;;
RESERVED;RESERVED;7453;;;
RESERVED;RESERVED;7454;;;
RESERVED;RESERVED;7455;;;
RESERVED;RESERVED;7456;;;
RESERVED;RESERVED;7457;;;
RESERVED;RESERVED;7458;;;
RESERVED;RESERVED;7459;;;
RESERVED;RESERVED;7460;;;
RESERVED;RESERVED;7461;;;
RESERVED;RESERVED;7462;;;
RESERVED;RESERVED;7463;;;
RESERVED;RESERVED;7464;;;
RESERVED;RESERVED;7465;;;
RESERVED;RESERVED;7466;;;
RESERVED;RESERVED;7467;;;
RESERVED;RESERVED;7468;;;
RESERVED;RESERVED;7469;;;
RESERVED;RESERVED;7470;;;
RESERVED;RESERVED;7471;;;
RESERVED;RESERVED;7472;;;
RESERVED;RESERVED;7473;;;
RESERVED;RESERVED;7474;;;
RESERVED;RESERVED;7475;;;
RESERVED;RESERVED;7476;;;
RESERVED;RESERVED;7477;;;
RESERVED;RESERVED;7478;;;
RESERVED;RESERVED;7479;;;
RESERVED;RESERVED;7480;;;
RESERVED;RESERVED;7481;;;
RESERVED;RESERVED;7482;;;
RESERVED;RESERVED;7483;;;
RESERVED;RESERVED;7484;;;
RESERVED;RESERVED;7485;;;
RESERVED;RESERVED;7486;;;
RESERVED;RESERVED;7487;;;
RESERVED;RESERVED;7488;;;
RESERVED;RESERVED;7489;;;
RESERVED;RESERVED;7490;;;
RESERVED;RESERVED;7491;;;
RESERVED;RESERVED;7492;;;
RESERVED;RESERVED;7493;;;
RESERVED;RESERVED;7494;;;
RESERVED;RESERVED;7495;;;
RESERVED;RESERVED;7496;;;
RESERVED;RESERVED;7497;;;
RESERVED;RESERVED;7498;;;
RESERVED;RESERVED;7499;;;
RESERVED;RESERVED;7500;;;
RESERVED;RESERVED;7501;;;
RESERVED;RESERVED;7502;;;
RESERVED;RESERVED;7503;;;
RESERVED;RESERVED;7504;;;
RESERVED;RESERVED;7505;;;
RESERVED;RESERVED;7506;;;
RESERVED;RESERVED;7507;;;
RESERVED;RESERVED;7508;;;
RESERVED;RESERVED;7509;;;
RESERVED;RESERVED;7510;;;
RESERVED;RESERVED;7511;;;
RESERVED;RESERVED;7512;;;
RESERVED;RESERVED;7513;;;
RESERVED;RESERVED;7514;;;
RESERVED;RESERVED;7515;;;
RESERVED;RESERVED;7516;;;
RESERVED;RESERVED;7517;;;
RESERVED;RESERVED;7518;;;
RESERVED;RESERVED;7519;;;
RESERVED;RESERVED;7520;;;
RESERVED;RESERVED;7521;;;
RESERVED;RESERVED;7522;;;
RESERVED;RESERVED;7523;;;
RESERVED;RESERVED;7524;;;
RESERVED;RESERVED;7525;;;
RESERVED;RESERVED;7526;;;
RESERVED;RESERVED;7527;;;
RESERVED;RESERVED;7528;;;
RESERVED;RESERVED;7529;;;
RESERVED;RESERVED;7530;;;
RESERVED;RESERVED;7531;;;
RESERVED;RESERVED;7532;;;
RESERVED;RESERVED;7533;;;
RESERVED;RESERVED;7534;;;
RESERVED;RESERVED;7535;;;
RESERVED;RESERVED;7536;;;
RESERVED;RESERVED;7537;;;
RESERVED;RESERVED;7538;;;
RESERVED;RESERVED;7539;;;
RESERVED;RESERVED;7540;;;
RESERVED;RESERVED;7541;;;
RESERVED;RESERVED;7542;;;
RESERVED;RESERVED;7543;;;
RESERVED;RESERVED;7544;;;
RESERVED;RESERVED;7545;;;
RESERVED;RESERVED;7546;;;
RESERVED;RESERVED;7547;;;
RESERVED;RESERVED;7548;;;
RESERVED;RESERVED;7549;;;
RESERVED;RESERVED;7550;;;
RESERVED;RESERVED;7551;;;
RESERVED;RESERVED;7552;;;
RESERVED;RESERVED;7553;;;
RESERVED;RESERVED;7554;;;
RESERVED;RESERVED;7555;;;
RESERVED;RESERVED;7556;;;
RESERVED;RESERVED;7557;;;
RESERVED;RESERVED;7558;;;
RESERVED;RESERVED;7559;;;
RESERVED;RESERVED;7560;;;
RESERVED;RESERVED;7561;;;
RESERVED;RESERVED;7562;;;
RESERVED;RESERVED;7563;;;
RESERVED;RESERVED;7564;;;
RESERVED;RESERVED;7565;;;
RESERVED;RESERVED;7566;;;
RESERVED;RESERVED;7567;;;
RESERVED;RESERVED;7568;;;
RESERVED;RESERVED;7569;;;
RESERVED;RESERVED;7570;;;
RESERVED;RESERVED;7571;;;
RESERVED;RESERVED;7572;;;
RESERVED;RESERVED;7573;;;
RESERVED;RESERVED;7574;;;
RESERVED;RESERVED;7575;;;
RESERVED;RESERVED;7576;;;
RESERVED;RESERVED;7577;;;
RESERVED;RESERVED;7578;;;
RESERVED;RESERVED;7579;;;
RESERVED;RESERVED;7580;;;
RESERVED;RESERVED;7581;;;
RESERVED;RESERVED;7582;;;
RESERVED;RESERVED;7583;;;
RESERVED;RESERVED;7584;;;
RESERVED;RESERVED;7585;;;
RESERVED;RESERVED;7586;;;
RESERVED;RESERVED;7587;;;
RESERVED;RESERVED;7588;;;
RESERVED;RESERVED;7589;;;
RESERVED;RESERVED;7590;;;
RESERVED;RESERVED;7591;;;
RESERVED;RESERVED;7592;;;
RESERVED;RESERVED;7593;;;
RESERVED;RESERVED;7594;;;
RESERVED;RESERVED;7595;;;
RESERVED;RESERVED;7596;;;
RESERVED;RESERVED;7597;;;
RESERVED;RESERVED;7598;;;
RESERVED;RESERVED;7599;;;
RESERVED;RESERVED;7600;;;
RESERVED;RESERVED;7601;;;
RESERVED;RESERVED;7602;;;
RESERVED;RESERVED;7603;;;
RESERVED;RESERVED;7604;;;
RESERVED;RESERVED;7605;;;
RESERVED;RESERVED;7606;;;
RESERVED;RESERVED;7607;;;
RESERVED;RESERVED;7608;;;
RESERVED;RESERVED;7609;;;
RESERVED;RESERVED;7610;;;
RESERVED;RESERVED;7611;;;
RESERVED;RESERVED;7612;;;
RESERVED;RESERVED;7613;;;
RESERVED;RESERVED;7614;;;
RESERVED;RESERVED;7615;;;
RESERVED;RESERVED;7616;;;
RESERVED;RESERVED;7617;;;
RESERVED;RESERVED;7618;;;
RESERVED;RESERVED;7619;;;
RESERVED;RESERVED;7620;;;
RESERVED;RESERVED;7621;;;
RESERVED;RESERVED;7622;;;
RESERVED;RESERVED;7623;;;
RESERVED;RESERVED;7624;;;
RESERVED;RESERVED;7625;;;
RESERVED;RESERVED;7626;;;
RESERVED;RESERVED;7627;;;
RESERVED;RESERVED;7628;;;
RESERVED;RESERVED;7629;;;
RESERVED;RESERVED;7630;;;
RESERVED;RESERVED;7631;;;
RESERVED;RESERVED;7632;;;
RESERVED;RESERVED;7633;;;
RESERVED;RESERVED;7634;;;
RESERVED;RESERVED;7635;;;
RESERVED;RESERVED;7636;;;
RESERVED;RESERVED;7637;;;
RESERVED;RESERVED;7638;;;
RESERVED;RESERVED;7639;;;
RESERVED;RESERVED;7640;;;
RESERVED;RESERVED;7641;;;
RESERVED;RESERVED;7642;;;
RESERVED;RESERVED;7643;;;
RESERVED;RESERVED;7644;;;
RESERVED;RESERVED;7645;;;
RESERVED;RESERVED;7646;;;
RESERVED;RESERVED;7647;;;
RESERVED;RESERVED;7648;;;
RESERVED;RESERVED;7649;;;
RESERVED;RESERVED;7650;;;
RESERVED;RESERVED;7651;;;
RESERVED;RESERVED;7652;;;
RESERVED;RESERVED;7653;;;
RESERVED;RESERVED;7654;;;
RESERVED;RESERVED;7655;;;
RESERVED;RESERVED;7656;;;
RESERVED;RESERVED;7657;;;
RESERVED;RESERVED;7658;;;
RESERVED;RESERVED;7659;;;
RESERVED;RESERVED;7660;;;
RESERVED;RESERVED;7661;;;
RESERVED;RESERVED;7662;;;
RESERVED;RESERVED;7663;;;
RESERVED;RESERVED;7664;;;
RESERVED;RESERVED;7665;;;
RESERVED;RESERVED;7666;;;
RESERVED;RESERVED;7667;;;
RESERVED;RESERVED;7668;;;
RESERVED;RESERVED;7669;;;
RESERVED;RESERVED;7670;;;
RESERVED;RESERVED;7671;;;
RESERVED;RESERVED;7672;;;
RESERVED;RESERVED;7673;;;
RESERVED;RESERVED;7674;;;
RESERVED;RESERVED;7675;;;
RESERVED;RESERVED;7676;;;
RESERVED;RESERVED;7677;;;
RESERVED;RESERVED;7678;;;
RESERVED;RESERVED;7679;;;
RESERVED;RESERVED;7680;;;
RESERVED;RESERVED;7681;;;
RESERVED;RESERVED;7682;;;
RESERVED;RESERVED;7683;;;
RESERVED;RESERVED;7684;;;
RESERVED;RESERVED;7685;;;
RESERVED;RESERVED;7686;;;
RESERVED;RESERVED;7687;;;
RESERVED;RESERVED;7688;;;
RESERVED;RESERVED;7689;;;
RESERVED;RESERVED;7690;;;
RESERVED;RESERVED;7691;;;
RESERVED;RESERVED;7692;;;
RESERVED;RESERVED;7693;;;
RESERVED;RESERVED;7694;;;
RESERVED;RESERVED;7695;;;
RESERVED;RESERVED;7696;;;
RESERVED;RESERVED;7697;;;
RESERVED;RESERVED;7698;;;
RESERVED;RESERVED;7699;;;
RESERVED;RESERVED;7700;;;
RESERVED;RESERVED;7701;;;
RESERVED;RESERVED;7702;;;
RESERVED;RESERVED;7703;;;
RESERVED;RESERVED;7704;;;
RESERVED;RESERVED;7705;;;
RESERVED;RESERVED;7706;;;
RESERVED;RESERVED;7707;;;
RESERVED;RESERVED;7708;;;
RESERVED;RESERVED;7709;;;
RESERVED;RESERVED;7710;;;
RESERVED;RESERVED;7711;;;
RESERVED;RESERVED;7712;;;
RESERVED;RESERVED;7713;;;
RESERVED;RESERVED;7714;;;
RESERVED;RESERVED;7715;;;
RESERVED;RESERVED;7716;;;
RESERVED;RESERVED;7717;;;
RESERVED;RESERVED;7718;;;
RESERVED;RESERVED;7719;;;
RESERVED;RESERVED;7720;;;
RESERVED;RESERVED;7721;;;
RESERVED;RESERVED;7722;;;
RESERVED;RESERVED;7723;;;
RESERVED;RESERVED;7724;;;
RESERVED;RESERVED;7725;;;
RESERVED;RESERVED;7726;;;
RESERVED;RESERVED;7727;;;
RESERVED;RESERVED;7728;;;
RESERVED;RESERVED;7729;;;
RESERVED;RESERVED;7730;;;
RESERVED;RESERVED;7731;;;
RESERVED;RESERVED;7732;;;
RESERVED;RESERVED;7733;;;
RESERVED;RESERVED;7734;;;
RESERVED;RESERVED;7735;;;
RESERVED;RESERVED;7736;;;
RESERVED;RESERVED;7737;;;
RESERVED;RESERVED;7738;;;
RESERVED;RESERVED;7739;;;
RESERVED;RESERVED;7740;;;
RESERVED;RESERVED;7741;;;
RESERVED;RESERVED;7742;;;
RESERVED;RESERVED;7743;;;
RESERVED;RESERVED;7744;;;
RESERVED;RESERVED;7745;;;
RESERVED;RESERVED;7746;;;
RESERVED;RESERVED;7747;;;
RESERVED;RESERVED;7748;;;
RESERVED;RESERVED;7749;;;
RESERVED;RESERVED;7750;;;
RESERVED;RESERVED;7751;;;
RESERVED;RESERVED;7752;;;
RESERVED;RESERVED;7753;;;
RESERVED;RESERVED;7754;;;
RESERVED;RESERVED;7755;;;
RESERVED;RESERVED;7756;;;
RESERVED;RESERVED;7757;;;
RESERVED;RESERVED;7758;;;
RESERVED;RESERVED;7759;;;
RESERVED;RESERVED;7760;;;
RESERVED;RESERVED;7761;;;
RESERVED;RESERVED;7762;;;
RESERVED;RESERVED;7763;;;
RESERVED;RESERVED;7764;;;
RESERVED;RESERVED;7765;;;
RESERVED;RESERVED;7766;;;
RESERVED;RESERVED;7767;;;
RESERVED;RESERVED;7768;;;
RESERVED;RESERVED;7769;;;
RESERVED;RESERVED;7770;;;
RESERVED;RESERVED;7771;;;
RESERVED;RESERVED;7772;;;
RESERVED;RESERVED;7773;;;
RESERVED;RESERVED;7774;;;
RESERVED;RESERVED;7775;;;
RESERVED;RESERVED;7776;;;
RESERVED;RESERVED;7777;;;
RESERVED;RESERVED;7778;;;
RESERVED;RESERVED;7779;;;
RESERVED;RESERVED;7780;;;
RESERVED;RESERVED;7781;;;
RESERVED;RESERVED;7782;;;
RESERVED;RESERVED;7783;;;
RESERVED;RESERVED;7784;;;
RESERVED;RESERVED;7785;;;
RESERVED;RESERVED;7786;;;
RESERVED;RESERVED;7787;;;
RESERVED;RESERVED;7788;;;
RESERVED;RESERVED;7789;;;
RESERVED;RESERVED;7790;;;
RESERVED;RESERVED;7791;;;
RESERVED;RESERVED;7792;;;
RESERVED;RESERVED;7793;;;
RESERVED;RESERVED;7794;;;
RESERVED;RESERVED;7795;;;
RESERVED;RESERVED;7796;;;
RESERVED;RESERVED;7797;;;
RESERVED;RESERVED;7798;;;
RESERVED;RESERVED;7799;;;
RESERVED;RESERVED;7800;;;
RESERVED;RESERVED;7801;;;
RESERVED;RESERVED;7802;;;
RESERVED;RESERVED;7803;;;
RESERVED;RESERVED;7804;;;
RESERVED;RESERVED;7805;;;
RESERVED;RESERVED;7806;;;
RESERVED;RESERVED;7807;;;
RESERVED;RESERVED;7808;;;
RESERVED;RESERVED;7809;;;
RESERVED;RESERVED;7810;;;
RESERVED;RESERVED;7811;;;
RESERVED;RESERVED;7812;;;
RESERVED;RESERVED;7813;;;
RESERVED;RESERVED;7814;;;
RESERVED;RESERVED;7815;;;
RESERVED;RESERVED;7816;;;
RESERVED;RESERVED;7817;;;
RESERVED;RESERVED;7818;;;
RESERVED;RESERVED;7819;;;
RESERVED;RESERVED;7820;;;
RESERVED;RESERVED;7821;;;
RESERVED;RESERVED;7822;;;
RESERVED;RESERVED;7823;;;
RESERVED;RESERVED;7824;;;
RESERVED;RESERVED;7825;;;
RESERVED;RESERVED;7826;;;
RESERVED;RESERVED;7827;;;
RESERVED;RESERVED;7828;;;
RESERVED;RESERVED;7829;;;
RESERVED;RESERVED;7830;;;
RESERVED;RESERVED;7831;;;
RESERVED;RESERVED;7832;;;
RESERVED;RESERVED;7833;;;
RESERVED;RESERVED;7834;;;
RESERVED;RESERVED;7835;;;
RESERVED;RESERVED;7836;;;
RESERVED;RESERVED;7837;;;
RESERVED;RESERVED;7838;;;
RESERVED;RESERVED;7839;;;
RESERVED;RESERVED;7840;;;
RESERVED;RESERVED;7841;;;
RESERVED;RESERVED;7842;;;
RESERVED;RESERVED;7843;;;
RESERVED;RESERVED;7844;;;
RESERVED;RESERVED;7845;;;
RESERVED;RESERVED;7846;;;
RESERVED;RESERVED;7847;;;
RESERVED;RESERVED;7848;;;
RESERVED;RESERVED;7849;;;
RESERVED;RESERVED;7850;;;
RESERVED;RESERVED;7851;;;
RESERVED;RESERVED;7852;;;
RESERVED;RESERVED;7853;;;
RESERVED;RESERVED;7854;;;
RESERVED;RESERVED;7855;;;
RESERVED;RESERVED;7856;;;
RESERVED;RESERVED;7857;;;
RESERVED;RESERVED;7858;;;
RESERVED;RESERVED;7859;;;
RESERVED;RESERVED;7860;;;
RESERVED;RESERVED;7861;;;
RESERVED;RESERVED;7862;;;
RESERVED;RESERVED;7863;;;
RESERVED;RESERVED;7864;;;
RESERVED;RESERVED;7865;;;
RESERVED;RESERVED;7866;;;
RESERVED;RESERVED;7867;;;
RESERVED;RESERVED;7868;;;
RESERVED;RESERVED;7869;;;
RESERVED;RESERVED;7870;;;
RESERVED;RESERVED;7871;;;
RESERVED;RESERVED;7872;;;
RESERVED;RESERVED;7873;;;
RESERVED;RESERVED;7874;;;
RESERVED;RESERVED;7875;;;
RESERVED;RESERVED;7876;;;
RESERVED;RESERVED;7877;;;
RESERVED;RESERVED;7878;;;
RESERVED;RESERVED;7879;;;
RESERVED;RESERVED;7880;;;
RESERVED;RESERVED;7881;;;
RESERVED;RESERVED;7882;;;
RESERVED;RESERVED;7883;;;
RESERVED;RESERVED;7884;;;
RESERVED;RESERVED;7885;;;
RESERVED;RESERVED;7886;;;
RESERVED;RESERVED;7887;;;
RESERVED;RESERVED;7888;;;
RESERVED;RESERVED;7889;;;
RESERVED;RESERVED;7890;;;
RESERVED;RESERVED;7891;;;
RESERVED;RESERVED;7892;;;
RESERVED;RESERVED;7893;;;
RESERVED;RESERVED;7894;;;
RESERVED;RESERVED;7895;;;
RESERVED;RESERVED;7896;;;
RESERVED;RESERVED;7897;;;
RESERVED;RESERVED;7898;;;
RESERVED;RESERVED;7899;;;
RESERVED;RESERVED;7900;;;
RESERVED;RESERVED;7901;;;
RESERVED;RESERVED;7902;;;
RESERVED;RESERVED;7903;;;
RESERVED;RESERVED;7904;;;
RESERVED;RESERVED;7905;;;
RESERVED;RESERVED;7906;;;
RESERVED;RESERVED;7907;;;
RESERVED;RESERVED;7908;;;
RESERVED;RESERVED;7909;;;
RESERVED;RESERVED;7910;;;
RESERVED;RESERVED;7911;;;
RESERVED;RESERVED;7912;;;
RESERVED;RESERVED;7913;;;
RESERVED;RESERVED;7914;;;
RESERVED;RESERVED;7915;;;
RESERVED;RESERVED;7916;;;
RESERVED;RESERVED;7917;;;
RESERVED;RESERVED;7918;;;
RESERVED;RESERVED;7919;;;
RESERVED;RESERVED;7920;;;
RESERVED;RESERVED;7921;;;
RESERVED;RESERVED;7922;;;
RESERVED;RESERVED;7923;;;
RESERVED;RESERVED;7924;;;
RESERVED;RESERVED;7925;;;
RESERVED;RESERVED;7926;;;
RESERVED;RESERVED;7927;;;
RESERVED;RESERVED;7928;;;
RESERVED;RESERVED;7929;;;
RESERVED;RESERVED;7930;;;
RESERVED;RESERVED;7931;;;
RESERVED;RESERVED;7932;;;
RESERVED;RESERVED;7933;;;
RESERVED;RESERVED;7934;;;
RESERVED;RESERVED;7935;;;
RESERVED;RESERVED;7936;;;
RESERVED;RESERVED;7937;;;
RESERVED;RESERVED;7938;;;
RESERVED;RESERVED;7939;;;
RESERVED;RESERVED;7940;;;
RESERVED;RESERVED;7941;;;
RESERVED;RESERVED;7942;;;
RESERVED;RESERVED;7943;;;
RESERVED;RESERVED;7944;;;
RESERVED;RESERVED;7945;;;
RESERVED;RESERVED;7946;;;
RESERVED;RESERVED;7947;;;
RESERVED;RESERVED;7948;;;
RESERVED;RESERVED;7949;;;
RESERVED;RESERVED;7950;;;
RESERVED;RESERVED;7951;;;
RESERVED;RESERVED;7952;;;
RESERVED;RESERVED;7953;;;
RESERVED;RESERVED;7954;;;
RESERVED;RESERVED;7955;;;
RESERVED;RESERVED;7956;;;
RESERVED;RESERVED;7957;;;
RESERVED;RESERVED;7958;;;
RESERVED;RESERVED;7959;;;
RESERVED;RESERVED;7960;;;
RESERVED;RESERVED;7961;;;
RESERVED;RESERVED;7962;;;
RESERVED;RESERVED;7963;;;
RESERVED;RESERVED;7964;;;
RESERVED;RESERVED;7965;;;
RESERVED;RESERVED;7966;;;
RESERVED;RESERVED;7967;;;
RESERVED;RESERVED;7968;;;
RESERVED;RESERVED;7969;;;
RESERVED;RESERVED;7970;;;
RESERVED;RESERVED;7971;;;
RESERVED;RESERVED;7972;;;
RESERVED;RESERVED;7973;;;
RESERVED;RESERVED;7974;;;
RESERVED;RESERVED;7975;;;
RESERVED;RESERVED;7976;;;
RESERVED;RESERVED;7977;;;
RESERVED;RESERVED;7978;;;
RESERVED;RESERVED;7979;;;
RESERVED;RESERVED;7980;;;
RESERVED;RESERVED;7981;;;
RESERVED;RESERVED;7982;;;
RESERVED;RESERVED;7983;;;
RESERVED;RESERVED;7984;;;
RESERVED;RESERVED;7985;;;
RESERVED;RESERVED;7986;;;
RESERVED;RESERVED;7987;;;
RESERVED;RESERVED;7988;;;
RESERVED;RESERVED;7989;;;
RESERVED;RESERVED;7990;;;
RESERVED;RESERVED;7991;;;
RESERVED;RESERVED;7992;;;
RESERVED;RESERVED;7993;;;
RESERVED;RESERVED;7994;;;
RESERVED;RESERVED;7995;;;
RESERVED;RESERVED;7996;;;
RESERVED;RESERVED;7997;;;
RESERVED;RESERVED;7998;;;
RESERVED;RESERVED;7999;;;
RESERVED;RESERVED;8000;;;
RESERVED;RESERVED;8001;;;
RESERVED;RESERVED;8002;;;
RESERVED;RESERVED;8003;;;
RESERVED;RESERVED;8004;;;
RESERVED;RESERVED;8005;;;
RESERVED;RESERVED;8006;;;
RESERVED;RESERVED;8007;;;
RESERVED;RESERVED;8008;;;
RESERVED;RESERVED;8009;;;
RESERVED;RESERVED;8010;;;
RESERVED;RESERVED;8011;;;
RESERVED;RESERVED;8012;;;
RESERVED;RESERVED;8013;;;
RESERVED;RESERVED;8014;;;
RESERVED;RESERVED;8015;;;
RESERVED;RESERVED;8016;;;
RESERVED;RESERVED;8017;;;
RESERVED;RESERVED;8018;;;
RESERVED;RESERVED;8019;;;
RESERVED;RESERVED;8020;;;
RESERVED;RESERVED;8021;;;
RESERVED;RESERVED;8022;;;
RESERVED;RESERVED;8023;;;
RESERVED;RESERVED;8024;;;
RESERVED;RESERVED;8025;;;
RESERVED;RESERVED;8026;;;
RESERVED;RESERVED;8027;;;
RESERVED;RESERVED;8028;;;
RESERVED;RESERVED;8029;;;
RESERVED;RESERVED;8030;;;
RESERVED;RESERVED;8031;;;
RESERVED;RESERVED;8032;;;
RESERVED;RESERVED;8033;;;
RESERVED;RESERVED;8034;;;
RESERVED;RESERVED;8035;;;
RESERVED;RESERVED;8036;;;
RESERVED;RESERVED;8037;;;
RESERVED;RESERVED;8038;;;
RESERVED;RESERVED;8039;;;
RESERVED;RESERVED;8040;;;
RESERVED;RESERVED;8041;;;
RESERVED;RESERVED;8042;;;
RESERVED;RESERVED;8043;;;
RESERVED;RESERVED;8044;;;
RESERVED;RESERVED;8045;;;
RESERVED;RESERVED;8046;;;
RESERVED;RESERVED;8047;;;
RESERVED;RESERVED;8048;;;
RESERVED;RESERVED;8049;;;
