alias;alarm;offset;;;;
RV-BAR-1CA;barrier_fail_command;1;;;Measures (1-8000);Port 502
RV-BAR-1CA;offset_barrier_down_veh_de;2;;;Commands(8001-10000);Port 502
RV-BAR-1CA;barrier_no_return;3;;;Alarms (1-5000);Port 503
RV-BAR-1CA;barrier_down_no_red_sem;4;;;;
RV-BAR-2CA;barrier_fail_command;5;;;;
RV-BAR-2CA;offset_barrier_down_veh_de;6;;;;
RV-BAR-2CA;barrier_no_return;7;;;;
RV-BAR-2CA;barrier_down_no_red_sem;8;;;;
RV-BAR-1MA;barrier_fail_command;9;;;;
RV-BAR-1MA;offset_barrier_down_veh_de;10;;;;
RV-BAR-1MA;barrier_no_return;11;;;;
RV-BAR-1MA;barrier_down_no_red_sem;12;;;;
RV-BAR-2MA;barrier_fail_command;13;;;;
RV-BAR-2MA;offset_barrier_down_veh_de;14;;;;
RV-BAR-2MA;barrier_no_return;15;;;;
RV-BAR-2MA;barrier_down_no_red_sem;16;;;;
MM-BAR-1CA;barrier_fail_command;17;;;;
MM-BAR-1CA;offset_barrier_down_veh_de;18;;;;
MM-BAR-1CA;barrier_no_return;19;;;;
MM-BAR-1CA;barrier_down_no_red_sem;20;;;;
MM-BAR-2CA;barrier_fail_command;21;;;;
MM-BAR-2CA;offset_barrier_down_veh_de;22;;;;
MM-BAR-2CA;barrier_no_return;23;;;;
MM-BAR-2CA;barrier_down_no_red_sem;24;;;;
MM-BAR-1MA;barrier_fail_command;25;;;;
MM-BAR-1MA;offset_barrier_down_veh_de;26;;;;
MM-BAR-1MA;barrier_no_return;27;;;;
MM-BAR-1MA;barrier_down_no_red_sem;28;;;;
MM-BAR-2MA;barrier_fail_command;29;;;;
MM-BAR-2MA;offset_barrier_down_veh_de;30;;;;
MM-BAR-2MA;barrier_no_return;31;;;;
MM-BAR-2MA;barrier_down_no_red_sem;32;;;;
STMI-BAR-1MA;barrier_fail_command;33;;;;
STMI-BAR-1MA;offset_barrier_down_veh_de;34;;;;
STMI-BAR-1MA;barrier_no_return;35;;;;
STMI-BAR-1MA;barrier_down_no_red_sem;36;;;;
STMI-BAR-2MA;barrier_fail_command;37;;;;
STMI-BAR-2MA;offset_barrier_down_veh_de;38;;;;
STMI-BAR-2MA;barrier_no_return;39;;;;
STMI-BAR-2MA;barrier_down_no_red_sem;40;;;;
STMI-BAR-1CA;barrier_fail_command;41;;;;
STMI-BAR-1CA;offset_barrier_down_veh_de;42;;;;
STMI-BAR-1CA;barrier_no_return;43;;;;
STMI-BAR-1CA;barrier_down_no_red_sem;44;;;;
STMI-BAR-2CA;barrier_fail_command;45;;;;
STMI-BAR-2CA;offset_barrier_down_veh_de;46;;;;
STMI-BAR-2CA;barrier_no_return;47;;;;
STMI-BAR-2CA;barrier_down_no_red_sem;48;;;;
CH-BAR-1MA;barrier_fail_command;49;;;;
CH-BAR-1MA;offset_barrier_down_veh_de;50;;;;
CH-BAR-1MA;barrier_no_return;51;;;;
CH-BAR-1MA;barrier_down_no_red_sem;52;;;;
CH-BAR-2MA;barrier_fail_command;53;;;;
CH-BAR-2MA;offset_barrier_down_veh_de;54;;;;
CH-BAR-2MA;barrier_no_return;55;;;;
CH-BAR-2MA;barrier_down_no_red_sem;56;;;;
CH-BAR-1CA;barrier_fail_command;57;;;;
CH-BAR-1CA;offset_barrier_down_veh_de;58;;;;
CH-BAR-1CA;barrier_no_return;59;;;;
CH-BAR-1CA;barrier_down_no_red_sem;60;;;;
CH-BAR-2CA;barrier_fail_command;61;;;;
CH-BAR-2CA;offset_barrier_down_veh_de;62;;;;
CH-BAR-2CA;barrier_no_return;63;;;;
CH-BAR-2CA;barrier_down_no_red_sem;64;;;;
LQ-BAR-1CA;barrier_fail_command;65;;;;
LQ-BAR-1CA;offset_barrier_down_veh_de;66;;;;
LQ-BAR-1CA;barrier_no_return;67;;;;
LQ-BAR-1CA;barrier_down_no_red_sem;68;;;;
LQ-BAR-2CA;barrier_fail_command;69;;;;
LQ-BAR-2CA;offset_barrier_down_veh_de;70;;;;
LQ-BAR-2CA;barrier_no_return;71;;;;
LQ-BAR-2CA;barrier_down_no_red_sem;72;;;;
LQ-BAR-1MA;barrier_fail_command;73;;;;
LQ-BAR-1MA;offset_barrier_down_veh_de;74;;;;
LQ-BAR-1MA;barrier_no_return;75;;;;
LQ-BAR-1MA;barrier_down_no_red_sem;76;;;;
LQ-BAR-2MA;barrier_fail_command;77;;;;
LQ-BAR-2MA;offset_barrier_down_veh_de;78;;;;
LQ-BAR-2MA;barrier_no_return;79;;;;
LQ-BAR-2MA;barrier_down_no_red_sem;80;;;;
COR-BAR-1CA;barrier_fail_command;81;;;;
COR-BAR-1CA;offset_barrier_down_veh_de;82;;;;
COR-BAR-1CA;barrier_no_return;83;;;;
COR-BAR-1CA;barrier_down_no_red_sem;84;;;;
COR-BAR-2CA;barrier_fail_command;85;;;;
COR-BAR-2CA;offset_barrier_down_veh_de;86;;;;
COR-BAR-2CA;barrier_no_return;87;;;;
COR-BAR-2CA;barrier_down_no_red_sem;88;;;;
COR-BAR-1MA;barrier_fail_command;89;;;;
COR-BAR-1MA;offset_barrier_down_veh_de;90;;;;
COR-BAR-1MA;barrier_no_return;91;;;;
COR-BAR-1MA;barrier_down_no_red_sem;92;;;;
COR-BAR-2MA;barrier_fail_command;93;;;;
COR-BAR-2MA;offset_barrier_down_veh_de;94;;;;
COR-BAR-2MA;barrier_no_return;95;;;;
COR-BAR-2MA;barrier_down_no_red_sem;96;;;;
EST-BAR-1CA;barrier_fail_command;97;;;;
EST-BAR-1CA;offset_barrier_down_veh_de;98;;;;
EST-BAR-1CA;barrier_no_return;99;;;;
EST-BAR-1CA;barrier_down_no_red_sem;100;;;;
EST-BAR-2CA;barrier_fail_command;101;;;;
EST-BAR-2CA;offset_barrier_down_veh_de;102;;;;
EST-BAR-2CA;barrier_no_return;103;;;;
EST-BAR-2CA;barrier_down_no_red_sem;104;;;;
EST-BAR-1MA;barrier_fail_command;105;;;;
EST-BAR-1MA;offset_barrier_down_veh_de;106;;;;
EST-BAR-1MA;barrier_no_return;107;;;;
EST-BAR-1MA;barrier_down_no_red_sem;108;;;;
EST-BAR-2MA;barrier_fail_command;109;;;;
EST-BAR-2MA;offset_barrier_down_veh_de;110;;;;
EST-BAR-2MA;barrier_no_return;111;;;;
EST-BAR-2MA;barrier_down_no_red_sem;112;;;;
NG-BAR-1CA;barrier_fail_command;113;;;;
NG-BAR-1CA;offset_barrier_down_veh_de;114;;;;
NG-BAR-1CA;barrier_no_return;115;;;;
NG-BAR-1CA;barrier_down_no_red_sem;116;;;;
NG-BAR-2CA;barrier_fail_command;117;;;;
NG-BAR-2CA;offset_barrier_down_veh_de;118;;;;
NG-BAR-2CA;barrier_no_return;119;;;;
NG-BAR-2CA;barrier_down_no_red_sem;120;;;;
NG-BAR-1MA;barrier_fail_command;121;;;;
NG-BAR-1MA;offset_barrier_down_veh_de;122;;;;
NG-BAR-1MA;barrier_no_return;123;;;;
NG-BAR-1MA;barrier_down_no_red_sem;124;;;;
NG-BAR-2MA;barrier_fail_command;125;;;;
NG-BAR-2MA;offset_barrier_down_veh_de;126;;;;
NG-BAR-2MA;barrier_no_return;127;;;;
NG-BAR-2MA;barrier_down_no_red_sem;128;;;;
STM2-BAR-1MA;barrier_fail_command;129;;;;
STM2-BAR-1MA;offset_barrier_down_veh_de;130;;;;
STM2-BAR-1MA;barrier_no_return;131;;;;
STM2-BAR-1MA;barrier_down_no_red_sem;132;;;;
STM2-BAR-2MA;barrier_fail_command;133;;;;
STM2-BAR-2MA;offset_barrier_down_veh_de;134;;;;
STM2-BAR-2MA;barrier_no_return;135;;;;
STM2-BAR-2MA;barrier_down_no_red_sem;136;;;;
STM2-BAR-1CA;barrier_fail_command;137;;;;
STM2-BAR-1CA;offset_barrier_down_veh_de;138;;;;
STM2-BAR-1CA;barrier_no_return;139;;;;
STM2-BAR-1CA;barrier_down_no_red_sem;140;;;;
STM2-BAR-2CA;barrier_fail_command;141;;;;
STM2-BAR-2CA;offset_barrier_down_veh_de;142;;;;
STM2-BAR-2CA;barrier_no_return;143;;;;
STM2-BAR-2CA;barrier_down_no_red_sem;144;;;;
CAS-BAR-1MA;barrier_fail_command;145;;;;
CAS-BAR-1MA;offset_barrier_down_veh_de;146;;;;
CAS-BAR-1MA;barrier_no_return;147;;;;
CAS-BAR-1MA;barrier_down_no_red_sem;148;;;;
CAS-BAR-2MA;barrier_fail_command;149;;;;
CAS-BAR-2MA;offset_barrier_down_veh_de;150;;;;
CAS-BAR-2MA;barrier_no_return;151;;;;
CAS-BAR-2MA;barrier_down_no_red_sem;152;;;;
CAS-BAR-1CA;barrier_fail_command;153;;;;
CAS-BAR-1CA;offset_barrier_down_veh_de;154;;;;
CAS-BAR-1CA;barrier_no_return;155;;;;
CAS-BAR-1CA;barrier_down_no_red_sem;156;;;;
CAS-BAR-2CA;barrier_fail_command;157;;;;
CAS-BAR-2CA;offset_barrier_down_veh_de;158;;;;
CAS-BAR-2CA;barrier_no_return;159;;;;
CAS-BAR-2CA;barrier_down_no_red_sem;160;;;;
RESERVED;RESERVED;161;;;;
RESERVED;RESERVED;162;;;;
RESERVED;RESERVED;163;;;;
RESERVED;RESERVED;164;;;;
RESERVED;RESERVED;165;;;;
RESERVED;RESERVED;166;;;;
RESERVED;RESERVED;167;;;;
RESERVED;RESERVED;168;;;;
RESERVED;RESERVED;169;;;;
RV-VENT-VF1-CA;windings_temperature_alarm;170;;;;
RV-VENT-VF1-CA;windings_sensor_alarm;171;;;;
RV-VENT-VF1-CA;fan_switch;172;;;;
RV-VENT-VF1-CA;fan_gear;173;;;;
RV-VENT-VF1-CA;vibration_sensor_alarm;174;;;;
RV-VENT-VF1-CA;front_motor_bearing_sensor_alarm;175;;;;
RV-VENT-VF1-CA;back_motor_bearing_sensor_alarm;176;;;;
RV-VENT-VF2-CA;windings_temperature_alarm;177;;;;
RV-VENT-VF2-CA;windings_sensor_alarm;178;;;;
RV-VENT-VF2-CA;fan_switch;179;;;;
RV-VENT-VF2-CA;fan_gear;180;;;;
RV-VENT-VF2-CA;vibration_sensor_alarm;181;;;;
RV-VENT-VF2-CA;front_motor_bearing_sensor_alarm;182;;;;
RV-VENT-VF2-CA;back_motor_bearing_sensor_alarm;183;;;;
RV-VENT-VF3-CA;windings_temperature_alarm;184;;;;
RV-VENT-VF3-CA;windings_sensor_alarm;185;;;;
RV-VENT-VF3-CA;fan_switch;186;;;;
RV-VENT-VF3-CA;fan_gear;187;;;;
RV-VENT-VF3-CA;vibration_sensor_alarm;188;;;;
RV-VENT-VF3-CA;front_motor_bearing_sensor_alarm;189;;;;
RV-VENT-VF3-CA;back_motor_bearing_sensor_alarm;190;;;;
RV-VENT-VF4-CA;windings_temperature_alarm;191;;;;
RV-VENT-VF4-CA;windings_sensor_alarm;192;;;;
RV-VENT-VF4-CA;fan_switch;193;;;;
RV-VENT-VF4-CA;fan_gear;194;;;;
RV-VENT-VF4-CA;vibration_sensor_alarm;195;;;;
RV-VENT-VF4-CA;front_motor_bearing_sensor_alarm;196;;;;
RV-VENT-VF4-CA;back_motor_bearing_sensor_alarm;197;;;;
RV-VENT-VF1-MA;windings_temperature_alarm;198;;;;
RV-VENT-VF1-MA;windings_sensor_alarm;199;;;;
RV-VENT-VF1-MA;fan_switch;200;;;;
RV-VENT-VF1-MA;fan_gear;201;;;;
RV-VENT-VF1-MA;vibration_sensor_alarm;202;;;;
RV-VENT-VF1-MA;front_motor_bearing_sensor_alarm;203;;;;
RV-VENT-VF1-MA;back_motor_bearing_sensor_alarm;204;;;;
RV-VENT-VF2-MA;windings_temperature_alarm;205;;;;
RV-VENT-VF2-MA;windings_sensor_alarm;206;;;;
RV-VENT-VF2-MA;fan_switch;207;;;;
RV-VENT-VF2-MA;fan_gear;208;;;;
RV-VENT-VF2-MA;vibration_sensor_alarm;209;;;;
RV-VENT-VF2-MA;front_motor_bearing_sensor_alarm;210;;;;
RV-VENT-VF2-MA;back_motor_bearing_sensor_alarm;211;;;;
RV-VENT-VF3-MA;windings_temperature_alarm;212;;;;
RV-VENT-VF3-MA;windings_sensor_alarm;213;;;;
RV-VENT-VF3-MA;fan_switch;214;;;;
RV-VENT-VF3-MA;fan_gear;215;;;;
RV-VENT-VF3-MA;vibration_sensor_alarm;216;;;;
RV-VENT-VF3-MA;front_motor_bearing_sensor_alarm;217;;;;
RV-VENT-VF3-MA;back_motor_bearing_sensor_alarm;218;;;;
RV-VENT-VF4-MA;windings_temperature_alarm;219;;;;
RV-VENT-VF4-MA;windings_sensor_alarm;220;;;;
RV-VENT-VF4-MA;fan_switch;221;;;;
RV-VENT-VF4-MA;fan_gear;222;;;;
RV-VENT-VF4-MA;vibration_sensor_alarm;223;;;;
RV-VENT-VF4-MA;front_motor_bearing_sensor_alarm;224;;;;
RV-VENT-VF4-MA;back_motor_bearing_sensor_alarm;225;;;;
RV-VENT-VF5-MA;windings_temperature_alarm;226;;;;
RV-VENT-VF5-MA;windings_sensor_alarm;227;;;;
RV-VENT-VF5-MA;fan_switch;228;;;;
RV-VENT-VF5-MA;fan_gear;229;;;;
RV-VENT-VF5-MA;vibration_sensor_alarm;230;;;;
RV-VENT-VF5-MA;front_motor_bearing_sensor_alarm;231;;;;
RV-VENT-VF5-MA;back_motor_bearing_sensor_alarm;232;;;;
RV-VENT-VF6-MA;windings_temperature_alarm;233;;;;
RV-VENT-VF6-MA;windings_sensor_alarm;234;;;;
RV-VENT-VF6-MA;fan_switch;235;;;;
RV-VENT-VF6-MA;fan_gear;236;;;;
RV-VENT-VF6-MA;vibration_sensor_alarm;237;;;;
RV-VENT-VF6-MA;front_motor_bearing_sensor_alarm;238;;;;
RV-VENT-VF6-MA;back_motor_bearing_sensor_alarm;239;;;;
MM-VENT-VF1-CA;windings_temperature_alarm;240;;;;
MM-VENT-VF1-CA;windings_sensor_alarm;241;;;;
MM-VENT-VF1-CA;fan_switch;242;;;;
MM-VENT-VF1-CA;fan_gear;243;;;;
MM-VENT-VF1-CA;vibration_sensor_alarm;244;;;;
MM-VENT-VF1-CA;front_motor_bearing_sensor_alarm;245;;;;
MM-VENT-VF1-CA;back_motor_bearing_sensor_alarm;246;;;;
MM-VENT-VF2-CA;windings_temperature_alarm;247;;;;
MM-VENT-VF2-CA;windings_sensor_alarm;248;;;;
MM-VENT-VF2-CA;fan_switch;249;;;;
MM-VENT-VF2-CA;fan_gear;250;;;;
MM-VENT-VF2-CA;vibration_sensor_alarm;251;;;;
MM-VENT-VF2-CA;front_motor_bearing_sensor_alarm;252;;;;
MM-VENT-VF2-CA;back_motor_bearing_sensor_alarm;253;;;;
MM-VENT-VF3-CA;windings_temperature_alarm;254;;;;
MM-VENT-VF3-CA;windings_sensor_alarm;255;;;;
MM-VENT-VF3-CA;fan_switch;256;;;;
MM-VENT-VF3-CA;fan_gear;257;;;;
MM-VENT-VF3-CA;vibration_sensor_alarm;258;;;;
MM-VENT-VF3-CA;front_motor_bearing_sensor_alarm;259;;;;
MM-VENT-VF3-CA;back_motor_bearing_sensor_alarm;260;;;;
MM-VENT-VF4-CA;windings_temperature_alarm;261;;;;
MM-VENT-VF4-CA;windings_sensor_alarm;262;;;;
MM-VENT-VF4-CA;fan_switch;263;;;;
MM-VENT-VF4-CA;fan_gear;264;;;;
MM-VENT-VF4-CA;vibration_sensor_alarm;265;;;;
MM-VENT-VF4-CA;front_motor_bearing_sensor_alarm;266;;;;
MM-VENT-VF4-CA;back_motor_bearing_sensor_alarm;267;;;;
MM-VENT-VF5-CA;windings_temperature_alarm;268;;;;
MM-VENT-VF5-CA;windings_sensor_alarm;269;;;;
MM-VENT-VF5-CA;fan_switch;270;;;;
MM-VENT-VF5-CA;fan_gear;271;;;;
MM-VENT-VF5-CA;vibration_sensor_alarm;272;;;;
MM-VENT-VF5-CA;front_motor_bearing_sensor_alarm;273;;;;
MM-VENT-VF5-CA;back_motor_bearing_sensor_alarm;274;;;;
MM-VENT-VF6-CA;windings_temperature_alarm;275;;;;
MM-VENT-VF6-CA;windings_sensor_alarm;276;;;;
MM-VENT-VF6-CA;fan_switch;277;;;;
MM-VENT-VF6-CA;fan_gear;278;;;;
MM-VENT-VF6-CA;vibration_sensor_alarm;279;;;;
MM-VENT-VF6-CA;front_motor_bearing_sensor_alarm;280;;;;
MM-VENT-VF6-CA;back_motor_bearing_sensor_alarm;281;;;;
MM-VENT-VF7-CA;windings_temperature_alarm;282;;;;
MM-VENT-VF7-CA;windings_sensor_alarm;283;;;;
MM-VENT-VF7-CA;fan_switch;284;;;;
MM-VENT-VF7-CA;fan_gear;285;;;;
MM-VENT-VF7-CA;vibration_sensor_alarm;286;;;;
MM-VENT-VF7-CA;front_motor_bearing_sensor_alarm;287;;;;
MM-VENT-VF7-CA;back_motor_bearing_sensor_alarm;288;;;;
MM-VENT-VF8-CA;windings_temperature_alarm;289;;;;
MM-VENT-VF8-CA;windings_sensor_alarm;290;;;;
MM-VENT-VF8-CA;fan_switch;291;;;;
MM-VENT-VF8-CA;fan_gear;292;;;;
MM-VENT-VF8-CA;vibration_sensor_alarm;293;;;;
MM-VENT-VF8-CA;front_motor_bearing_sensor_alarm;294;;;;
MM-VENT-VF8-CA;back_motor_bearing_sensor_alarm;295;;;;
MM-VENT-VF1-MA;windings_temperature_alarm;296;;;;
MM-VENT-VF1-MA;windings_sensor_alarm;297;;;;
MM-VENT-VF1-MA;fan_switch;298;;;;
MM-VENT-VF1-MA;fan_gear;299;;;;
MM-VENT-VF1-MA;vibration_sensor_alarm;300;;;;
MM-VENT-VF1-MA;front_motor_bearing_sensor_alarm;301;;;;
MM-VENT-VF1-MA;back_motor_bearing_sensor_alarm;302;;;;
MM-VENT-VF2-MA;windings_temperature_alarm;303;;;;
MM-VENT-VF2-MA;windings_sensor_alarm;304;;;;
MM-VENT-VF2-MA;fan_switch;305;;;;
MM-VENT-VF2-MA;fan_gear;306;;;;
MM-VENT-VF2-MA;vibration_sensor_alarm;307;;;;
MM-VENT-VF2-MA;front_motor_bearing_sensor_alarm;308;;;;
MM-VENT-VF2-MA;back_motor_bearing_sensor_alarm;309;;;;
MM-VENT-VF3-MA;windings_temperature_alarm;310;;;;
MM-VENT-VF3-MA;windings_sensor_alarm;311;;;;
MM-VENT-VF3-MA;fan_switch;312;;;;
MM-VENT-VF3-MA;fan_gear;313;;;;
MM-VENT-VF3-MA;vibration_sensor_alarm;314;;;;
MM-VENT-VF3-MA;front_motor_bearing_sensor_alarm;315;;;;
MM-VENT-VF3-MA;back_motor_bearing_sensor_alarm;316;;;;
MM-VENT-VF4-MA;windings_temperature_alarm;317;;;;
MM-VENT-VF4-MA;windings_sensor_alarm;318;;;;
MM-VENT-VF4-MA;fan_switch;319;;;;
MM-VENT-VF4-MA;fan_gear;320;;;;
MM-VENT-VF4-MA;vibration_sensor_alarm;321;;;;
MM-VENT-VF4-MA;front_motor_bearing_sensor_alarm;322;;;;
MM-VENT-VF4-MA;back_motor_bearing_sensor_alarm;323;;;;
MM-VENT-VF5-MA;windings_temperature_alarm;324;;;;
MM-VENT-VF5-MA;windings_sensor_alarm;325;;;;
MM-VENT-VF5-MA;fan_switch;326;;;;
MM-VENT-VF5-MA;fan_gear;327;;;;
MM-VENT-VF5-MA;vibration_sensor_alarm;328;;;;
MM-VENT-VF5-MA;front_motor_bearing_sensor_alarm;329;;;;
MM-VENT-VF5-MA;back_motor_bearing_sensor_alarm;330;;;;
MM-VENT-VF6-MA;windings_temperature_alarm;331;;;;
MM-VENT-VF6-MA;windings_sensor_alarm;332;;;;
MM-VENT-VF6-MA;fan_switch;333;;;;
MM-VENT-VF6-MA;fan_gear;334;;;;
MM-VENT-VF6-MA;vibration_sensor_alarm;335;;;;
MM-VENT-VF6-MA;front_motor_bearing_sensor_alarm;336;;;;
MM-VENT-VF6-MA;back_motor_bearing_sensor_alarm;337;;;;
CAS-VENT-VF1-MA;windings_temperature_alarm;338;;;;
CAS-VENT-VF1-MA;windings_sensor_alarm;339;;;;
CAS-VENT-VF1-MA;fan_switch;340;;;;
CAS-VENT-VF1-MA;fan_gear;341;;;;
CAS-VENT-VF1-MA;vibration_sensor_alarm;342;;;;
CAS-VENT-VF1-MA;front_motor_bearing_sensor_alarm;343;;;;
CAS-VENT-VF1-MA;back_motor_bearing_sensor_alarm;344;;;;
CAS-VENT-VF2-MA;windings_temperature_alarm;345;;;;
CAS-VENT-VF2-MA;windings_sensor_alarm;346;;;;
CAS-VENT-VF2-MA;fan_switch;347;;;;
CAS-VENT-VF2-MA;fan_gear;348;;;;
CAS-VENT-VF2-MA;vibration_sensor_alarm;349;;;;
CAS-VENT-VF2-MA;front_motor_bearing_sensor_alarm;350;;;;
CAS-VENT-VF2-MA;back_motor_bearing_sensor_alarm;351;;;;
CAS-VENT-VF3-MA;windings_temperature_alarm;352;;;;
CAS-VENT-VF3-MA;windings_sensor_alarm;353;;;;
CAS-VENT-VF3-MA;fan_switch;354;;;;
CAS-VENT-VF3-MA;fan_gear;355;;;;
CAS-VENT-VF3-MA;vibration_sensor_alarm;356;;;;
CAS-VENT-VF3-MA;front_motor_bearing_sensor_alarm;357;;;;
CAS-VENT-VF3-MA;back_motor_bearing_sensor_alarm;358;;;;
CAS-VENT-VF4-MA;windings_temperature_alarm;359;;;;
CAS-VENT-VF4-MA;windings_sensor_alarm;360;;;;
CAS-VENT-VF4-MA;fan_switch;361;;;;
CAS-VENT-VF4-MA;fan_gear;362;;;;
CAS-VENT-VF4-MA;vibration_sensor_alarm;363;;;;
CAS-VENT-VF4-MA;front_motor_bearing_sensor_alarm;364;;;;
CAS-VENT-VF4-MA;back_motor_bearing_sensor_alarm;365;;;;
CAS-VENT-VF5-MA;windings_temperature_alarm;366;;;;
CAS-VENT-VF5-MA;windings_sensor_alarm;367;;;;
CAS-VENT-VF5-MA;fan_switch;368;;;;
CAS-VENT-VF5-MA;fan_gear;369;;;;
CAS-VENT-VF5-MA;vibration_sensor_alarm;370;;;;
CAS-VENT-VF5-MA;front_motor_bearing_sensor_alarm;371;;;;
CAS-VENT-VF5-MA;back_motor_bearing_sensor_alarm;372;;;;
CAS-VENT-VF6-MA;windings_temperature_alarm;373;;;;
CAS-VENT-VF6-MA;windings_sensor_alarm;374;;;;
CAS-VENT-VF6-MA;fan_switch;375;;;;
CAS-VENT-VF6-MA;fan_gear;376;;;;
CAS-VENT-VF6-MA;vibration_sensor_alarm;377;;;;
CAS-VENT-VF6-MA;front_motor_bearing_sensor_alarm;378;;;;
CAS-VENT-VF6-MA;back_motor_bearing_sensor_alarm;379;;;;
CAS-VENT-VF7-MA;windings_temperature_alarm;380;;;;
CAS-VENT-VF7-MA;windings_sensor_alarm;381;;;;
CAS-VENT-VF7-MA;fan_switch;382;;;;
CAS-VENT-VF7-MA;fan_gear;383;;;;
CAS-VENT-VF7-MA;vibration_sensor_alarm;384;;;;
CAS-VENT-VF7-MA;front_motor_bearing_sensor_alarm;385;;;;
CAS-VENT-VF7-MA;back_motor_bearing_sensor_alarm;386;;;;
CAS-VENT-VF8-MA;windings_temperature_alarm;387;;;;
CAS-VENT-VF8-MA;windings_sensor_alarm;388;;;;
CAS-VENT-VF8-MA;fan_switch;389;;;;
CAS-VENT-VF8-MA;fan_gear;390;;;;
CAS-VENT-VF8-MA;vibration_sensor_alarm;391;;;;
CAS-VENT-VF8-MA;front_motor_bearing_sensor_alarm;392;;;;
CAS-VENT-VF8-MA;back_motor_bearing_sensor_alarm;393;;;;
CAS-VENT-VF9-MA;windings_temperature_alarm;394;;;;
CAS-VENT-VF9-MA;windings_sensor_alarm;395;;;;
CAS-VENT-VF9-MA;fan_switch;396;;;;
CAS-VENT-VF9-MA;fan_gear;397;;;;
CAS-VENT-VF9-MA;vibration_sensor_alarm;398;;;;
CAS-VENT-VF9-MA;front_motor_bearing_sensor_alarm;399;;;;
CAS-VENT-VF9-MA;back_motor_bearing_sensor_alarm;400;;;;
CAS-VENT-VF10-MA;windings_temperature_alarm;401;;;;
CAS-VENT-VF10-MA;windings_sensor_alarm;402;;;;
CAS-VENT-VF10-MA;fan_switch;403;;;;
CAS-VENT-VF10-MA;fan_gear;404;;;;
CAS-VENT-VF10-MA;vibration_sensor_alarm;405;;;;
CAS-VENT-VF10-MA;front_motor_bearing_sensor_alarm;406;;;;
CAS-VENT-VF10-MA;back_motor_bearing_sensor_alarm;407;;;;
CAS-VENT-VF1-CA;windings_temperature_alarm;408;;;;
CAS-VENT-VF1-CA;windings_sensor_alarm;409;;;;
CAS-VENT-VF1-CA;fan_switch;410;;;;
CAS-VENT-VF1-CA;fan_gear;411;;;;
CAS-VENT-VF1-CA;vibration_sensor_alarm;412;;;;
CAS-VENT-VF1-CA;front_motor_bearing_sensor_alarm;413;;;;
CAS-VENT-VF1-CA;back_motor_bearing_sensor_alarm;414;;;;
CAS-VENT-VF2-CA;windings_temperature_alarm;415;;;;
CAS-VENT-VF2-CA;windings_sensor_alarm;416;;;;
CAS-VENT-VF2-CA;fan_switch;417;;;;
CAS-VENT-VF2-CA;fan_gear;418;;;;
CAS-VENT-VF2-CA;vibration_sensor_alarm;419;;;;
CAS-VENT-VF2-CA;front_motor_bearing_sensor_alarm;420;;;;
CAS-VENT-VF2-CA;back_motor_bearing_sensor_alarm;421;;;;
CAS-VENT-VF3-CA;windings_temperature_alarm;422;;;;
CAS-VENT-VF3-CA;windings_sensor_alarm;423;;;;
CAS-VENT-VF3-CA;fan_switch;424;;;;
CAS-VENT-VF3-CA;fan_gear;425;;;;
CAS-VENT-VF3-CA;vibration_sensor_alarm;426;;;;
CAS-VENT-VF3-CA;front_motor_bearing_sensor_alarm;427;;;;
CAS-VENT-VF3-CA;back_motor_bearing_sensor_alarm;428;;;;
CAS-VENT-VF4-CA;windings_temperature_alarm;429;;;;
CAS-VENT-VF4-CA;windings_sensor_alarm;430;;;;
CAS-VENT-VF4-CA;fan_switch;431;;;;
CAS-VENT-VF4-CA;fan_gear;432;;;;
CAS-VENT-VF4-CA;vibration_sensor_alarm;433;;;;
CAS-VENT-VF4-CA;front_motor_bearing_sensor_alarm;434;;;;
CAS-VENT-VF4-CA;back_motor_bearing_sensor_alarm;435;;;;
CAS-VENT-VF5-CA;windings_temperature_alarm;436;;;;
CAS-VENT-VF5-CA;windings_sensor_alarm;437;;;;
CAS-VENT-VF5-CA;fan_switch;438;;;;
CAS-VENT-VF5-CA;fan_gear;439;;;;
CAS-VENT-VF5-CA;vibration_sensor_alarm;440;;;;
CAS-VENT-VF5-CA;front_motor_bearing_sensor_alarm;441;;;;
CAS-VENT-VF5-CA;back_motor_bearing_sensor_alarm;442;;;;
CAS-VENT-VF6-CA;windings_temperature_alarm;443;;;;
CAS-VENT-VF6-CA;windings_sensor_alarm;444;;;;
CAS-VENT-VF6-CA;fan_switch;445;;;;
CAS-VENT-VF6-CA;fan_gear;446;;;;
CAS-VENT-VF6-CA;vibration_sensor_alarm;447;;;;
CAS-VENT-VF6-CA;front_motor_bearing_sensor_alarm;448;;;;
CAS-VENT-VF6-CA;back_motor_bearing_sensor_alarm;449;;;;
CAS-VENT-VF7-CA;windings_temperature_alarm;450;;;;
CAS-VENT-VF7-CA;windings_sensor_alarm;451;;;;
CAS-VENT-VF7-CA;fan_switch;452;;;;
CAS-VENT-VF7-CA;fan_gear;453;;;;
CAS-VENT-VF7-CA;vibration_sensor_alarm;454;;;;
CAS-VENT-VF7-CA;front_motor_bearing_sensor_alarm;455;;;;
CAS-VENT-VF7-CA;back_motor_bearing_sensor_alarm;456;;;;
CAS-VENT-VF8-CA;windings_temperature_alarm;457;;;;
CAS-VENT-VF8-CA;windings_sensor_alarm;458;;;;
CAS-VENT-VF8-CA;fan_switch;459;;;;
CAS-VENT-VF8-CA;fan_gear;460;;;;
CAS-VENT-VF8-CA;vibration_sensor_alarm;461;;;;
CAS-VENT-VF8-CA;front_motor_bearing_sensor_alarm;462;;;;
CAS-VENT-VF8-CA;back_motor_bearing_sensor_alarm;463;;;;
COR-VENT-VF1-CA;windings_temperature_alarm;464;;;;
COR-VENT-VF1-CA;windings_sensor_alarm;465;;;;
COR-VENT-VF1-CA;fan_switch;466;;;;
COR-VENT-VF1-CA;fan_gear;467;;;;
COR-VENT-VF1-CA;vibration_sensor_alarm;468;;;;
COR-VENT-VF1-CA;front_motor_bearing_sensor_alarm;469;;;;
COR-VENT-VF1-CA;back_motor_bearing_sensor_alarm;470;;;;
COR-VENT-VF2-CA;windings_temperature_alarm;471;;;;
COR-VENT-VF2-CA;windings_sensor_alarm;472;;;;
COR-VENT-VF2-CA;fan_switch;473;;;;
COR-VENT-VF2-CA;fan_gear;474;;;;
COR-VENT-VF2-CA;vibration_sensor_alarm;475;;;;
COR-VENT-VF2-CA;front_motor_bearing_sensor_alarm;476;;;;
COR-VENT-VF2-CA;back_motor_bearing_sensor_alarm;477;;;;
COR-VENT-VF3-CA;windings_temperature_alarm;478;;;;
COR-VENT-VF3-CA;windings_sensor_alarm;479;;;;
COR-VENT-VF3-CA;fan_switch;480;;;;
COR-VENT-VF3-CA;fan_gear;481;;;;
COR-VENT-VF3-CA;vibration_sensor_alarm;482;;;;
COR-VENT-VF3-CA;front_motor_bearing_sensor_alarm;483;;;;
COR-VENT-VF3-CA;back_motor_bearing_sensor_alarm;484;;;;
COR-VENT-VF4-CA;windings_temperature_alarm;485;;;;
COR-VENT-VF4-CA;windings_sensor_alarm;486;;;;
COR-VENT-VF4-CA;fan_switch;487;;;;
COR-VENT-VF4-CA;fan_gear;488;;;;
COR-VENT-VF4-CA;vibration_sensor_alarm;489;;;;
COR-VENT-VF4-CA;front_motor_bearing_sensor_alarm;490;;;;
COR-VENT-VF4-CA;back_motor_bearing_sensor_alarm;491;;;;
COR-VENT-VF5-CA;windings_temperature_alarm;492;;;;
COR-VENT-VF5-CA;windings_sensor_alarm;493;;;;
COR-VENT-VF5-CA;fan_switch;494;;;;
COR-VENT-VF5-CA;fan_gear;495;;;;
COR-VENT-VF5-CA;vibration_sensor_alarm;496;;;;
COR-VENT-VF5-CA;front_motor_bearing_sensor_alarm;497;;;;
COR-VENT-VF5-CA;back_motor_bearing_sensor_alarm;498;;;;
COR-VENT-VF6-CA;windings_temperature_alarm;499;;;;
COR-VENT-VF6-CA;windings_sensor_alarm;500;;;;
COR-VENT-VF6-CA;fan_switch;501;;;;
COR-VENT-VF6-CA;fan_gear;502;;;;
COR-VENT-VF6-CA;vibration_sensor_alarm;503;;;;
COR-VENT-VF6-CA;front_motor_bearing_sensor_alarm;504;;;;
COR-VENT-VF6-CA;back_motor_bearing_sensor_alarm;505;;;;
COR-VENT-VF7-CA;windings_temperature_alarm;506;;;;
COR-VENT-VF7-CA;windings_sensor_alarm;507;;;;
COR-VENT-VF7-CA;fan_switch;508;;;;
COR-VENT-VF7-CA;fan_gear;509;;;;
COR-VENT-VF7-CA;vibration_sensor_alarm;510;;;;
COR-VENT-VF7-CA;front_motor_bearing_sensor_alarm;511;;;;
COR-VENT-VF7-CA;back_motor_bearing_sensor_alarm;512;;;;
COR-VENT-VF8-CA;windings_temperature_alarm;513;;;;
COR-VENT-VF8-CA;windings_sensor_alarm;514;;;;
COR-VENT-VF8-CA;fan_switch;515;;;;
COR-VENT-VF8-CA;fan_gear;516;;;;
COR-VENT-VF8-CA;vibration_sensor_alarm;517;;;;
COR-VENT-VF8-CA;front_motor_bearing_sensor_alarm;518;;;;
COR-VENT-VF8-CA;back_motor_bearing_sensor_alarm;519;;;;
COR-VENT-VF1-MA;windings_temperature_alarm;520;;;;
COR-VENT-VF1-MA;windings_sensor_alarm;521;;;;
COR-VENT-VF1-MA;fan_switch;522;;;;
COR-VENT-VF1-MA;fan_gear;523;;;;
COR-VENT-VF1-MA;vibration_sensor_alarm;524;;;;
COR-VENT-VF1-MA;front_motor_bearing_sensor_alarm;525;;;;
COR-VENT-VF1-MA;back_motor_bearing_sensor_alarm;526;;;;
COR-VENT-VF2-MA;windings_temperature_alarm;527;;;;
COR-VENT-VF2-MA;windings_sensor_alarm;528;;;;
COR-VENT-VF2-MA;fan_switch;529;;;;
COR-VENT-VF2-MA;fan_gear;530;;;;
COR-VENT-VF2-MA;vibration_sensor_alarm;531;;;;
COR-VENT-VF2-MA;front_motor_bearing_sensor_alarm;532;;;;
COR-VENT-VF2-MA;back_motor_bearing_sensor_alarm;533;;;;
COR-VENT-VF3-MA;windings_temperature_alarm;534;;;;
COR-VENT-VF3-MA;windings_sensor_alarm;535;;;;
COR-VENT-VF3-MA;fan_switch;536;;;;
COR-VENT-VF3-MA;fan_gear;537;;;;
COR-VENT-VF3-MA;vibration_sensor_alarm;538;;;;
COR-VENT-VF3-MA;front_motor_bearing_sensor_alarm;539;;;;
COR-VENT-VF3-MA;back_motor_bearing_sensor_alarm;540;;;;
COR-VENT-VF4-MA;windings_temperature_alarm;541;;;;
COR-VENT-VF4-MA;windings_sensor_alarm;542;;;;
COR-VENT-VF4-MA;fan_switch;543;;;;
COR-VENT-VF4-MA;fan_gear;544;;;;
COR-VENT-VF4-MA;vibration_sensor_alarm;545;;;;
COR-VENT-VF4-MA;front_motor_bearing_sensor_alarm;546;;;;
COR-VENT-VF4-MA;back_motor_bearing_sensor_alarm;547;;;;
COR-VENT-VF5-MA;windings_temperature_alarm;548;;;;
COR-VENT-VF5-MA;windings_sensor_alarm;549;;;;
COR-VENT-VF5-MA;fan_switch;550;;;;
COR-VENT-VF5-MA;fan_gear;551;;;;
COR-VENT-VF5-MA;vibration_sensor_alarm;552;;;;
COR-VENT-VF5-MA;front_motor_bearing_sensor_alarm;553;;;;
COR-VENT-VF5-MA;back_motor_bearing_sensor_alarm;554;;;;
COR-VENT-VF6-MA;windings_temperature_alarm;555;;;;
COR-VENT-VF6-MA;windings_sensor_alarm;556;;;;
COR-VENT-VF6-MA;fan_switch;557;;;;
COR-VENT-VF6-MA;fan_gear;558;;;;
COR-VENT-VF6-MA;vibration_sensor_alarm;559;;;;
COR-VENT-VF6-MA;front_motor_bearing_sensor_alarm;560;;;;
COR-VENT-VF6-MA;back_motor_bearing_sensor_alarm;561;;;;
COR-VENT-VF7-MA;windings_temperature_alarm;562;;;;
COR-VENT-VF7-MA;windings_sensor_alarm;563;;;;
COR-VENT-VF7-MA;fan_switch;564;;;;
COR-VENT-VF7-MA;fan_gear;565;;;;
COR-VENT-VF7-MA;vibration_sensor_alarm;566;;;;
COR-VENT-VF7-MA;front_motor_bearing_sensor_alarm;567;;;;
COR-VENT-VF7-MA;back_motor_bearing_sensor_alarm;568;;;;
COR-VENT-VF8-MA;windings_temperature_alarm;569;;;;
COR-VENT-VF8-MA;windings_sensor_alarm;570;;;;
COR-VENT-VF8-MA;fan_switch;571;;;;
COR-VENT-VF8-MA;fan_gear;572;;;;
COR-VENT-VF8-MA;vibration_sensor_alarm;573;;;;
COR-VENT-VF8-MA;front_motor_bearing_sensor_alarm;574;;;;
COR-VENT-VF8-MA;back_motor_bearing_sensor_alarm;575;;;;
COR-VENT-VF9-MA;windings_temperature_alarm;576;;;;
COR-VENT-VF9-MA;windings_sensor_alarm;577;;;;
COR-VENT-VF9-MA;fan_switch;578;;;;
COR-VENT-VF9-MA;fan_gear;579;;;;
COR-VENT-VF9-MA;vibration_sensor_alarm;580;;;;
COR-VENT-VF9-MA;front_motor_bearing_sensor_alarm;581;;;;
COR-VENT-VF9-MA;back_motor_bearing_sensor_alarm;582;;;;
COR-VENT-VF10-MA;windings_temperature_alarm;583;;;;
COR-VENT-VF10-MA;windings_sensor_alarm;584;;;;
COR-VENT-VF10-MA;fan_switch;585;;;;
COR-VENT-VF10-MA;fan_gear;586;;;;
COR-VENT-VF10-MA;vibration_sensor_alarm;587;;;;
COR-VENT-VF10-MA;front_motor_bearing_sensor_alarm;588;;;;
COR-VENT-VF10-MA;back_motor_bearing_sensor_alarm;589;;;;
CH-VENT-VF1-CA;windings_temperature_alarm;590;;;;
CH-VENT-VF1-CA;windings_sensor_alarm;591;;;;
CH-VENT-VF1-CA;fan_switch;592;;;;
CH-VENT-VF1-CA;fan_gear;593;;;;
CH-VENT-VF1-CA;vibration_sensor_alarm;594;;;;
CH-VENT-VF1-CA;front_motor_bearing_sensor_alarm;595;;;;
CH-VENT-VF1-CA;back_motor_bearing_sensor_alarm;596;;;;
CH-VENT-VF2-CA;windings_temperature_alarm;597;;;;
CH-VENT-VF2-CA;windings_sensor_alarm;598;;;;
CH-VENT-VF2-CA;fan_switch;599;;;;
CH-VENT-VF2-CA;fan_gear;600;;;;
CH-VENT-VF2-CA;vibration_sensor_alarm;601;;;;
CH-VENT-VF2-CA;front_motor_bearing_sensor_alarm;602;;;;
CH-VENT-VF2-CA;back_motor_bearing_sensor_alarm;603;;;;
CH-VENT-VF3-CA;windings_temperature_alarm;604;;;;
CH-VENT-VF3-CA;windings_sensor_alarm;605;;;;
CH-VENT-VF3-CA;fan_switch;606;;;;
CH-VENT-VF3-CA;fan_gear;607;;;;
CH-VENT-VF3-CA;vibration_sensor_alarm;608;;;;
CH-VENT-VF3-CA;front_motor_bearing_sensor_alarm;609;;;;
CH-VENT-VF3-CA;back_motor_bearing_sensor_alarm;610;;;;
CH-VENT-VF4-CA;windings_temperature_alarm;611;;;;
CH-VENT-VF4-CA;windings_sensor_alarm;612;;;;
CH-VENT-VF4-CA;fan_switch;613;;;;
CH-VENT-VF4-CA;fan_gear;614;;;;
CH-VENT-VF4-CA;vibration_sensor_alarm;615;;;;
CH-VENT-VF4-CA;front_motor_bearing_sensor_alarm;616;;;;
CH-VENT-VF4-CA;back_motor_bearing_sensor_alarm;617;;;;
CH-VENT-VF5-CA;windings_temperature_alarm;618;;;;
CH-VENT-VF5-CA;windings_sensor_alarm;619;;;;
CH-VENT-VF5-CA;fan_switch;620;;;;
CH-VENT-VF5-CA;fan_gear;621;;;;
CH-VENT-VF5-CA;vibration_sensor_alarm;622;;;;
CH-VENT-VF5-CA;front_motor_bearing_sensor_alarm;623;;;;
CH-VENT-VF5-CA;back_motor_bearing_sensor_alarm;624;;;;
CH-VENT-VF6-CA;windings_temperature_alarm;625;;;;
CH-VENT-VF6-CA;windings_sensor_alarm;626;;;;
CH-VENT-VF6-CA;fan_switch;627;;;;
CH-VENT-VF6-CA;fan_gear;628;;;;
CH-VENT-VF6-CA;vibration_sensor_alarm;629;;;;
CH-VENT-VF6-CA;front_motor_bearing_sensor_alarm;630;;;;
CH-VENT-VF6-CA;back_motor_bearing_sensor_alarm;631;;;;
CH-VENT-VF7-CA;windings_temperature_alarm;632;;;;
CH-VENT-VF7-CA;windings_sensor_alarm;633;;;;
CH-VENT-VF7-CA;fan_switch;634;;;;
CH-VENT-VF7-CA;fan_gear;635;;;;
CH-VENT-VF7-CA;vibration_sensor_alarm;636;;;;
CH-VENT-VF7-CA;front_motor_bearing_sensor_alarm;637;;;;
CH-VENT-VF7-CA;back_motor_bearing_sensor_alarm;638;;;;
CH-VENT-VF8-CA;windings_temperature_alarm;639;;;;
CH-VENT-VF8-CA;windings_sensor_alarm;640;;;;
CH-VENT-VF8-CA;fan_switch;641;;;;
CH-VENT-VF8-CA;fan_gear;642;;;;
CH-VENT-VF8-CA;vibration_sensor_alarm;643;;;;
CH-VENT-VF8-CA;front_motor_bearing_sensor_alarm;644;;;;
CH-VENT-VF8-CA;back_motor_bearing_sensor_alarm;645;;;;
CH-VENT-VF1-MA;windings_temperature_alarm;646;;;;
CH-VENT-VF1-MA;windings_sensor_alarm;647;;;;
CH-VENT-VF1-MA;fan_switch;648;;;;
CH-VENT-VF1-MA;fan_gear;649;;;;
CH-VENT-VF1-MA;vibration_sensor_alarm;650;;;;
CH-VENT-VF1-MA;front_motor_bearing_sensor_alarm;651;;;;
CH-VENT-VF1-MA;back_motor_bearing_sensor_alarm;652;;;;
CH-VENT-VF2-MA;windings_temperature_alarm;653;;;;
CH-VENT-VF2-MA;windings_sensor_alarm;654;;;;
CH-VENT-VF2-MA;fan_switch;655;;;;
CH-VENT-VF2-MA;fan_gear;656;;;;
CH-VENT-VF2-MA;vibration_sensor_alarm;657;;;;
CH-VENT-VF2-MA;front_motor_bearing_sensor_alarm;658;;;;
CH-VENT-VF2-MA;back_motor_bearing_sensor_alarm;659;;;;
CH-VENT-VF3-MA;windings_temperature_alarm;660;;;;
CH-VENT-VF3-MA;windings_sensor_alarm;661;;;;
CH-VENT-VF3-MA;fan_switch;662;;;;
CH-VENT-VF3-MA;fan_gear;663;;;;
CH-VENT-VF3-MA;vibration_sensor_alarm;664;;;;
CH-VENT-VF3-MA;front_motor_bearing_sensor_alarm;665;;;;
CH-VENT-VF3-MA;back_motor_bearing_sensor_alarm;666;;;;
CH-VENT-VF4-MA;windings_temperature_alarm;667;;;;
CH-VENT-VF4-MA;windings_sensor_alarm;668;;;;
CH-VENT-VF4-MA;fan_switch;669;;;;
CH-VENT-VF4-MA;fan_gear;670;;;;
CH-VENT-VF4-MA;vibration_sensor_alarm;671;;;;
CH-VENT-VF4-MA;front_motor_bearing_sensor_alarm;672;;;;
CH-VENT-VF4-MA;back_motor_bearing_sensor_alarm;673;;;;
CH-VENT-VF5-MA;windings_temperature_alarm;674;;;;
CH-VENT-VF5-MA;windings_sensor_alarm;675;;;;
CH-VENT-VF5-MA;fan_switch;676;;;;
CH-VENT-VF5-MA;fan_gear;677;;;;
CH-VENT-VF5-MA;vibration_sensor_alarm;678;;;;
CH-VENT-VF5-MA;front_motor_bearing_sensor_alarm;679;;;;
CH-VENT-VF5-MA;back_motor_bearing_sensor_alarm;680;;;;
CH-VENT-VF6-MA;windings_temperature_alarm;681;;;;
CH-VENT-VF6-MA;windings_sensor_alarm;682;;;;
CH-VENT-VF6-MA;fan_switch;683;;;;
CH-VENT-VF6-MA;fan_gear;684;;;;
CH-VENT-VF6-MA;vibration_sensor_alarm;685;;;;
CH-VENT-VF6-MA;front_motor_bearing_sensor_alarm;686;;;;
CH-VENT-VF6-MA;back_motor_bearing_sensor_alarm;687;;;;
CH-VENT-VF7-MA;windings_temperature_alarm;688;;;;
CH-VENT-VF7-MA;windings_sensor_alarm;689;;;;
CH-VENT-VF7-MA;fan_switch;690;;;;
CH-VENT-VF7-MA;fan_gear;691;;;;
CH-VENT-VF7-MA;vibration_sensor_alarm;692;;;;
CH-VENT-VF7-MA;front_motor_bearing_sensor_alarm;693;;;;
CH-VENT-VF7-MA;back_motor_bearing_sensor_alarm;694;;;;
CH-VENT-VF8-MA;windings_temperature_alarm;695;;;;
CH-VENT-VF8-MA;windings_sensor_alarm;696;;;;
CH-VENT-VF8-MA;fan_switch;697;;;;
CH-VENT-VF8-MA;fan_gear;698;;;;
CH-VENT-VF8-MA;vibration_sensor_alarm;699;;;;
CH-VENT-VF8-MA;front_motor_bearing_sensor_alarm;700;;;;
CH-VENT-VF8-MA;back_motor_bearing_sensor_alarm;701;;;;
NG-VENT-VF1-CA;windings_temperature_alarm;702;;;;
NG-VENT-VF1-CA;windings_sensor_alarm;703;;;;
NG-VENT-VF1-CA;fan_switch;704;;;;
NG-VENT-VF1-CA;fan_gear;705;;;;
NG-VENT-VF1-CA;vibration_sensor_alarm;706;;;;
NG-VENT-VF1-CA;front_motor_bearing_sensor_alarm;707;;;;
NG-VENT-VF1-CA;back_motor_bearing_sensor_alarm;708;;;;
NG-VENT-VF2-CA;windings_temperature_alarm;709;;;;
NG-VENT-VF2-CA;windings_sensor_alarm;710;;;;
NG-VENT-VF2-CA;fan_switch;711;;;;
NG-VENT-VF2-CA;fan_gear;712;;;;
NG-VENT-VF2-CA;vibration_sensor_alarm;713;;;;
NG-VENT-VF2-CA;front_motor_bearing_sensor_alarm;714;;;;
NG-VENT-VF2-CA;back_motor_bearing_sensor_alarm;715;;;;
NG-VENT-VF3-CA;windings_temperature_alarm;716;;;;
NG-VENT-VF3-CA;windings_sensor_alarm;717;;;;
NG-VENT-VF3-CA;fan_switch;718;;;;
NG-VENT-VF3-CA;fan_gear;719;;;;
NG-VENT-VF3-CA;vibration_sensor_alarm;720;;;;
NG-VENT-VF3-CA;front_motor_bearing_sensor_alarm;721;;;;
NG-VENT-VF3-CA;back_motor_bearing_sensor_alarm;722;;;;
NG-VENT-VF4-CA;windings_temperature_alarm;723;;;;
NG-VENT-VF4-CA;windings_sensor_alarm;724;;;;
NG-VENT-VF4-CA;fan_switch;725;;;;
NG-VENT-VF4-CA;fan_gear;726;;;;
NG-VENT-VF4-CA;vibration_sensor_alarm;727;;;;
NG-VENT-VF4-CA;front_motor_bearing_sensor_alarm;728;;;;
NG-VENT-VF4-CA;back_motor_bearing_sensor_alarm;729;;;;
NG-VENT-VF5-CA;windings_temperature_alarm;730;;;;
NG-VENT-VF5-CA;windings_sensor_alarm;731;;;;
NG-VENT-VF5-CA;fan_switch;732;;;;
NG-VENT-VF5-CA;fan_gear;733;;;;
NG-VENT-VF5-CA;vibration_sensor_alarm;734;;;;
NG-VENT-VF5-CA;front_motor_bearing_sensor_alarm;735;;;;
NG-VENT-VF5-CA;back_motor_bearing_sensor_alarm;736;;;;
NG-VENT-VF6-CA;windings_temperature_alarm;737;;;;
NG-VENT-VF6-CA;windings_sensor_alarm;738;;;;
NG-VENT-VF6-CA;fan_switch;739;;;;
NG-VENT-VF6-CA;fan_gear;740;;;;
NG-VENT-VF6-CA;vibration_sensor_alarm;741;;;;
NG-VENT-VF6-CA;front_motor_bearing_sensor_alarm;742;;;;
NG-VENT-VF6-CA;back_motor_bearing_sensor_alarm;743;;;;
NG-VENT-VF7-CA;windings_temperature_alarm;744;;;;
NG-VENT-VF7-CA;windings_sensor_alarm;745;;;;
NG-VENT-VF7-CA;fan_switch;746;;;;
NG-VENT-VF7-CA;fan_gear;747;;;;
NG-VENT-VF7-CA;vibration_sensor_alarm;748;;;;
NG-VENT-VF7-CA;front_motor_bearing_sensor_alarm;749;;;;
NG-VENT-VF7-CA;back_motor_bearing_sensor_alarm;750;;;;
NG-VENT-VF8-CA;windings_temperature_alarm;751;;;;
NG-VENT-VF8-CA;windings_sensor_alarm;752;;;;
NG-VENT-VF8-CA;fan_switch;753;;;;
NG-VENT-VF8-CA;fan_gear;754;;;;
NG-VENT-VF8-CA;vibration_sensor_alarm;755;;;;
NG-VENT-VF8-CA;front_motor_bearing_sensor_alarm;756;;;;
NG-VENT-VF8-CA;back_motor_bearing_sensor_alarm;757;;;;
NG-VENT-VF1-MA;windings_temperature_alarm;758;;;;
NG-VENT-VF1-MA;windings_sensor_alarm;759;;;;
NG-VENT-VF1-MA;fan_switch;760;;;;
NG-VENT-VF1-MA;fan_gear;761;;;;
NG-VENT-VF1-MA;vibration_sensor_alarm;762;;;;
NG-VENT-VF1-MA;front_motor_bearing_sensor_alarm;763;;;;
NG-VENT-VF1-MA;back_motor_bearing_sensor_alarm;764;;;;
NG-VENT-VF2-MA;windings_temperature_alarm;765;;;;
NG-VENT-VF2-MA;windings_sensor_alarm;766;;;;
NG-VENT-VF2-MA;fan_switch;767;;;;
NG-VENT-VF2-MA;fan_gear;768;;;;
NG-VENT-VF2-MA;vibration_sensor_alarm;769;;;;
NG-VENT-VF2-MA;front_motor_bearing_sensor_alarm;770;;;;
NG-VENT-VF2-MA;back_motor_bearing_sensor_alarm;771;;;;
NG-VENT-VF3-MA;windings_temperature_alarm;772;;;;
NG-VENT-VF3-MA;windings_sensor_alarm;773;;;;
NG-VENT-VF3-MA;fan_switch;774;;;;
NG-VENT-VF3-MA;fan_gear;775;;;;
NG-VENT-VF3-MA;vibration_sensor_alarm;776;;;;
NG-VENT-VF3-MA;front_motor_bearing_sensor_alarm;777;;;;
NG-VENT-VF3-MA;back_motor_bearing_sensor_alarm;778;;;;
NG-VENT-VF4-MA;windings_temperature_alarm;779;;;;
NG-VENT-VF4-MA;windings_sensor_alarm;780;;;;
NG-VENT-VF4-MA;fan_switch;781;;;;
NG-VENT-VF4-MA;fan_gear;782;;;;
NG-VENT-VF4-MA;vibration_sensor_alarm;783;;;;
NG-VENT-VF4-MA;front_motor_bearing_sensor_alarm;784;;;;
NG-VENT-VF4-MA;back_motor_bearing_sensor_alarm;785;;;;
NG-VENT-VF5-MA;windings_temperature_alarm;786;;;;
NG-VENT-VF5-MA;windings_sensor_alarm;787;;;;
NG-VENT-VF5-MA;fan_switch;788;;;;
NG-VENT-VF5-MA;fan_gear;789;;;;
NG-VENT-VF5-MA;vibration_sensor_alarm;790;;;;
NG-VENT-VF5-MA;front_motor_bearing_sensor_alarm;791;;;;
NG-VENT-VF5-MA;back_motor_bearing_sensor_alarm;792;;;;
NG-VENT-VF6-MA;windings_temperature_alarm;793;;;;
NG-VENT-VF6-MA;windings_sensor_alarm;794;;;;
NG-VENT-VF6-MA;fan_switch;795;;;;
NG-VENT-VF6-MA;fan_gear;796;;;;
NG-VENT-VF6-MA;vibration_sensor_alarm;797;;;;
NG-VENT-VF6-MA;front_motor_bearing_sensor_alarm;798;;;;
NG-VENT-VF6-MA;back_motor_bearing_sensor_alarm;799;;;;
LQ-VENT-VF1-CA;windings_temperature_alarm;800;;;;
LQ-VENT-VF1-CA;windings_sensor_alarm;801;;;;
LQ-VENT-VF1-CA;fan_switch;802;;;;
LQ-VENT-VF1-CA;fan_gear;803;;;;
LQ-VENT-VF1-CA;vibration_sensor_alarm;804;;;;
LQ-VENT-VF1-CA;front_motor_bearing_sensor_alarm;805;;;;
LQ-VENT-VF1-CA;back_motor_bearing_sensor_alarm;806;;;;
LQ-VENT-VF2-CA;windings_temperature_alarm;807;;;;
LQ-VENT-VF2-CA;windings_sensor_alarm;808;;;;
LQ-VENT-VF2-CA;fan_switch;809;;;;
LQ-VENT-VF2-CA;fan_gear;810;;;;
LQ-VENT-VF2-CA;vibration_sensor_alarm;811;;;;
LQ-VENT-VF2-CA;front_motor_bearing_sensor_alarm;812;;;;
LQ-VENT-VF2-CA;back_motor_bearing_sensor_alarm;813;;;;
LQ-VENT-VF3-CA;windings_temperature_alarm;814;;;;
LQ-VENT-VF3-CA;windings_sensor_alarm;815;;;;
LQ-VENT-VF3-CA;fan_switch;816;;;;
LQ-VENT-VF3-CA;fan_gear;817;;;;
LQ-VENT-VF3-CA;vibration_sensor_alarm;818;;;;
LQ-VENT-VF3-CA;front_motor_bearing_sensor_alarm;819;;;;
LQ-VENT-VF3-CA;back_motor_bearing_sensor_alarm;820;;;;
LQ-VENT-VF4-CA;windings_temperature_alarm;821;;;;
LQ-VENT-VF4-CA;windings_sensor_alarm;822;;;;
LQ-VENT-VF4-CA;fan_switch;823;;;;
LQ-VENT-VF4-CA;fan_gear;824;;;;
LQ-VENT-VF4-CA;vibration_sensor_alarm;825;;;;
LQ-VENT-VF4-CA;front_motor_bearing_sensor_alarm;826;;;;
LQ-VENT-VF4-CA;back_motor_bearing_sensor_alarm;827;;;;
LQ-VENT-VF5-CA;windings_temperature_alarm;828;;;;
LQ-VENT-VF5-CA;windings_sensor_alarm;829;;;;
LQ-VENT-VF5-CA;fan_switch;830;;;;
LQ-VENT-VF5-CA;fan_gear;831;;;;
LQ-VENT-VF5-CA;vibration_sensor_alarm;832;;;;
LQ-VENT-VF5-CA;front_motor_bearing_sensor_alarm;833;;;;
LQ-VENT-VF5-CA;back_motor_bearing_sensor_alarm;834;;;;
LQ-VENT-VF6-CA;windings_temperature_alarm;835;;;;
LQ-VENT-VF6-CA;windings_sensor_alarm;836;;;;
LQ-VENT-VF6-CA;fan_switch;837;;;;
LQ-VENT-VF6-CA;fan_gear;838;;;;
LQ-VENT-VF6-CA;vibration_sensor_alarm;839;;;;
LQ-VENT-VF6-CA;front_motor_bearing_sensor_alarm;840;;;;
LQ-VENT-VF6-CA;back_motor_bearing_sensor_alarm;841;;;;
LQ-VENT-VF7-CA;windings_temperature_alarm;842;;;;
LQ-VENT-VF7-CA;windings_sensor_alarm;843;;;;
LQ-VENT-VF7-CA;fan_switch;844;;;;
LQ-VENT-VF7-CA;fan_gear;845;;;;
LQ-VENT-VF7-CA;vibration_sensor_alarm;846;;;;
LQ-VENT-VF7-CA;front_motor_bearing_sensor_alarm;847;;;;
LQ-VENT-VF7-CA;back_motor_bearing_sensor_alarm;848;;;;
LQ-VENT-VF8-CA;windings_temperature_alarm;849;;;;
LQ-VENT-VF8-CA;windings_sensor_alarm;850;;;;
LQ-VENT-VF8-CA;fan_switch;851;;;;
LQ-VENT-VF8-CA;fan_gear;852;;;;
LQ-VENT-VF8-CA;vibration_sensor_alarm;853;;;;
LQ-VENT-VF8-CA;front_motor_bearing_sensor_alarm;854;;;;
LQ-VENT-VF8-CA;back_motor_bearing_sensor_alarm;855;;;;
LQ-VENT-VF9-CA;windings_temperature_alarm;856;;;;
LQ-VENT-VF9-CA;windings_sensor_alarm;857;;;;
LQ-VENT-VF9-CA;fan_switch;858;;;;
LQ-VENT-VF9-CA;fan_gear;859;;;;
LQ-VENT-VF9-CA;vibration_sensor_alarm;860;;;;
LQ-VENT-VF9-CA;front_motor_bearing_sensor_alarm;861;;;;
LQ-VENT-VF9-CA;back_motor_bearing_sensor_alarm;862;;;;
LQ-VENT-VF10-CA;windings_temperature_alarm;863;;;;
LQ-VENT-VF10-CA;windings_sensor_alarm;864;;;;
LQ-VENT-VF10-CA;fan_switch;865;;;;
LQ-VENT-VF10-CA;fan_gear;866;;;;
LQ-VENT-VF10-CA;vibration_sensor_alarm;867;;;;
LQ-VENT-VF10-CA;front_motor_bearing_sensor_alarm;868;;;;
LQ-VENT-VF10-CA;back_motor_bearing_sensor_alarm;869;;;;
LQ-VENT-VF11-CA;windings_temperature_alarm;870;;;;
LQ-VENT-VF11-CA;windings_sensor_alarm;871;;;;
LQ-VENT-VF11-CA;fan_switch;872;;;;
LQ-VENT-VF11-CA;fan_gear;873;;;;
LQ-VENT-VF11-CA;vibration_sensor_alarm;874;;;;
LQ-VENT-VF11-CA;front_motor_bearing_sensor_alarm;875;;;;
LQ-VENT-VF11-CA;back_motor_bearing_sensor_alarm;876;;;;
LQ-VENT-VF12-CA;windings_temperature_alarm;877;;;;
LQ-VENT-VF12-CA;windings_sensor_alarm;878;;;;
LQ-VENT-VF12-CA;fan_switch;879;;;;
LQ-VENT-VF12-CA;fan_gear;880;;;;
LQ-VENT-VF12-CA;vibration_sensor_alarm;881;;;;
LQ-VENT-VF12-CA;front_motor_bearing_sensor_alarm;882;;;;
LQ-VENT-VF12-CA;back_motor_bearing_sensor_alarm;883;;;;
LQ-VENT-VF13-CA;windings_temperature_alarm;884;;;;
LQ-VENT-VF13-CA;windings_sensor_alarm;885;;;;
LQ-VENT-VF13-CA;fan_switch;886;;;;
LQ-VENT-VF13-CA;fan_gear;887;;;;
LQ-VENT-VF13-CA;vibration_sensor_alarm;888;;;;
LQ-VENT-VF13-CA;front_motor_bearing_sensor_alarm;889;;;;
LQ-VENT-VF13-CA;back_motor_bearing_sensor_alarm;890;;;;
LQ-VENT-VF14-CA;windings_temperature_alarm;891;;;;
LQ-VENT-VF14-CA;windings_sensor_alarm;892;;;;
LQ-VENT-VF14-CA;fan_switch;893;;;;
LQ-VENT-VF14-CA;fan_gear;894;;;;
LQ-VENT-VF14-CA;vibration_sensor_alarm;895;;;;
LQ-VENT-VF14-CA;front_motor_bearing_sensor_alarm;896;;;;
LQ-VENT-VF14-CA;back_motor_bearing_sensor_alarm;897;;;;
LQ-VENT-VF15-CA;windings_temperature_alarm;898;;;;
LQ-VENT-VF15-CA;windings_sensor_alarm;899;;;;
LQ-VENT-VF15-CA;fan_switch;900;;;;
LQ-VENT-VF15-CA;fan_gear;901;;;;
LQ-VENT-VF15-CA;vibration_sensor_alarm;902;;;;
LQ-VENT-VF15-CA;front_motor_bearing_sensor_alarm;903;;;;
LQ-VENT-VF15-CA;back_motor_bearing_sensor_alarm;904;;;;
LQ-VENT-VF16-CA;windings_temperature_alarm;905;;;;
LQ-VENT-VF16-CA;windings_sensor_alarm;906;;;;
LQ-VENT-VF16-CA;fan_switch;907;;;;
LQ-VENT-VF16-CA;fan_gear;908;;;;
LQ-VENT-VF16-CA;vibration_sensor_alarm;909;;;;
LQ-VENT-VF16-CA;front_motor_bearing_sensor_alarm;910;;;;
LQ-VENT-VF16-CA;back_motor_bearing_sensor_alarm;911;;;;
LQ-VENT-VF1-MA;windings_temperature_alarm;912;;;;
LQ-VENT-VF1-MA;windings_sensor_alarm;913;;;;
LQ-VENT-VF1-MA;fan_switch;914;;;;
LQ-VENT-VF1-MA;fan_gear;915;;;;
LQ-VENT-VF1-MA;vibration_sensor_alarm;916;;;;
LQ-VENT-VF1-MA;front_motor_bearing_sensor_alarm;917;;;;
LQ-VENT-VF1-MA;back_motor_bearing_sensor_alarm;918;;;;
LQ-VENT-VF2-MA;windings_temperature_alarm;919;;;;
LQ-VENT-VF2-MA;windings_sensor_alarm;920;;;;
LQ-VENT-VF2-MA;fan_switch;921;;;;
LQ-VENT-VF2-MA;fan_gear;922;;;;
LQ-VENT-VF2-MA;vibration_sensor_alarm;923;;;;
LQ-VENT-VF2-MA;front_motor_bearing_sensor_alarm;924;;;;
LQ-VENT-VF2-MA;back_motor_bearing_sensor_alarm;925;;;;
LQ-VENT-VF3-MA;windings_temperature_alarm;926;;;;
LQ-VENT-VF3-MA;windings_sensor_alarm;927;;;;
LQ-VENT-VF3-MA;fan_switch;928;;;;
LQ-VENT-VF3-MA;fan_gear;929;;;;
LQ-VENT-VF3-MA;vibration_sensor_alarm;930;;;;
LQ-VENT-VF3-MA;front_motor_bearing_sensor_alarm;931;;;;
LQ-VENT-VF3-MA;back_motor_bearing_sensor_alarm;932;;;;
LQ-VENT-VF4-MA;windings_temperature_alarm;933;;;;
LQ-VENT-VF4-MA;windings_sensor_alarm;934;;;;
LQ-VENT-VF4-MA;fan_switch;935;;;;
LQ-VENT-VF4-MA;fan_gear;936;;;;
LQ-VENT-VF4-MA;vibration_sensor_alarm;937;;;;
LQ-VENT-VF4-MA;front_motor_bearing_sensor_alarm;938;;;;
LQ-VENT-VF4-MA;back_motor_bearing_sensor_alarm;939;;;;
LQ-VENT-VF5-MA;windings_temperature_alarm;940;;;;
LQ-VENT-VF5-MA;windings_sensor_alarm;941;;;;
LQ-VENT-VF5-MA;fan_switch;942;;;;
LQ-VENT-VF5-MA;fan_gear;943;;;;
LQ-VENT-VF5-MA;vibration_sensor_alarm;944;;;;
LQ-VENT-VF5-MA;front_motor_bearing_sensor_alarm;945;;;;
LQ-VENT-VF5-MA;back_motor_bearing_sensor_alarm;946;;;;
LQ-VENT-VF6-MA;windings_temperature_alarm;947;;;;
LQ-VENT-VF6-MA;windings_sensor_alarm;948;;;;
LQ-VENT-VF6-MA;fan_switch;949;;;;
LQ-VENT-VF6-MA;fan_gear;950;;;;
LQ-VENT-VF6-MA;vibration_sensor_alarm;951;;;;
LQ-VENT-VF6-MA;front_motor_bearing_sensor_alarm;952;;;;
LQ-VENT-VF6-MA;back_motor_bearing_sensor_alarm;953;;;;
LQ-VENT-VF7-MA;windings_temperature_alarm;954;;;;
LQ-VENT-VF7-MA;windings_sensor_alarm;955;;;;
LQ-VENT-VF7-MA;fan_switch;956;;;;
LQ-VENT-VF7-MA;fan_gear;957;;;;
LQ-VENT-VF7-MA;vibration_sensor_alarm;958;;;;
LQ-VENT-VF7-MA;front_motor_bearing_sensor_alarm;959;;;;
LQ-VENT-VF7-MA;back_motor_bearing_sensor_alarm;960;;;;
LQ-VENT-VF8-MA;windings_temperature_alarm;961;;;;
LQ-VENT-VF8-MA;windings_sensor_alarm;962;;;;
LQ-VENT-VF8-MA;fan_switch;963;;;;
LQ-VENT-VF8-MA;fan_gear;964;;;;
LQ-VENT-VF8-MA;vibration_sensor_alarm;965;;;;
LQ-VENT-VF8-MA;front_motor_bearing_sensor_alarm;966;;;;
LQ-VENT-VF8-MA;back_motor_bearing_sensor_alarm;967;;;;
LQ-VENT-VF9-MA;windings_temperature_alarm;968;;;;
LQ-VENT-VF9-MA;windings_sensor_alarm;969;;;;
LQ-VENT-VF9-MA;fan_switch;970;;;;
LQ-VENT-VF9-MA;fan_gear;971;;;;
LQ-VENT-VF9-MA;vibration_sensor_alarm;972;;;;
LQ-VENT-VF9-MA;front_motor_bearing_sensor_alarm;973;;;;
LQ-VENT-VF9-MA;back_motor_bearing_sensor_alarm;974;;;;
LQ-VENT-VF10-MA;windings_temperature_alarm;975;;;;
LQ-VENT-VF10-MA;windings_sensor_alarm;976;;;;
LQ-VENT-VF10-MA;fan_switch;977;;;;
LQ-VENT-VF10-MA;fan_gear;978;;;;
LQ-VENT-VF10-MA;vibration_sensor_alarm;979;;;;
LQ-VENT-VF10-MA;front_motor_bearing_sensor_alarm;980;;;;
LQ-VENT-VF10-MA;back_motor_bearing_sensor_alarm;981;;;;
STM2-VENT-VF1-CA;windings_temperature_alarm;982;;;;
STM2-VENT-VF1-CA;windings_sensor_alarm;983;;;;
STM2-VENT-VF1-CA;fan_switch;984;;;;
STM2-VENT-VF1-CA;fan_gear;985;;;;
STM2-VENT-VF1-CA;vibration_sensor_alarm;986;;;;
STM2-VENT-VF1-CA;front_motor_bearing_sensor_alarm;987;;;;
STM2-VENT-VF1-CA;back_motor_bearing_sensor_alarm;988;;;;
STM2-VENT-VF2-CA;windings_temperature_alarm;989;;;;
STM2-VENT-VF2-CA;windings_sensor_alarm;990;;;;
STM2-VENT-VF2-CA;fan_switch;991;;;;
STM2-VENT-VF2-CA;fan_gear;992;;;;
STM2-VENT-VF2-CA;vibration_sensor_alarm;993;;;;
STM2-VENT-VF2-CA;front_motor_bearing_sensor_alarm;994;;;;
STM2-VENT-VF2-CA;back_motor_bearing_sensor_alarm;995;;;;
STM2-VENT-VF3-CA;windings_temperature_alarm;996;;;;
STM2-VENT-VF3-CA;windings_sensor_alarm;997;;;;
STM2-VENT-VF3-CA;fan_switch;998;;;;
STM2-VENT-VF3-CA;fan_gear;999;;;;
STM2-VENT-VF3-CA;vibration_sensor_alarm;1000;;;;
STM2-VENT-VF3-CA;front_motor_bearing_sensor_alarm;1001;;;;
STM2-VENT-VF3-CA;back_motor_bearing_sensor_alarm;1002;;;;
STM2-VENT-VF4-CA;windings_temperature_alarm;1003;;;;
STM2-VENT-VF4-CA;windings_sensor_alarm;1004;;;;
STM2-VENT-VF4-CA;fan_switch;1005;;;;
STM2-VENT-VF4-CA;fan_gear;1006;;;;
STM2-VENT-VF4-CA;vibration_sensor_alarm;1007;;;;
STM2-VENT-VF4-CA;front_motor_bearing_sensor_alarm;1008;;;;
STM2-VENT-VF4-CA;back_motor_bearing_sensor_alarm;1009;;;;
STM2-VENT-VF5-CA;windings_temperature_alarm;1010;;;;
STM2-VENT-VF5-CA;windings_sensor_alarm;1011;;;;
STM2-VENT-VF5-CA;fan_switch;1012;;;;
STM2-VENT-VF5-CA;fan_gear;1013;;;;
STM2-VENT-VF5-CA;vibration_sensor_alarm;1014;;;;
STM2-VENT-VF5-CA;front_motor_bearing_sensor_alarm;1015;;;;
STM2-VENT-VF5-CA;back_motor_bearing_sensor_alarm;1016;;;;
STM2-VENT-VF6-CA;windings_temperature_alarm;1017;;;;
STM2-VENT-VF6-CA;windings_sensor_alarm;1018;;;;
STM2-VENT-VF6-CA;fan_switch;1019;;;;
STM2-VENT-VF6-CA;fan_gear;1020;;;;
STM2-VENT-VF6-CA;vibration_sensor_alarm;1021;;;;
STM2-VENT-VF6-CA;front_motor_bearing_sensor_alarm;1022;;;;
STM2-VENT-VF6-CA;back_motor_bearing_sensor_alarm;1023;;;;
STM2-VENT-VF1-MA;windings_temperature_alarm;1024;;;;
STM2-VENT-VF1-MA;windings_sensor_alarm;1025;;;;
STM2-VENT-VF1-MA;fan_switch;1026;;;;
STM2-VENT-VF1-MA;fan_gear;1027;;;;
STM2-VENT-VF1-MA;vibration_sensor_alarm;1028;;;;
STM2-VENT-VF1-MA;front_motor_bearing_sensor_alarm;1029;;;;
STM2-VENT-VF1-MA;back_motor_bearing_sensor_alarm;1030;;;;
STM2-VENT-VF2-MA;windings_temperature_alarm;1031;;;;
STM2-VENT-VF2-MA;windings_sensor_alarm;1032;;;;
STM2-VENT-VF2-MA;fan_switch;1033;;;;
STM2-VENT-VF2-MA;fan_gear;1034;;;;
STM2-VENT-VF2-MA;vibration_sensor_alarm;1035;;;;
STM2-VENT-VF2-MA;front_motor_bearing_sensor_alarm;1036;;;;
STM2-VENT-VF2-MA;back_motor_bearing_sensor_alarm;1037;;;;
STM2-VENT-VF3-MA;windings_temperature_alarm;1038;;;;
STM2-VENT-VF3-MA;windings_sensor_alarm;1039;;;;
STM2-VENT-VF3-MA;fan_switch;1040;;;;
STM2-VENT-VF3-MA;fan_gear;1041;;;;
STM2-VENT-VF3-MA;vibration_sensor_alarm;1042;;;;
STM2-VENT-VF3-MA;front_motor_bearing_sensor_alarm;1043;;;;
STM2-VENT-VF3-MA;back_motor_bearing_sensor_alarm;1044;;;;
STM2-VENT-VF4-MA;windings_temperature_alarm;1045;;;;
STM2-VENT-VF4-MA;windings_sensor_alarm;1046;;;;
STM2-VENT-VF4-MA;fan_switch;1047;;;;
STM2-VENT-VF4-MA;fan_gear;1048;;;;
STM2-VENT-VF4-MA;vibration_sensor_alarm;1049;;;;
STM2-VENT-VF4-MA;front_motor_bearing_sensor_alarm;1050;;;;
STM2-VENT-VF4-MA;back_motor_bearing_sensor_alarm;1051;;;;
STM2-VENT-VF5-MA;windings_temperature_alarm;1052;;;;
STM2-VENT-VF5-MA;windings_sensor_alarm;1053;;;;
STM2-VENT-VF5-MA;fan_switch;1054;;;;
STM2-VENT-VF5-MA;fan_gear;1055;;;;
STM2-VENT-VF5-MA;vibration_sensor_alarm;1056;;;;
STM2-VENT-VF5-MA;front_motor_bearing_sensor_alarm;1057;;;;
STM2-VENT-VF5-MA;back_motor_bearing_sensor_alarm;1058;;;;
STM2-VENT-VF6-MA;windings_temperature_alarm;1059;;;;
STM2-VENT-VF6-MA;windings_sensor_alarm;1060;;;;
STM2-VENT-VF6-MA;fan_switch;1061;;;;
STM2-VENT-VF6-MA;fan_gear;1062;;;;
STM2-VENT-VF6-MA;vibration_sensor_alarm;1063;;;;
STM2-VENT-VF6-MA;front_motor_bearing_sensor_alarm;1064;;;;
STM2-VENT-VF6-MA;back_motor_bearing_sensor_alarm;1065;;;;
RESERVED;RESERVED;1066;;;;
RESERVED;RESERVED;1067;;;;
RESERVED;RESERVED;1068;;;;
RESERVED;RESERVED;1069;;;;
RESERVED;RESERVED;1070;;;;
RESERVED;RESERVED;1071;;;;
RESERVED;RESERVED;1072;;;;
RESERVED;RESERVED;1073;;;;
RESERVED;RESERVED;1074;;;;
RESERVED;RESERVED;1075;;;;
RESERVED;RESERVED;1076;;;;
RESERVED;RESERVED;1077;;;;
RESERVED;RESERVED;1078;;;;
RESERVED;RESERVED;1079;;;;
RV-SOSE-1CA;sos_door_open;1080;;;;
RV-SOSE-1CA;left_extinguisher_door_open;1081;;;;
RV-SOSE-1CA;right_extinguisher_door_open;1082;;;;
RV-SOSE-1CA;fa_board;1083;;;;
RV-SOSE-2CA;sos_door_open;1084;;;;
RV-SOSE-2CA;left_extinguisher_door_open;1085;;;;
RV-SOSE-2CA;right_extinguisher_door_open;1086;;;;
RV-SOSE-2CA;fa_board;1087;;;;
RV-SOSE-1MA;sos_door_open;1088;;;;
RV-SOSE-1MA;left_extinguisher_door_open;1089;;;;
RV-SOSE-1MA;right_extinguisher_door_open;1090;;;;
RV-SOSE-1MA;fa_board;1091;;;;
RV-SOSE-2MA;sos_door_open;1092;;;;
RV-SOSE-2MA;left_extinguisher_door_open;1093;;;;
RV-SOSE-2MA;right_extinguisher_door_open;1094;;;;
RV-SOSE-2MA;fa_board;1095;;;;
MM-SOSE-2CA;sos_door_open;1096;;;;
MM-SOSE-2CA;left_extinguisher_door_open;1097;;;;
MM-SOSE-2CA;right_extinguisher_door_open;1098;;;;
MM-SOSE-2CA;fa_board;1099;;;;
MM-SOSE-1MA;sos_door_open;1100;;;;
MM-SOSE-1MA;left_extinguisher_door_open;1101;;;;
MM-SOSE-1MA;right_extinguisher_door_open;1102;;;;
MM-SOSE-1MA;fa_board;1103;;;;
MM-SOSE-1CA;sos_door_open;1104;;;;
MM-SOSE-1CA;left_extinguisher_door_open;1105;;;;
MM-SOSE-1CA;right_extinguisher_door_open;1106;;;;
MM-SOSE-1CA;fa_board;1107;;;;
MM-SOSE-2MA;sos_door_open;1108;;;;
MM-SOSE-2MA;left_extinguisher_door_open;1109;;;;
MM-SOSE-2MA;right_extinguisher_door_open;1110;;;;
MM-SOSE-2MA;fa_board;1111;;;;
STMI-SOSE-1MA;sos_door_open;1112;;;;
STMI-SOSE-1MA;left_extinguisher_door_open;1113;;;;
STMI-SOSE-1MA;right_extinguisher_door_open;1114;;;;
STMI-SOSE-1MA;fa_board;1115;;;;
STMI-SOSE-2CA;sos_door_open;1116;;;;
STMI-SOSE-2CA;left_extinguisher_door_open;1117;;;;
STMI-SOSE-2CA;right_extinguisher_door_open;1118;;;;
STMI-SOSE-2CA;fa_board;1119;;;;
STMI-SOSE-1CA;sos_door_open;1120;;;;
STMI-SOSE-1CA;left_extinguisher_door_open;1121;;;;
STMI-SOSE-1CA;right_extinguisher_door_open;1122;;;;
STMI-SOSE-1CA;fa_board;1123;;;;
STMI-SOSE-2MA;sos_door_open;1124;;;;
STMI-SOSE-2MA;left_extinguisher_door_open;1125;;;;
STMI-SOSE-2MA;right_extinguisher_door_open;1126;;;;
STMI-SOSE-2MA;fa_board;1127;;;;
LQ-SOSE-2CA;sos_door_open;1128;;;;
LQ-SOSE-2CA;left_extinguisher_door_open;1129;;;;
LQ-SOSE-2CA;right_extinguisher_door_open;1130;;;;
LQ-SOSE-2CA;fa_board;1131;;;;
LQ-SOSE-1MA;sos_door_open;1132;;;;
LQ-SOSE-1MA;left_extinguisher_door_open;1133;;;;
LQ-SOSE-1MA;right_extinguisher_door_open;1134;;;;
LQ-SOSE-1MA;fa_board;1135;;;;
LQ-SOSE-1CA;sos_door_open;1136;;;;
LQ-SOSE-1CA;left_extinguisher_door_open;1137;;;;
LQ-SOSE-1CA;right_extinguisher_door_open;1138;;;;
LQ-SOSE-1CA;fa_board;1139;;;;
LQ-SOSE-2MA;sos_door_open;1140;;;;
LQ-SOSE-2MA;left_extinguisher_door_open;1141;;;;
LQ-SOSE-2MA;right_extinguisher_door_open;1142;;;;
LQ-SOSE-2MA;fa_board;1143;;;;
CH-SOSE-1CA;sos_door_open;1144;;;;
CH-SOSE-1CA;left_extinguisher_door_open;1145;;;;
CH-SOSE-1CA;right_extinguisher_door_open;1146;;;;
CH-SOSE-1CA;fa_board;1147;;;;
CH-SOSE-2MA;sos_door_open;1148;;;;
CH-SOSE-2MA;left_extinguisher_door_open;1149;;;;
CH-SOSE-2MA;right_extinguisher_door_open;1150;;;;
CH-SOSE-2MA;fa_board;1151;;;;
CH-SOSE-2CA;sos_door_open;1152;;;;
CH-SOSE-2CA;left_extinguisher_door_open;1153;;;;
CH-SOSE-2CA;right_extinguisher_door_open;1154;;;;
CH-SOSE-2CA;fa_board;1155;;;;
CH-SOSE-1MA;sos_door_open;1156;;;;
CH-SOSE-1MA;left_extinguisher_door_open;1157;;;;
CH-SOSE-1MA;right_extinguisher_door_open;1158;;;;
CH-SOSE-1MA;fa_board;1159;;;;
CAS-SOSE-1MA;sos_door_open;1160;;;;
CAS-SOSE-1MA;left_extinguisher_door_open;1161;;;;
CAS-SOSE-1MA;right_extinguisher_door_open;1162;;;;
CAS-SOSE-1MA;fa_board;1163;;;;
CAS-SOSE-2CA;sos_door_open;1164;;;;
CAS-SOSE-2CA;left_extinguisher_door_open;1165;;;;
CAS-SOSE-2CA;right_extinguisher_door_open;1166;;;;
CAS-SOSE-2CA;fa_board;1167;;;;
CAS-SOSE-2MA;sos_door_open;1168;;;;
CAS-SOSE-2MA;left_extinguisher_door_open;1169;;;;
CAS-SOSE-2MA;right_extinguisher_door_open;1170;;;;
CAS-SOSE-2MA;fa_board;1171;;;;
CAS-SOSE-1CA;sos_door_open;1172;;;;
CAS-SOSE-1CA;left_extinguisher_door_open;1173;;;;
CAS-SOSE-1CA;right_extinguisher_door_open;1174;;;;
CAS-SOSE-1CA;fa_board;1175;;;;
COR-SOSE-1MA;sos_door_open;1176;;;;
COR-SOSE-1MA;left_extinguisher_door_open;1177;;;;
COR-SOSE-1MA;right_extinguisher_door_open;1178;;;;
COR-SOSE-1MA;fa_board;1179;;;;
COR-SOSE-2MA;sos_door_open;1180;;;;
COR-SOSE-2MA;left_extinguisher_door_open;1181;;;;
COR-SOSE-2MA;right_extinguisher_door_open;1182;;;;
COR-SOSE-2MA;fa_board;1183;;;;
COR-SOSE-1CA;sos_door_open;1184;;;;
COR-SOSE-1CA;left_extinguisher_door_open;1185;;;;
COR-SOSE-1CA;right_extinguisher_door_open;1186;;;;
COR-SOSE-1CA;fa_board;1187;;;;
COR-SOSE-2CA;sos_door_open;1188;;;;
COR-SOSE-2CA;left_extinguisher_door_open;1189;;;;
COR-SOSE-2CA;right_extinguisher_door_open;1190;;;;
COR-SOSE-2CA;fa_board;1191;;;;
EST-SOSE-1CA;sos_door_open;1192;;;;
EST-SOSE-1CA;left_extinguisher_door_open;1193;;;;
EST-SOSE-1CA;right_extinguisher_door_open;1194;;;;
EST-SOSE-1CA;fa_board;1195;;;;
EST-SOSE-2CA;sos_door_open;1196;;;;
EST-SOSE-2CA;left_extinguisher_door_open;1197;;;;
EST-SOSE-2CA;right_extinguisher_door_open;1198;;;;
EST-SOSE-2CA;fa_board;1199;;;;
EST-SOSE-1MA;sos_door_open;1200;;;;
EST-SOSE-1MA;left_extinguisher_door_open;1201;;;;
EST-SOSE-1MA;right_extinguisher_door_open;1202;;;;
EST-SOSE-1MA;fa_board;1203;;;;
EST-SOSE-2MA;sos_door_open;1204;;;;
EST-SOSE-2MA;left_extinguisher_door_open;1205;;;;
EST-SOSE-2MA;right_extinguisher_door_open;1206;;;;
EST-SOSE-2MA;fa_board;1207;;;;
STM2-SOSE-1MA;sos_door_open;1208;;;;
STM2-SOSE-1MA;left_extinguisher_door_open;1209;;;;
STM2-SOSE-1MA;right_extinguisher_door_open;1210;;;;
STM2-SOSE-1MA;fa_board;1211;;;;
STM2-SOSE-2MA;sos_door_open;1212;;;;
STM2-SOSE-2MA;left_extinguisher_door_open;1213;;;;
STM2-SOSE-2MA;right_extinguisher_door_open;1214;;;;
STM2-SOSE-2MA;fa_board;1215;;;;
STM2-SOSE-1CA;sos_door_open;1216;;;;
STM2-SOSE-1CA;left_extinguisher_door_open;1217;;;;
STM2-SOSE-1CA;right_extinguisher_door_open;1218;;;;
STM2-SOSE-1CA;fa_board;1219;;;;
STM2-SOSE-2CA;sos_door_open;1220;;;;
STM2-SOSE-2CA;left_extinguisher_door_open;1221;;;;
STM2-SOSE-2CA;right_extinguisher_door_open;1222;;;;
STM2-SOSE-2CA;fa_board;1223;;;;
NG-SOSE-2CA;sos_door_open;1224;;;;
NG-SOSE-2CA;left_extinguisher_door_open;1225;;;;
NG-SOSE-2CA;right_extinguisher_door_open;1226;;;;
NG-SOSE-2CA;fa_board;1227;;;;
NG-SOSE-1MA;sos_door_open;1228;;;;
NG-SOSE-1MA;left_extinguisher_door_open;1229;;;;
NG-SOSE-1MA;right_extinguisher_door_open;1230;;;;
NG-SOSE-1MA;fa_board;1231;;;;
NG-SOSE-1CA;sos_door_open;1232;;;;
NG-SOSE-1CA;left_extinguisher_door_open;1233;;;;
NG-SOSE-1CA;right_extinguisher_door_open;1234;;;;
NG-SOSE-1CA;fa_board;1235;;;;
NG-SOSE-2MA;sos_door_open;1236;;;;
NG-SOSE-2MA;left_extinguisher_door_open;1237;;;;
NG-SOSE-2MA;right_extinguisher_door_open;1238;;;;
NG-SOSE-2MA;fa_board;1239;;;;
RV-SOS-1CA;sos_door_open;1240;;;;
RV-SOS-1CA;left_extinguisher_door_open;1241;;;;
RV-SOS-1CA;right_extinguisher_door_open;1242;;;;
RV-SOS-1CA;fa_board;1243;;;;
RV-SOS-1MA;sos_door_open;1244;;;;
RV-SOS-1MA;left_extinguisher_door_open;1245;;;;
RV-SOS-1MA;right_extinguisher_door_open;1246;;;;
RV-SOS-1MA;fa_board;1247;;;;
MM-SOS-1MA;sos_door_open;1248;;;;
MM-SOS-1MA;left_extinguisher_door_open;1249;;;;
MM-SOS-1MA;right_extinguisher_door_open;1250;;;;
MM-SOS-1MA;fa_board;1251;;;;
MM-SOS-2MA;sos_door_open;1252;;;;
MM-SOS-2MA;left_extinguisher_door_open;1253;;;;
MM-SOS-2MA;right_extinguisher_door_open;1254;;;;
MM-SOS-2MA;fa_board;1255;;;;
MM-SOS-3MA;sos_door_open;1256;;;;
MM-SOS-3MA;left_extinguisher_door_open;1257;;;;
MM-SOS-3MA;right_extinguisher_door_open;1258;;;;
MM-SOS-3MA;fa_board;1259;;;;
MM-SOS-1CA;sos_door_open;1260;;;;
MM-SOS-1CA;left_extinguisher_door_open;1261;;;;
MM-SOS-1CA;right_extinguisher_door_open;1262;;;;
MM-SOS-1CA;fa_board;1263;;;;
MM-SOS-2CA;sos_door_open;1264;;;;
MM-SOS-2CA;left_extinguisher_door_open;1265;;;;
MM-SOS-2CA;right_extinguisher_door_open;1266;;;;
MM-SOS-2CA;fa_board;1267;;;;
MM-SOS-3CA;sos_door_open;1268;;;;
MM-SOS-3CA;left_extinguisher_door_open;1269;;;;
MM-SOS-3CA;right_extinguisher_door_open;1270;;;;
MM-SOS-3CA;fa_board;1271;;;;
STMI-SOS-1CA;sos_door_open;1272;;;;
STMI-SOS-1CA;left_extinguisher_door_open;1273;;;;
STMI-SOS-1CA;right_extinguisher_door_open;1274;;;;
STMI-SOS-1CA;fa_board;1275;;;;
STMI-SOS-1MA;sos_door_open;1276;;;;
STMI-SOS-1MA;left_extinguisher_door_open;1277;;;;
STMI-SOS-1MA;right_extinguisher_door_open;1278;;;;
STMI-SOS-1MA;fa_board;1279;;;;
LQ-SOS-1MA;sos_door_open;1280;;;;
LQ-SOS-1MA;left_extinguisher_door_open;1281;;;;
LQ-SOS-1MA;right_extinguisher_door_open;1282;;;;
LQ-SOS-1MA;fa_board;1283;;;;
LQ-SOS-2MA;sos_door_open;1284;;;;
LQ-SOS-2MA;left_extinguisher_door_open;1285;;;;
LQ-SOS-2MA;right_extinguisher_door_open;1286;;;;
LQ-SOS-2MA;fa_board;1287;;;;
LQ-SOS-3MA;sos_door_open;1288;;;;
LQ-SOS-3MA;left_extinguisher_door_open;1289;;;;
LQ-SOS-3MA;right_extinguisher_door_open;1290;;;;
LQ-SOS-3MA;fa_board;1291;;;;
LQ-SOS-4MA;sos_door_open;1292;;;;
LQ-SOS-4MA;left_extinguisher_door_open;1293;;;;
LQ-SOS-4MA;right_extinguisher_door_open;1294;;;;
LQ-SOS-4MA;fa_board;1295;;;;
LQ-SOS-1CA;sos_door_open;1296;;;;
LQ-SOS-1CA;left_extinguisher_door_open;1297;;;;
LQ-SOS-1CA;right_extinguisher_door_open;1298;;;;
LQ-SOS-1CA;fa_board;1299;;;;
LQ-SOS-2CA;sos_door_open;1300;;;;
LQ-SOS-2CA;left_extinguisher_door_open;1301;;;;
LQ-SOS-2CA;right_extinguisher_door_open;1302;;;;
LQ-SOS-2CA;fa_board;1303;;;;
LQ-SOS-3CA;sos_door_open;1304;;;;
LQ-SOS-3CA;left_extinguisher_door_open;1305;;;;
LQ-SOS-3CA;right_extinguisher_door_open;1306;;;;
LQ-SOS-3CA;fa_board;1307;;;;
LQ-SOS-4CA;sos_door_open;1308;;;;
LQ-SOS-4CA;left_extinguisher_door_open;1309;;;;
LQ-SOS-4CA;right_extinguisher_door_open;1310;;;;
LQ-SOS-4CA;fa_board;1311;;;;
LQ-SOS-5CA;sos_door_open;1312;;;;
LQ-SOS-5CA;left_extinguisher_door_open;1313;;;;
LQ-SOS-5CA;right_extinguisher_door_open;1314;;;;
LQ-SOS-5CA;fa_board;1315;;;;
CH-SOS-1MA;sos_door_open;1316;;;;
CH-SOS-1MA;left_extinguisher_door_open;1317;;;;
CH-SOS-1MA;right_extinguisher_door_open;1318;;;;
CH-SOS-1MA;fa_board;1319;;;;
CH-SOS-2MA;sos_door_open;1320;;;;
CH-SOS-2MA;left_extinguisher_door_open;1321;;;;
CH-SOS-2MA;right_extinguisher_door_open;1322;;;;
CH-SOS-2MA;fa_board;1323;;;;
CH-SOS-3MA;sos_door_open;1324;;;;
CH-SOS-3MA;left_extinguisher_door_open;1325;;;;
CH-SOS-3MA;right_extinguisher_door_open;1326;;;;
CH-SOS-3MA;fa_board;1327;;;;
CH-SOS-1CA;sos_door_open;1328;;;;
CH-SOS-1CA;left_extinguisher_door_open;1329;;;;
CH-SOS-1CA;right_extinguisher_door_open;1330;;;;
CH-SOS-1CA;fa_board;1331;;;;
CH-SOS-2CA;sos_door_open;1332;;;;
CH-SOS-2CA;left_extinguisher_door_open;1333;;;;
CH-SOS-2CA;right_extinguisher_door_open;1334;;;;
CH-SOS-2CA;fa_board;1335;;;;
CH-SOS-3CA;sos_door_open;1336;;;;
CH-SOS-3CA;left_extinguisher_door_open;1337;;;;
CH-SOS-3CA;right_extinguisher_door_open;1338;;;;
CH-SOS-3CA;fa_board;1339;;;;
CAS-SOS-1MA;sos_door_open;1340;;;;
CAS-SOS-1MA;left_extinguisher_door_open;1341;;;;
CAS-SOS-1MA;right_extinguisher_door_open;1342;;;;
CAS-SOS-1MA;fa_board;1343;;;;
CAS-SOS-2MA;sos_door_open;1344;;;;
CAS-SOS-2MA;left_extinguisher_door_open;1345;;;;
CAS-SOS-2MA;right_extinguisher_door_open;1346;;;;
CAS-SOS-2MA;fa_board;1347;;;;
CAS-SOS-3MA;sos_door_open;1348;;;;
CAS-SOS-3MA;left_extinguisher_door_open;1349;;;;
CAS-SOS-3MA;right_extinguisher_door_open;1350;;;;
CAS-SOS-3MA;fa_board;1351;;;;
CAS-SOS-4MA;sos_door_open;1352;;;;
CAS-SOS-4MA;left_extinguisher_door_open;1353;;;;
CAS-SOS-4MA;right_extinguisher_door_open;1354;;;;
CAS-SOS-4MA;fa_board;1355;;;;
CAS-SOS-5MA;sos_door_open;1356;;;;
CAS-SOS-5MA;left_extinguisher_door_open;1357;;;;
CAS-SOS-5MA;right_extinguisher_door_open;1358;;;;
CAS-SOS-5MA;fa_board;1359;;;;
CAS-SOS-1CA;sos_door_open;1360;;;;
CAS-SOS-1CA;left_extinguisher_door_open;1361;;;;
CAS-SOS-1CA;right_extinguisher_door_open;1362;;;;
CAS-SOS-1CA;fa_board;1363;;;;
CAS-SOS-2CA;sos_door_open;1364;;;;
CAS-SOS-2CA;left_extinguisher_door_open;1365;;;;
CAS-SOS-2CA;right_extinguisher_door_open;1366;;;;
CAS-SOS-2CA;fa_board;1367;;;;
CAS-SOS-3CA;sos_door_open;1368;;;;
CAS-SOS-3CA;left_extinguisher_door_open;1369;;;;
CAS-SOS-3CA;right_extinguisher_door_open;1370;;;;
CAS-SOS-3CA;fa_board;1371;;;;
CAS-SOS-4CA;sos_door_open;1372;;;;
CAS-SOS-4CA;left_extinguisher_door_open;1373;;;;
CAS-SOS-4CA;right_extinguisher_door_open;1374;;;;
CAS-SOS-4CA;fa_board;1375;;;;
CAS-SOS-5CA;sos_door_open;1376;;;;
CAS-SOS-5CA;left_extinguisher_door_open;1377;;;;
CAS-SOS-5CA;right_extinguisher_door_open;1378;;;;
CAS-SOS-5CA;fa_board;1379;;;;
COR-SOS-1MA;sos_door_open;1380;;;;
COR-SOS-1MA;left_extinguisher_door_open;1381;;;;
COR-SOS-1MA;right_extinguisher_door_open;1382;;;;
COR-SOS-1MA;fa_board;1383;;;;
COR-SOS-2MA;sos_door_open;1384;;;;
COR-SOS-2MA;left_extinguisher_door_open;1385;;;;
COR-SOS-2MA;right_extinguisher_door_open;1386;;;;
COR-SOS-2MA;fa_board;1387;;;;
COR-SOS-3MA;sos_door_open;1388;;;;
COR-SOS-3MA;left_extinguisher_door_open;1389;;;;
COR-SOS-3MA;right_extinguisher_door_open;1390;;;;
COR-SOS-3MA;fa_board;1391;;;;
COR-SOS-4MA;sos_door_open;1392;;;;
COR-SOS-4MA;left_extinguisher_door_open;1393;;;;
COR-SOS-4MA;right_extinguisher_door_open;1394;;;;
COR-SOS-4MA;fa_board;1395;;;;
COR-SOS-1CA;sos_door_open;1396;;;;
COR-SOS-1CA;left_extinguisher_door_open;1397;;;;
COR-SOS-1CA;right_extinguisher_door_open;1398;;;;
COR-SOS-1CA;fa_board;1399;;;;
COR-SOS-2CA;sos_door_open;1400;;;;
COR-SOS-2CA;left_extinguisher_door_open;1401;;;;
COR-SOS-2CA;right_extinguisher_door_open;1402;;;;
COR-SOS-2CA;fa_board;1403;;;;
COR-SOS-3CA;sos_door_open;1404;;;;
COR-SOS-3CA;left_extinguisher_door_open;1405;;;;
COR-SOS-3CA;right_extinguisher_door_open;1406;;;;
COR-SOS-3CA;fa_board;1407;;;;
COR-SOS-4CA;sos_door_open;1408;;;;
COR-SOS-4CA;left_extinguisher_door_open;1409;;;;
COR-SOS-4CA;right_extinguisher_door_open;1410;;;;
COR-SOS-4CA;fa_board;1411;;;;
EST-SOS-1CA;sos_door_open;1412;;;;
EST-SOS-1CA;left_extinguisher_door_open;1413;;;;
EST-SOS-1CA;right_extinguisher_door_open;1414;;;;
EST-SOS-1CA;fa_board;1415;;;;
EST-SOS-1MA;sos_door_open;1416;;;;
EST-SOS-1MA;left_extinguisher_door_open;1417;;;;
EST-SOS-1MA;right_extinguisher_door_open;1418;;;;
EST-SOS-1MA;fa_board;1419;;;;
STM2-SOS-1MA;sos_door_open;1420;;;;
STM2-SOS-1MA;left_extinguisher_door_open;1421;;;;
STM2-SOS-1MA;right_extinguisher_door_open;1422;;;;
STM2-SOS-1MA;fa_board;1423;;;;
STM2-SOS-2MA;sos_door_open;1424;;;;
STM2-SOS-2MA;left_extinguisher_door_open;1425;;;;
STM2-SOS-2MA;right_extinguisher_door_open;1426;;;;
STM2-SOS-2MA;fa_board;1427;;;;
STM2-SOS-3MA;sos_door_open;1428;;;;
STM2-SOS-3MA;left_extinguisher_door_open;1429;;;;
STM2-SOS-3MA;right_extinguisher_door_open;1430;;;;
STM2-SOS-3MA;fa_board;1431;;;;
STM2-SOS-1CA;sos_door_open;1432;;;;
STM2-SOS-1CA;left_extinguisher_door_open;1433;;;;
STM2-SOS-1CA;right_extinguisher_door_open;1434;;;;
STM2-SOS-1CA;fa_board;1435;;;;
STM2-SOS-2CA;sos_door_open;1436;;;;
STM2-SOS-2CA;left_extinguisher_door_open;1437;;;;
STM2-SOS-2CA;right_extinguisher_door_open;1438;;;;
STM2-SOS-2CA;fa_board;1439;;;;
STM2-SOS-3CA;sos_door_open;1440;;;;
STM2-SOS-3CA;left_extinguisher_door_open;1441;;;;
STM2-SOS-3CA;right_extinguisher_door_open;1442;;;;
STM2-SOS-3CA;fa_board;1443;;;;
NG-SOS-1CA;sos_door_open;1444;;;;
NG-SOS-1CA;left_extinguisher_door_open;1445;;;;
NG-SOS-1CA;right_extinguisher_door_open;1446;;;;
NG-SOS-1CA;fa_board;1447;;;;
NG-SOS-2CA;sos_door_open;1448;;;;
NG-SOS-2CA;left_extinguisher_door_open;1449;;;;
NG-SOS-2CA;right_extinguisher_door_open;1450;;;;
NG-SOS-2CA;fa_board;1451;;;;
NG-SOS-3CA;sos_door_open;1452;;;;
NG-SOS-3CA;left_extinguisher_door_open;1453;;;;
NG-SOS-3CA;right_extinguisher_door_open;1454;;;;
NG-SOS-3CA;fa_board;1455;;;;
NG-SOS-4CA;sos_door_open;1456;;;;
NG-SOS-4CA;left_extinguisher_door_open;1457;;;;
NG-SOS-4CA;right_extinguisher_door_open;1458;;;;
NG-SOS-4CA;fa_board;1459;;;;
NG-SOS-5CA;sos_door_open;1460;;;;
NG-SOS-5CA;left_extinguisher_door_open;1461;;;;
NG-SOS-5CA;right_extinguisher_door_open;1462;;;;
NG-SOS-5CA;fa_board;1463;;;;
NG-SOS-6CA;sos_door_open;1464;;;;
NG-SOS-6CA;left_extinguisher_door_open;1465;;;;
NG-SOS-6CA;right_extinguisher_door_open;1466;;;;
NG-SOS-6CA;fa_board;1467;;;;
NG-SOS-7CA;sos_door_open;1468;;;;
NG-SOS-7CA;left_extinguisher_door_open;1469;;;;
NG-SOS-7CA;right_extinguisher_door_open;1470;;;;
NG-SOS-7CA;fa_board;1471;;;;
NG-SOS-8CA;sos_door_open;1472;;;;
NG-SOS-8CA;left_extinguisher_door_open;1473;;;;
NG-SOS-8CA;right_extinguisher_door_open;1474;;;;
NG-SOS-8CA;fa_board;1475;;;;
NG-SOS-1MA;sos_door_open;1476;;;;
NG-SOS-1MA;left_extinguisher_door_open;1477;;;;
NG-SOS-1MA;right_extinguisher_door_open;1478;;;;
NG-SOS-1MA;fa_board;1479;;;;
NG-SOS-2MA;sos_door_open;1480;;;;
NG-SOS-2MA;left_extinguisher_door_open;1481;;;;
NG-SOS-2MA;right_extinguisher_door_open;1482;;;;
NG-SOS-2MA;fa_board;1483;;;;
NG-SOS-3MA;sos_door_open;1484;;;;
NG-SOS-3MA;left_extinguisher_door_open;1485;;;;
NG-SOS-3MA;right_extinguisher_door_open;1486;;;;
NG-SOS-3MA;fa_board;1487;;;;
NG-SOS-4MA;sos_door_open;1488;;;;
NG-SOS-4MA;left_extinguisher_door_open;1489;;;;
NG-SOS-4MA;right_extinguisher_door_open;1490;;;;
NG-SOS-4MA;fa_board;1491;;;;
NG-SOS-5MA;sos_door_open;1492;;;;
NG-SOS-5MA;left_extinguisher_door_open;1493;;;;
NG-SOS-5MA;right_extinguisher_door_open;1494;;;;
NG-SOS-5MA;fa_board;1495;;;;
NG-SOS-6MA;sos_door_open;1496;;;;
NG-SOS-6MA;left_extinguisher_door_open;1497;;;;
NG-SOS-6MA;right_extinguisher_door_open;1498;;;;
NG-SOS-6MA;fa_board;1499;;;;
NG-SOS-7MA;sos_door_open;1500;;;;
NG-SOS-7MA;left_extinguisher_door_open;1501;;;;
NG-SOS-7MA;right_extinguisher_door_open;1502;;;;
NG-SOS-7MA;fa_board;1503;;;;
NG-SOS-8MA;sos_door_open;1504;;;;
NG-SOS-8MA;left_extinguisher_door_open;1505;;;;
NG-SOS-8MA;right_extinguisher_door_open;1506;;;;
NG-SOS-8MA;fa_board;1507;;;;
RESERVED;RESERVED;1508;;;;
RESERVED;RESERVED;1509;;;;
RESERVED;RESERVED;1510;;;;
RESERVED;RESERVED;1511;;;;
RESERVED;RESERVED;1512;;;;
RESERVED;RESERVED;1513;;;;
RESERVED;RESERVED;1514;;;;
RESERVED;RESERVED;1515;;;;
RESERVED;RESERVED;1516;;;;
RESERVED;RESERVED;1517;;;;
RESERVED;RESERVED;1518;;;;
RESERVED;RESERVED;1519;;;;
RV-LUX-1CA;alarm_sensor;1520;;;;
RV-LUX-1CA;alarm_fa;1521;;;;
RV-LUX-2CA;alarm_sensor;1522;;;;
RV-LUX-2CA;alarm_fa;1523;;;;
RV-LUX-3CA;alarm_sensor;1524;;;;
RV-LUX-3CA;alarm_fa;1525;;;;
RV-LUX-4CA;alarm_sensor;1526;;;;
RV-LUX-4CA;alarm_fa;1527;;;;
RV-LUX-1MA;alarm_sensor;1528;;;;
RV-LUX-1MA;alarm_fa;1529;;;;
RV-LUX-2MA;alarm_sensor;1530;;;;
RV-LUX-2MA;alarm_fa;1531;;;;
RV-LUX-3MA;alarm_sensor;1532;;;;
RV-LUX-3MA;alarm_fa;1533;;;;
RV-LUX-4MA;alarm_sensor;1534;;;;
RV-LUX-4MA;alarm_fa;1535;;;;
MM-LUX-1CA;alarm_sensor;1536;;;;
MM-LUX-1CA;alarm_fa;1537;;;;
MM-LUX-2CA;alarm_sensor;1538;;;;
MM-LUX-2CA;alarm_fa;1539;;;;
MM-LUX-3CA;alarm_sensor;1540;;;;
MM-LUX-3CA;alarm_fa;1541;;;;
MM-LUX-4CA;alarm_sensor;1542;;;;
MM-LUX-4CA;alarm_fa;1543;;;;
MM-LUX-1MA;alarm_sensor;1544;;;;
MM-LUX-1MA;alarm_fa;1545;;;;
MM-LUX-2MA;alarm_sensor;1546;;;;
MM-LUX-2MA;alarm_fa;1547;;;;
MM-LUX-3MA;alarm_sensor;1548;;;;
MM-LUX-3MA;alarm_fa;1549;;;;
MM-LUX-4MA;alarm_sensor;1550;;;;
MM-LUX-4MA;alarm_fa;1551;;;;
LQ-LUX-1CA;alarm_sensor;1552;;;;
LQ-LUX-1CA;alarm_fa;1553;;;;
LQ-LUX-2CA;alarm_sensor;1554;;;;
LQ-LUX-2CA;alarm_fa;1555;;;;
LQ-LUX-3CA;alarm_sensor;1556;;;;
LQ-LUX-3CA;alarm_fa;1557;;;;
LQ-LUX-4CA;alarm_sensor;1558;;;;
LQ-LUX-4CA;alarm_fa;1559;;;;
LQ-LUX-1MA;alarm_sensor;1560;;;;
LQ-LUX-1MA;alarm_fa;1561;;;;
LQ-LUX-2MA;alarm_sensor;1562;;;;
LQ-LUX-2MA;alarm_fa;1563;;;;
LQ-LUX-3MA;alarm_sensor;1564;;;;
LQ-LUX-3MA;alarm_fa;1565;;;;
LQ-LUX-4MA;alarm_sensor;1566;;;;
LQ-LUX-4MA;alarm_fa;1567;;;;
CH-LUX-1CA;alarm_sensor;1568;;;;
CH-LUX-1CA;alarm_fa;1569;;;;
CH-LUX-2CA;alarm_sensor;1570;;;;
CH-LUX-2CA;alarm_fa;1571;;;;
CH-LUX-3CA;alarm_sensor;1572;;;;
CH-LUX-3CA;alarm_fa;1573;;;;
CH-LUX-4CA;alarm_sensor;1574;;;;
CH-LUX-4CA;alarm_fa;1575;;;;
CH-LUX-1MA;alarm_sensor;1576;;;;
CH-LUX-1MA;alarm_fa;1577;;;;
CH-LUX-2MA;alarm_sensor;1578;;;;
CH-LUX-2MA;alarm_fa;1579;;;;
CH-LUX-3MA;alarm_sensor;1580;;;;
CH-LUX-3MA;alarm_fa;1581;;;;
CH-LUX-4MA;alarm_sensor;1582;;;;
CH-LUX-4MA;alarm_fa;1583;;;;
CAS-LUX-1MA;alarm_sensor;1584;;;;
CAS-LUX-1MA;alarm_fa;1585;;;;
CAS-LUX-2MA;alarm_sensor;1586;;;;
CAS-LUX-2MA;alarm_fa;1587;;;;
CAS-LUX-3MA;alarm_sensor;1588;;;;
CAS-LUX-3MA;alarm_fa;1589;;;;
CAS-LUX-4MA;alarm_sensor;1590;;;;
CAS-LUX-4MA;alarm_fa;1591;;;;
CAS-LUX-1CA;alarm_sensor;1592;;;;
CAS-LUX-1CA;alarm_fa;1593;;;;
CAS-LUX-2CA;alarm_sensor;1594;;;;
CAS-LUX-2CA;alarm_fa;1595;;;;
CAS-LUX-3CA;alarm_sensor;1596;;;;
CAS-LUX-3CA;alarm_fa;1597;;;;
CAS-LUX-4CA;alarm_sensor;1598;;;;
CAS-LUX-4CA;alarm_fa;1599;;;;
COR-LUX-1MA;alarm_sensor;1600;;;;
COR-LUX-1MA;alarm_fa;1601;;;;
COR-LUX-2MA;alarm_sensor;1602;;;;
COR-LUX-2MA;alarm_fa;1603;;;;
COR-LUX-3MA;alarm_sensor;1604;;;;
COR-LUX-3MA;alarm_fa;1605;;;;
COR-LUX-4MA;alarm_sensor;1606;;;;
COR-LUX-4MA;alarm_fa;1607;;;;
COR-LUX-1CA;alarm_sensor;1608;;;;
COR-LUX-1CA;alarm_fa;1609;;;;
COR-LUX-2CA;alarm_sensor;1610;;;;
COR-LUX-2CA;alarm_fa;1611;;;;
COR-LUX-3CA;alarm_sensor;1612;;;;
COR-LUX-3CA;alarm_fa;1613;;;;
COR-LUX-4CA;alarm_sensor;1614;;;;
COR-LUX-4CA;alarm_fa;1615;;;;
STM2-LUX-1MA;alarm_sensor;1616;;;;
STM2-LUX-1MA;alarm_fa;1617;;;;
STM2-LUX-2MA;alarm_sensor;1618;;;;
STM2-LUX-2MA;alarm_fa;1619;;;;
STM2-LUX-3MA;alarm_sensor;1620;;;;
STM2-LUX-3MA;alarm_fa;1621;;;;
STM2-LUX-4MA;alarm_sensor;1622;;;;
STM2-LUX-4MA;alarm_fa;1623;;;;
STM2-LUX-1CA;alarm_sensor;1624;;;;
STM2-LUX-1CA;alarm_fa;1625;;;;
STM2-LUX-2CA;alarm_sensor;1626;;;;
STM2-LUX-2CA;alarm_fa;1627;;;;
STM2-LUX-3CA;alarm_sensor;1628;;;;
STM2-LUX-3CA;alarm_fa;1629;;;;
STM2-LUX-4CA;alarm_sensor;1630;;;;
STM2-LUX-4CA;alarm_fa;1631;;;;
NG-LUX-1MA;alarm_sensor;1632;;;;
NG-LUX-1MA;alarm_fa;1633;;;;
NG-LUX-2MA;alarm_sensor;1634;;;;
NG-LUX-2MA;alarm_fa;1635;;;;
NG-LUX-3MA;alarm_sensor;1636;;;;
NG-LUX-3MA;alarm_fa;1637;;;;
NG-LUX-4MA;alarm_sensor;1638;;;;
NG-LUX-4MA;alarm_fa;1639;;;;
NG-LUX-1CA;alarm_sensor;1640;;;;
NG-LUX-1CA;alarm_fa;1641;;;;
NG-LUX-2CA;alarm_sensor;1642;;;;
NG-LUX-2CA;alarm_fa;1643;;;;
NG-LUX-3CA;alarm_sensor;1644;;;;
NG-LUX-3CA;alarm_fa;1645;;;;
NG-LUX-4CA;alarm_sensor;1646;;;;
NG-LUX-4CA;alarm_fa;1647;;;;
RESERVED;RESERVED;1648;;;;
RESERVED;RESERVED;1649;;;;
RESERVED;RESERVED;1650;;;;
RESERVED;RESERVED;1651;;;;
RV-LUM-1CA;alarm_sensor;1652;;;;
RV-LUM-1MA;alarm_sensor;1653;;;;
MM-LUM-1CA;alarm_sensor;1654;;;;
MM-LUM-1MA;alarm_sensor;1655;;;;
LQ-LUM-1MA;alarm_sensor;1656;;;;
LQ-LUM-1CA;alarm_sensor;1657;;;;
CH-LUM-1CA;alarm_sensor;1658;;;;
CH-LUM-1MA;alarm_sensor;1659;;;;
CAS-LUM-1MA;alarm_sensor;1660;;;;
CAS-LUM-1CA;alarm_sensor;1661;;;;
COR-LUM-1MA;alarm_sensor;1662;;;;
COR-LUM-1CA;alarm_sensor;1663;;;;
STM2-LUM-1MA;alarm_sensor;1664;;;;
STM2-LUM-1CA;alarm_sensor;1665;;;;
NG-LUM-1MA;alarm_sensor;1666;;;;
NG-LUM-1CA;alarm_sensor;1667;;;;
RESERVED;RESERVED;1668;;;;
RESERVED;RESERVED;1669;;;;
RESERVED;RESERVED;1670;;;;
RESERVED;RESERVED;1671;;;;
CAS-ZI-1CA;alarm_zone;1672;;;;
CAS-ZI-1CA;fiber_fault;1673;;;;
CAS-ZI-2CA;alarm_zone;1674;;;;
CAS-ZI-2CA;fiber_fault;1675;;;;
CAS-ZI-3CA;alarm_zone;1676;;;;
CAS-ZI-3CA;fiber_fault;1677;;;;
CAS-ZI-4CA;alarm_zone;1678;;;;
CAS-ZI-4CA;fiber_fault;1679;;;;
CAS-ZI-5CA;alarm_zone;1680;;;;
CAS-ZI-5CA;fiber_fault;1681;;;;
CAS-ZI-6CA;alarm_zone;1682;;;;
CAS-ZI-6CA;fiber_fault;1683;;;;
CAS-ZI-7CA;alarm_zone;1684;;;;
CAS-ZI-7CA;fiber_fault;1685;;;;
CAS-ZI-8CA;alarm_zone;1686;;;;
CAS-ZI-8CA;fiber_fault;1687;;;;
CAS-ZI-9CA;alarm_zone;1688;;;;
CAS-ZI-9CA;fiber_fault;1689;;;;
CAS-ZI-10CA;alarm_zone;1690;;;;
CAS-ZI-10CA;fiber_fault;1691;;;;
CAS-ZI-11CA;alarm_zone;1692;;;;
CAS-ZI-11CA;fiber_fault;1693;;;;
CAS-ZI-12CA;alarm_zone;1694;;;;
CAS-ZI-12CA;fiber_fault;1695;;;;
CAS-ZI-13CA;alarm_zone;1696;;;;
CAS-ZI-13CA;fiber_fault;1697;;;;
CAS-ZI-14CA;alarm_zone;1698;;;;
CAS-ZI-14CA;fiber_fault;1699;;;;
CAS-ZI-15CA;alarm_zone;1700;;;;
CAS-ZI-15CA;fiber_fault;1701;;;;
CAS-ZI-15MA;alarm_zone;1702;;;;
CAS-ZI-15MA;fiber_fault;1703;;;;
CAS-ZI-14MA;alarm_zone;1704;;;;
CAS-ZI-14MA;fiber_fault;1705;;;;
CAS-ZI-13MA;alarm_zone;1706;;;;
CAS-ZI-13MA;fiber_fault;1707;;;;
CAS-ZI-12MA;alarm_zone;1708;;;;
CAS-ZI-12MA;fiber_fault;1709;;;;
CAS-ZI-11MA;alarm_zone;1710;;;;
CAS-ZI-11MA;fiber_fault;1711;;;;
CAS-ZI-10MA;alarm_zone;1712;;;;
CAS-ZI-10MA;fiber_fault;1713;;;;
CAS-ZI-9MA;alarm_zone;1714;;;;
CAS-ZI-9MA;fiber_fault;1715;;;;
CAS-ZI-8MA;alarm_zone;1716;;;;
CAS-ZI-8MA;fiber_fault;1717;;;;
CAS-ZI-7MA;alarm_zone;1718;;;;
CAS-ZI-7MA;fiber_fault;1719;;;;
CAS-ZI-6MA;alarm_zone;1720;;;;
CAS-ZI-6MA;fiber_fault;1721;;;;
CAS-ZI-5MA;alarm_zone;1722;;;;
CAS-ZI-5MA;fiber_fault;1723;;;;
CAS-ZI-4MA;alarm_zone;1724;;;;
CAS-ZI-4MA;fiber_fault;1725;;;;
CAS-ZI-3MA;alarm_zone;1726;;;;
CAS-ZI-3MA;fiber_fault;1727;;;;
CAS-ZI-2MA;alarm_zone;1728;;;;
CAS-ZI-2MA;fiber_fault;1729;;;;
CAS-ZI-1MA;alarm_zone;1730;;;;
CAS-ZI-1MA;fiber_fault;1731;;;;
RV-ZI-1CA;alarm_zone;1732;;;;
RV-ZI-1CA;fiber_fault;1733;;;;
RV-ZI-2CA;alarm_zone;1734;;;;
RV-ZI-2CA;fiber_fault;1735;;;;
RV-ZI-3CA;alarm_zone;1736;;;;
RV-ZI-3CA;fiber_fault;1737;;;;
RV-ZI-4CA;alarm_zone;1738;;;;
RV-ZI-4CA;fiber_fault;1739;;;;
RV-ZI-5CA;alarm_zone;1740;;;;
RV-ZI-5CA;fiber_fault;1741;;;;
RV-ZI-1MA;alarm_zone;1742;;;;
RV-ZI-1MA;fiber_fault;1743;;;;
RV-ZI-2MA;alarm_zone;1744;;;;
RV-ZI-2MA;fiber_fault;1745;;;;
RV-ZI-3MA;alarm_zone;1746;;;;
RV-ZI-3MA;fiber_fault;1747;;;;
RV-ZI-4MA;alarm_zone;1748;;;;
RV-ZI-4MA;fiber_fault;1749;;;;
RV-ZI-5MA;alarm_zone;1750;;;;
RV-ZI-5MA;fiber_fault;1751;;;;
MM-ZI-8CA;alarm_zone;1752;;;;
MM-ZI-8CA;fiber_fault;1753;;;;
MM-ZI-7CA;alarm_zone;1754;;;;
MM-ZI-7CA;fiber_fault;1755;;;;
MM-ZI-6CA;alarm_zone;1756;;;;
MM-ZI-6CA;fiber_fault;1757;;;;
MM-ZI-5CA;alarm_zone;1758;;;;
MM-ZI-5CA;fiber_fault;1759;;;;
MM-ZI-4CA;alarm_zone;1760;;;;
MM-ZI-4CA;fiber_fault;1761;;;;
MM-ZI-3CA;alarm_zone;1762;;;;
MM-ZI-3CA;fiber_fault;1763;;;;
MM-ZI-2CA;alarm_zone;1764;;;;
MM-ZI-2CA;fiber_fault;1765;;;;
MM-ZI-1CA;alarm_zone;1766;;;;
MM-ZI-1CA;fiber_fault;1767;;;;
MM-ZI-1MA;alarm_zone;1768;;;;
MM-ZI-1MA;fiber_fault;1769;;;;
MM-ZI-2MA;alarm_zone;1770;;;;
MM-ZI-2MA;fiber_fault;1771;;;;
MM-ZI-3MA;alarm_zone;1772;;;;
MM-ZI-3MA;fiber_fault;1773;;;;
MM-ZI-4MA;alarm_zone;1774;;;;
MM-ZI-4MA;fiber_fault;1775;;;;
MM-ZI-5MA;alarm_zone;1776;;;;
MM-ZI-5MA;fiber_fault;1777;;;;
MM-ZI-6MA;alarm_zone;1778;;;;
MM-ZI-6MA;fiber_fault;1779;;;;
MM-ZI-7MA;alarm_zone;1780;;;;
MM-ZI-7MA;fiber_fault;1781;;;;
MM-ZI-8MA;alarm_zone;1782;;;;
MM-ZI-8MA;fiber_fault;1783;;;;
STMI-ZI-3CA;alarm_zone;1784;;;;
STMI-ZI-3CA;fiber_fault;1785;;;;
STMI-ZI-2CA;alarm_zone;1786;;;;
STMI-ZI-2CA;fiber_fault;1787;;;;
STMI-ZI-1CA;alarm_zone;1788;;;;
STMI-ZI-1CA;fiber_fault;1789;;;;
STMI-ZI-3MA;alarm_zone;1790;;;;
STMI-ZI-3MA;fiber_fault;1791;;;;
STMI-ZI-2MA;alarm_zone;1792;;;;
STMI-ZI-2MA;fiber_fault;1793;;;;
STMI-ZI-1MA;alarm_zone;1794;;;;
STMI-ZI-1MA;fiber_fault;1795;;;;
CH-ZI-1CA;alarm_zone;1796;;;;
CH-ZI-1CA;fiber_fault;1797;;;;
CH-ZI-2CA;alarm_zone;1798;;;;
CH-ZI-2CA;fiber_fault;1799;;;;
CH-ZI-3CA;alarm_zone;1800;;;;
CH-ZI-3CA;fiber_fault;1801;;;;
CH-ZI-4CA;alarm_zone;1802;;;;
CH-ZI-4CA;fiber_fault;1803;;;;
CH-ZI-5CA;alarm_zone;1804;;;;
CH-ZI-5CA;fiber_fault;1805;;;;
CH-ZI-6CA;alarm_zone;1806;;;;
CH-ZI-6CA;fiber_fault;1807;;;;
CH-ZI-7CA;alarm_zone;1808;;;;
CH-ZI-7CA;fiber_fault;1809;;;;
CH-ZI-8CA;alarm_zone;1810;;;;
CH-ZI-8CA;fiber_fault;1811;;;;
CH-ZI-8MA;alarm_zone;1812;;;;
CH-ZI-8MA;fiber_fault;1813;;;;
CH-ZI-7MA;alarm_zone;1814;;;;
CH-ZI-7MA;fiber_fault;1815;;;;
CH-ZI-6MA;alarm_zone;1816;;;;
CH-ZI-6MA;fiber_fault;1817;;;;
CH-ZI-5MA;alarm_zone;1818;;;;
CH-ZI-5MA;fiber_fault;1819;;;;
CH-ZI-4MA;alarm_zone;1820;;;;
CH-ZI-4MA;fiber_fault;1821;;;;
CH-ZI-3MA;alarm_zone;1822;;;;
CH-ZI-3MA;fiber_fault;1823;;;;
CH-ZI-2MA;alarm_zone;1824;;;;
CH-ZI-2MA;fiber_fault;1825;;;;
CH-ZI-1MA;alarm_zone;1826;;;;
CH-ZI-1MA;fiber_fault;1827;;;;
STM2-ZI-7CA;alarm_zone;1828;;;;
STM2-ZI-7CA;fiber_fault;1829;;;;
STM2-ZI-6CA;alarm_zone;1830;;;;
STM2-ZI-6CA;fiber_fault;1831;;;;
STM2-ZI-5CA;alarm_zone;1832;;;;
STM2-ZI-5CA;fiber_fault;1833;;;;
STM2-ZI-4CA;alarm_zone;1834;;;;
STM2-ZI-4CA;fiber_fault;1835;;;;
STM2-ZI-3CA;alarm_zone;1836;;;;
STM2-ZI-3CA;fiber_fault;1837;;;;
STM2-ZI-2CA;alarm_zone;1838;;;;
STM2-ZI-2CA;fiber_fault;1839;;;;
STM2-ZI-1CA;alarm_zone;1840;;;;
STM2-ZI-1CA;fiber_fault;1841;;;;
STM2-ZI-1MA;alarm_zone;1842;;;;
STM2-ZI-1MA;fiber_fault;1843;;;;
STM2-ZI-2MA;alarm_zone;1844;;;;
STM2-ZI-2MA;fiber_fault;1845;;;;
STM2-ZI-3MA;alarm_zone;1846;;;;
STM2-ZI-3MA;fiber_fault;1847;;;;
STM2-ZI-4MA;alarm_zone;1848;;;;
STM2-ZI-4MA;fiber_fault;1849;;;;
STM2-ZI-5MA;alarm_zone;1850;;;;
STM2-ZI-5MA;fiber_fault;1851;;;;
STM2-ZI-6MA;alarm_zone;1852;;;;
STM2-ZI-6MA;fiber_fault;1853;;;;
STM2-ZI-7MA;alarm_zone;1854;;;;
STM2-ZI-7MA;fiber_fault;1855;;;;
EST-ZI-2MA;alarm_zone;1856;;;;
EST-ZI-2MA;fiber_fault;1857;;;;
EST-ZI-1MA;alarm_zone;1858;;;;
EST-ZI-1MA;fiber_fault;1859;;;;
EST-ZI-2CA;alarm_zone;1860;;;;
EST-ZI-2CA;fiber_fault;1861;;;;
EST-ZI-1CA;alarm_zone;1862;;;;
EST-ZI-1CA;fiber_fault;1863;;;;
LQ-ZI-1CA;alarm_zone;1864;;;;
LQ-ZI-1CA;fiber_fault;1865;;;;
LQ-ZI-2CA;alarm_zone;1866;;;;
LQ-ZI-2CA;fiber_fault;1867;;;;
LQ-ZI-3CA;alarm_zone;1868;;;;
LQ-ZI-3CA;fiber_fault;1869;;;;
LQ-ZI-4CA;alarm_zone;1870;;;;
LQ-ZI-4CA;fiber_fault;1871;;;;
LQ-ZI-5CA;alarm_zone;1872;;;;
LQ-ZI-5CA;fiber_fault;1873;;;;
LQ-ZI-6CA;alarm_zone;1874;;;;
LQ-ZI-6CA;fiber_fault;1875;;;;
LQ-ZI-7CA;alarm_zone;1876;;;;
LQ-ZI-7CA;fiber_fault;1877;;;;
LQ-ZI-8CA;alarm_zone;1878;;;;
LQ-ZI-8CA;fiber_fault;1879;;;;
LQ-ZI-9CA;alarm_zone;1880;;;;
LQ-ZI-9CA;fiber_fault;1881;;;;
LQ-ZI-10CA;alarm_zone;1882;;;;
LQ-ZI-10CA;fiber_fault;1883;;;;
LQ-ZI-11CA;alarm_zone;1884;;;;
LQ-ZI-11CA;fiber_fault;1885;;;;
LQ-ZI-9MA;alarm_zone;1886;;;;
LQ-ZI-9MA;fiber_fault;1887;;;;
LQ-ZI-8MA;alarm_zone;1888;;;;
LQ-ZI-8MA;fiber_fault;1889;;;;
LQ-ZI-7MA;alarm_zone;1890;;;;
LQ-ZI-7MA;fiber_fault;1891;;;;
LQ-ZI-6MA;alarm_zone;1892;;;;
LQ-ZI-6MA;fiber_fault;1893;;;;
LQ-ZI-5MA;alarm_zone;1894;;;;
LQ-ZI-5MA;fiber_fault;1895;;;;
LQ-ZI-4MA;alarm_zone;1896;;;;
LQ-ZI-4MA;fiber_fault;1897;;;;
LQ-ZI-3MA;alarm_zone;1898;;;;
LQ-ZI-3MA;fiber_fault;1899;;;;
LQ-ZI-2MA;alarm_zone;1900;;;;
LQ-ZI-2MA;fiber_fault;1901;;;;
LQ-ZI-1MA;alarm_zone;1902;;;;
LQ-ZI-1MA;fiber_fault;1903;;;;
NG-ZI-1CA;alarm_zone;1904;;;;
NG-ZI-1CA;fiber_fault;1905;;;;
NG-ZI-2CA;alarm_zone;1906;;;;
NG-ZI-2CA;fiber_fault;1907;;;;
NG-ZI-3CA;alarm_zone;1908;;;;
NG-ZI-3CA;fiber_fault;1909;;;;
NG-ZI-4CA;alarm_zone;1910;;;;
NG-ZI-4CA;fiber_fault;1911;;;;
NG-ZI-5CA;alarm_zone;1912;;;;
NG-ZI-5CA;fiber_fault;1913;;;;
NG-ZI-6CA;alarm_zone;1914;;;;
NG-ZI-6CA;fiber_fault;1915;;;;
NG-ZI-7CA;alarm_zone;1916;;;;
NG-ZI-7CA;fiber_fault;1917;;;;
NG-ZI-8CA;alarm_zone;1918;;;;
NG-ZI-8CA;fiber_fault;1919;;;;
NG-ZI-9CA;alarm_zone;1920;;;;
NG-ZI-9CA;fiber_fault;1921;;;;
NG-ZI-8MA;alarm_zone;1922;;;;
NG-ZI-8MA;fiber_fault;1923;;;;
NG-ZI-7MA;alarm_zone;1924;;;;
NG-ZI-7MA;fiber_fault;1925;;;;
NG-ZI-6MA;alarm_zone;1926;;;;
NG-ZI-6MA;fiber_fault;1927;;;;
NG-ZI-5MA;alarm_zone;1928;;;;
NG-ZI-5MA;fiber_fault;1929;;;;
NG-ZI-4MA;alarm_zone;1930;;;;
NG-ZI-4MA;fiber_fault;1931;;;;
NG-ZI-3MA;alarm_zone;1932;;;;
NG-ZI-3MA;fiber_fault;1933;;;;
NG-ZI-2MA;alarm_zone;1934;;;;
NG-ZI-2MA;fiber_fault;1935;;;;
NG-ZI-1MA;alarm_zone;1936;;;;
NG-ZI-1MA;fiber_fault;1937;;;;
COR-ZI-12CA;alarm_zone;1938;;;;
COR-ZI-12CA;fiber_fault;1939;;;;
COR-ZI-11CA;alarm_zone;1940;;;;
COR-ZI-11CA;fiber_fault;1941;;;;
COR-ZI-10CA;alarm_zone;1942;;;;
COR-ZI-10CA;fiber_fault;1943;;;;
COR-ZI-9CA;alarm_zone;1944;;;;
COR-ZI-9CA;fiber_fault;1945;;;;
COR-ZI-8CA;alarm_zone;1946;;;;
COR-ZI-8CA;fiber_fault;1947;;;;
COR-ZI-7CA;alarm_zone;1948;;;;
COR-ZI-7CA;fiber_fault;1949;;;;
COR-ZI-6CA;alarm_zone;1950;;;;
COR-ZI-6CA;fiber_fault;1951;;;;
COR-ZI-5CA;alarm_zone;1952;;;;
COR-ZI-5CA;fiber_fault;1953;;;;
COR-ZI-4CA;alarm_zone;1954;;;;
COR-ZI-4CA;fiber_fault;1955;;;;
COR-ZI-3CA;alarm_zone;1956;;;;
COR-ZI-3CA;fiber_fault;1957;;;;
COR-ZI-2CA;alarm_zone;1958;;;;
COR-ZI-2CA;fiber_fault;1959;;;;
COR-ZI-1CA;alarm_zone;1960;;;;
COR-ZI-1CA;fiber_fault;1961;;;;
COR-ZI-1MA;alarm_zone;1962;;;;
COR-ZI-1MA;fiber_fault;1963;;;;
COR-ZI-2MA;alarm_zone;1964;;;;
COR-ZI-2MA;fiber_fault;1965;;;;
COR-ZI-3MA;alarm_zone;1966;;;;
COR-ZI-3MA;fiber_fault;1967;;;;
COR-ZI-4MA;alarm_zone;1968;;;;
COR-ZI-4MA;fiber_fault;1969;;;;
COR-ZI-5MA;alarm_zone;1970;;;;
COR-ZI-5MA;fiber_fault;1971;;;;
COR-ZI-6MA;alarm_zone;1972;;;;
COR-ZI-6MA;fiber_fault;1973;;;;
COR-ZI-7MA;alarm_zone;1974;;;;
COR-ZI-7MA;fiber_fault;1975;;;;
COR-ZI-8MA;alarm_zone;1976;;;;
COR-ZI-8MA;fiber_fault;1977;;;;
COR-ZI-9MA;alarm_zone;1978;;;;
COR-ZI-9MA;fiber_fault;1979;;;;
COR-ZI-10MA;alarm_zone;1980;;;;
COR-ZI-10MA;fiber_fault;1981;;;;
COR-ZI-11MA;alarm_zone;1982;;;;
COR-ZI-11MA;fiber_fault;1983;;;;
COR-ZI-12MA;alarm_zone;1984;;;;
COR-ZI-12MA;fiber_fault;1985;;;;
RESERVED;RESERVED;1986;;;;
RESERVED;RESERVED;1987;;;;
RESERVED;RESERVED;1988;;;;
RESERVED;RESERVED;1989;;;;
RESERVED;RESERVED;1990;;;;
RESERVED;RESERVED;1991;;;;
RV-ANI-1CA;alarm_sensor;1992;;;;
RV-ANI-1CA;alarm_fa;1993;;;;
RV-ANI-1MA;alarm_sensor;1994;;;;
RV-ANI-1MA;alarm_fa;1995;;;;
MM-ANI-1CA;alarm_sensor;1996;;;;
MM-ANI-1CA;alarm_fa;1997;;;;
MM-ANI-2CA;alarm_sensor;1998;;;;
MM-ANI-2CA;alarm_fa;1999;;;;
MM-ANI-1MA;alarm_sensor;2000;;;;
MM-ANI-1MA;alarm_fa;2001;;;;
MM-ANI-2MA;alarm_sensor;2002;;;;
MM-ANI-2MA;alarm_fa;2003;;;;
LQ-ANI-1CA;alarm_sensor;2004;;;;
LQ-ANI-1CA;alarm_fa;2005;;;;
LQ-ANI-2CA;alarm_sensor;2006;;;;
LQ-ANI-2CA;alarm_fa;2007;;;;
LQ-ANI-3CA;alarm_sensor;2008;;;;
LQ-ANI-3CA;alarm_fa;2009;;;;
LQ-ANI-1MA;alarm_sensor;2010;;;;
LQ-ANI-1MA;alarm_fa;2011;;;;
LQ-ANI-2MA;alarm_sensor;2012;;;;
LQ-ANI-2MA;alarm_fa;2013;;;;
LQ-ANI-3MA;alarm_sensor;2014;;;;
LQ-ANI-3MA;alarm_fa;2015;;;;
CH-ANE-1CA;alarm_sensor;2016;;;;
CH-ANE-1CA;alarm_fa;2017;;;;
CH-ANE-2CA;alarm_sensor;2018;;;;
CH-ANE-2CA;alarm_fa;2019;;;;
CH-ANE-1MA;alarm_sensor;2020;;;;
CH-ANE-1MA;alarm_fa;2021;;;;
CH-ANE-2MA;alarm_sensor;2022;;;;
CH-ANE-2MA;alarm_fa;2023;;;;
CAS-ANE-1MA;alarm_sensor;2024;;;;
CAS-ANE-1MA;alarm_fa;2025;;;;
CAS-ANE-2MA;alarm_sensor;2026;;;;
CAS-ANE-2MA;alarm_fa;2027;;;;
CAS-ANE-3MA;alarm_sensor;2028;;;;
CAS-ANE-3MA;alarm_fa;2029;;;;
CAS-ANE-1CA;alarm_sensor;2030;;;;
CAS-ANE-1CA;alarm_fa;2031;;;;
CAS-ANE-2CA;alarm_sensor;2032;;;;
CAS-ANE-2CA;alarm_fa;2033;;;;
CAS-ANE-3CA;alarm_sensor;2034;;;;
CAS-ANE-3CA;alarm_fa;2035;;;;
COR-ANE-1MA;alarm_sensor;2036;;;;
COR-ANE-1MA;alarm_fa;2037;;;;
COR-ANE-2MA;alarm_sensor;2038;;;;
COR-ANE-2MA;alarm_fa;2039;;;;
COR-ANE-3MA;alarm_sensor;2040;;;;
COR-ANE-3MA;alarm_fa;2041;;;;
COR-ANE-1CA;alarm_sensor;2042;;;;
COR-ANE-1CA;alarm_fa;2043;;;;
COR-ANE-2CA;alarm_sensor;2044;;;;
COR-ANE-2CA;alarm_fa;2045;;;;
COR-ANE-3CA;alarm_sensor;2046;;;;
COR-ANE-3CA;alarm_fa;2047;;;;
STM2-ANE-1MA;alarm_sensor;2048;;;;
STM2-ANE-1MA;alarm_fa;2049;;;;
STM2-ANE-2MA;alarm_sensor;2050;;;;
STM2-ANE-2MA;alarm_fa;2051;;;;
STM2-ANE-1CA;alarm_sensor;2052;;;;
STM2-ANE-1CA;alarm_fa;2053;;;;
STM2-ANE-2CA;alarm_sensor;2054;;;;
STM2-ANE-2CA;alarm_fa;2055;;;;
NG-ANE-1MA;alarm_sensor;2056;;;;
NG-ANE-1MA;alarm_fa;2057;;;;
NG-ANE-2MA;alarm_sensor;2058;;;;
NG-ANE-2MA;alarm_fa;2059;;;;
NG-ANE-1CA;alarm_sensor;2060;;;;
NG-ANE-1CA;alarm_fa;2061;;;;
NG-ANE-2CA;alarm_sensor;2062;;;;
NG-ANE-2CA;alarm_fa;2063;;;;
RESERVED;RESERVED;2064;;;;
RESERVED;RESERVED;2065;;;;
RESERVED;RESERVED;2066;;;;
RESERVED;RESERVED;2067;;;;
RESERVED;RESERVED;2068;;;;
RESERVED;RESERVED;2069;;;;
RESERVED;RESERVED;2070;;;;
RESERVED;RESERVED;2071;;;;
RV-CO-1CA;alarm_sensor;2072;;;;
RV-CO-1CA;alarm_fa;2073;;;;
RV-CO-1MA;alarm_sensor;2074;;;;
RV-CO-1MA;alarm_fa;2075;;;;
MM-CO-1CA;alarm_sensor;2076;;;;
MM-CO-1CA;alarm_fa;2077;;;;
MM-CO-2CA;alarm_sensor;2078;;;;
MM-CO-2CA;alarm_fa;2079;;;;
MM-CO-3CA;alarm_sensor;2080;;;;
MM-CO-3CA;alarm_fa;2081;;;;
MM-CO-1MA;alarm_sensor;2082;;;;
MM-CO-1MA;alarm_fa;2083;;;;
MM-CO-2MA;alarm_sensor;2084;;;;
MM-CO-2MA;alarm_fa;2085;;;;
MM-CO-3MA;alarm_sensor;2086;;;;
MM-CO-3MA;alarm_fa;2087;;;;
LQ-CO-1CA;alarm_sensor;2088;;;;
LQ-CO-1CA;alarm_fa;2089;;;;
LQ-CO-2CA;alarm_sensor;2090;;;;
LQ-CO-2CA;alarm_fa;2091;;;;
LQ-CO-3CA;alarm_sensor;2092;;;;
LQ-CO-3CA;alarm_fa;2093;;;;
LQ-CO-4CA;alarm_sensor;2094;;;;
LQ-CO-4CA;alarm_fa;2095;;;;
LQ-CO-5CA;alarm_sensor;2096;;;;
LQ-CO-5CA;alarm_fa;2097;;;;
LQ-CO-1MA;alarm_sensor;2098;;;;
LQ-CO-1MA;alarm_fa;2099;;;;
LQ-CO-2MA;alarm_sensor;2100;;;;
LQ-CO-2MA;alarm_fa;2101;;;;
LQ-CO-3MA;alarm_sensor;2102;;;;
LQ-CO-3MA;alarm_fa;2103;;;;
LQ-CO-4MA;alarm_sensor;2104;;;;
LQ-CO-4MA;alarm_fa;2105;;;;
CH-CO-1CA;alarm_sensor;2106;;;;
CH-CO-1CA;alarm_fa;2107;;;;
CH-CO-2CA;alarm_sensor;2108;;;;
CH-CO-2CA;alarm_fa;2109;;;;
CH-CO-3CA;alarm_sensor;2110;;;;
CH-CO-3CA;alarm_fa;2111;;;;
CH-CO-1MA;alarm_sensor;2112;;;;
CH-CO-1MA;alarm_fa;2113;;;;
CH-CO-2MA;alarm_sensor;2114;;;;
CH-CO-2MA;alarm_fa;2115;;;;
CH-CO-3MA;alarm_sensor;2116;;;;
CH-CO-3MA;alarm_fa;2117;;;;
CAS-CO-1MA;alarm_sensor;2118;;;;
CAS-CO-1MA;alarm_fa;2119;;;;
CAS-CO-2MA;alarm_sensor;2120;;;;
CAS-CO-2MA;alarm_fa;2121;;;;
CAS-CO-3MA;alarm_sensor;2122;;;;
CAS-CO-3MA;alarm_fa;2123;;;;
CAS-CO-4MA;alarm_sensor;2124;;;;
CAS-CO-4MA;alarm_fa;2125;;;;
CAS-CO-5MA;alarm_sensor;2126;;;;
CAS-CO-5MA;alarm_fa;2127;;;;
CAS-CO-6MA;alarm_sensor;2128;;;;
CAS-CO-6MA;alarm_fa;2129;;;;
CAS-CO-7MA;alarm_sensor;2130;;;;
CAS-CO-7MA;alarm_fa;2131;;;;
CAS-CO-8MA;alarm_sensor;2132;;;;
CAS-CO-8MA;alarm_fa;2133;;;;
CAS-CO-9MA;alarm_sensor;2134;;;;
CAS-CO-9MA;alarm_fa;2135;;;;
CAS-CO-10MA;alarm_sensor;2136;;;;
CAS-CO-10MA;alarm_fa;2137;;;;
CAS-CO-11MA;alarm_sensor;2138;;;;
CAS-CO-11MA;alarm_fa;2139;;;;
CAS-CO-1CA;alarm_sensor;2140;;;;
CAS-CO-1CA;alarm_fa;2141;;;;
CAS-CO-2CA;alarm_sensor;2142;;;;
CAS-CO-2CA;alarm_fa;2143;;;;
CAS-CO-3CA;alarm_sensor;2144;;;;
CAS-CO-3CA;alarm_fa;2145;;;;
CAS-CO-4CA;alarm_sensor;2146;;;;
CAS-CO-4CA;alarm_fa;2147;;;;
CAS-CO-5CA;alarm_sensor;2148;;;;
CAS-CO-5CA;alarm_fa;2149;;;;
CAS-CO-6CA;alarm_sensor;2150;;;;
CAS-CO-6CA;alarm_fa;2151;;;;
CAS-CO-7CA;alarm_sensor;2152;;;;
CAS-CO-7CA;alarm_fa;2153;;;;
CAS-CO-8CA;alarm_sensor;2154;;;;
CAS-CO-8CA;alarm_fa;2155;;;;
CAS-CO-9CA;alarm_sensor;2156;;;;
CAS-CO-9CA;alarm_fa;2157;;;;
CAS-CO-10CA;alarm_sensor;2158;;;;
CAS-CO-10CA;alarm_fa;2159;;;;
CAS-CO-11CA;alarm_sensor;2160;;;;
CAS-CO-11CA;alarm_fa;2161;;;;
COR-CO-1MA;alarm_sensor;2162;;;;
COR-CO-1MA;alarm_fa;2163;;;;
COR-CO-2MA;alarm_sensor;2164;;;;
COR-CO-2MA;alarm_fa;2165;;;;
COR-CO-3MA;alarm_sensor;2166;;;;
COR-CO-3MA;alarm_fa;2167;;;;
COR-CO-4MA;alarm_sensor;2168;;;;
COR-CO-4MA;alarm_fa;2169;;;;
COR-CO-1CA;alarm_sensor;2170;;;;
COR-CO-1CA;alarm_fa;2171;;;;
COR-CO-2CA;alarm_sensor;2172;;;;
COR-CO-2CA;alarm_fa;2173;;;;
COR-CO-3CA;alarm_sensor;2174;;;;
COR-CO-3CA;alarm_fa;2175;;;;
COR-CO-4CA;alarm_sensor;2176;;;;
COR-CO-4CA;alarm_fa;2177;;;;
STM2-CO-1MA;alarm_sensor;2178;;;;
STM2-CO-1MA;alarm_fa;2179;;;;
STM2-CO-2MA;alarm_sensor;2180;;;;
STM2-CO-2MA;alarm_fa;2181;;;;
STM2-CO-3MA;alarm_sensor;2182;;;;
STM2-CO-3MA;alarm_fa;2183;;;;
STM2-CO-1CA;alarm_sensor;2184;;;;
STM2-CO-1CA;alarm_fa;2185;;;;
STM2-CO-2CA;alarm_sensor;2186;;;;
STM2-CO-2CA;alarm_fa;2187;;;;
STM2-CO-3CA;alarm_sensor;2188;;;;
STM2-CO-3CA;alarm_fa;2189;;;;
NG-CO-1MA;alarm_sensor;2190;;;;
NG-CO-1MA;alarm_fa;2191;;;;
NG-CO-2MA;alarm_sensor;2192;;;;
NG-CO-2MA;alarm_fa;2193;;;;
NG-CO-3MA;alarm_sensor;2194;;;;
NG-CO-3MA;alarm_fa;2195;;;;
NG-CO-4MA;alarm_sensor;2196;;;;
NG-CO-4MA;alarm_fa;2197;;;;
NG-CO-5MA;alarm_sensor;2198;;;;
NG-CO-5MA;alarm_fa;2199;;;;
NG-CO-6MA;alarm_sensor;2200;;;;
NG-CO-6MA;alarm_fa;2201;;;;
NG-CO-1CA;alarm_sensor;2202;;;;
NG-CO-1CA;alarm_fa;2203;;;;
NG-CO-2CA;alarm_sensor;2204;;;;
NG-CO-2CA;alarm_fa;2205;;;;
NG-CO-3CA;alarm_sensor;2206;;;;
NG-CO-3CA;alarm_fa;2207;;;;
NG-CO-4CA;alarm_sensor;2208;;;;
NG-CO-4CA;alarm_fa;2209;;;;
NG-CO-5CA;alarm_sensor;2210;;;;
NG-CO-5CA;alarm_fa;2211;;;;
NG-CO-6CA;alarm_sensor;2212;;;;
NG-CO-6CA;alarm_fa;2213;;;;
RESERVED;RESERVED;2214;;;;
RESERVED;RESERVED;2215;;;;
RESERVED;RESERVED;2216;;;;
RESERVED;RESERVED;2217;;;;
RESERVED;RESERVED;2218;;;;
RESERVED;RESERVED;2219;;;;
RESERVED;RESERVED;2220;;;;
RESERVED;RESERVED;2221;;;;
RV-NO-1CA;alarm_sensor;2222;;;;
RV-NO-1CA;alarm_fa;2223;;;;
RV-NO-1MA;alarm_sensor;2224;;;;
RV-NO-1MA;alarm_fa;2225;;;;
MM-NO-1CA;alarm_sensor;2226;;;;
MM-NO-1CA;alarm_fa;2227;;;;
MM-NO-2CA;alarm_sensor;2228;;;;
MM-NO-2CA;alarm_fa;2229;;;;
MM-NO-3CA;alarm_sensor;2230;;;;
MM-NO-3CA;alarm_fa;2231;;;;
MM-NO-1MA;alarm_sensor;2232;;;;
MM-NO-1MA;alarm_fa;2233;;;;
MM-NO-2MA;alarm_sensor;2234;;;;
MM-NO-2MA;alarm_fa;2235;;;;
MM-NO-3MA;alarm_sensor;2236;;;;
MM-NO-3MA;alarm_fa;2237;;;;
LQ-NO-1CA;alarm_sensor;2238;;;;
LQ-NO-1CA;alarm_fa;2239;;;;
LQ-NO-2CA;alarm_sensor;2240;;;;
LQ-NO-2CA;alarm_fa;2241;;;;
LQ-NO-3CA;alarm_sensor;2242;;;;
LQ-NO-3CA;alarm_fa;2243;;;;
LQ-NO-4CA;alarm_sensor;2244;;;;
LQ-NO-4CA;alarm_fa;2245;;;;
LQ-NO-5CA;alarm_sensor;2246;;;;
LQ-NO-5CA;alarm_fa;2247;;;;
LQ-NO-1MA;alarm_sensor;2248;;;;
LQ-NO-1MA;alarm_fa;2249;;;;
LQ-NO-2MA;alarm_sensor;2250;;;;
LQ-NO-2MA;alarm_fa;2251;;;;
LQ-NO-3MA;alarm_sensor;2252;;;;
LQ-NO-3MA;alarm_fa;2253;;;;
LQ-NO-4MA;alarm_sensor;2254;;;;
LQ-NO-4MA;alarm_fa;2255;;;;
CH-NO-1CA;alarm_sensor;2256;;;;
CH-NO-1CA;alarm_fa;2257;;;;
CH-NO-2CA;alarm_sensor;2258;;;;
CH-NO-2CA;alarm_fa;2259;;;;
CH-NO-3CA;alarm_sensor;2260;;;;
CH-NO-3CA;alarm_fa;2261;;;;
CH-NO-1MA;alarm_sensor;2262;;;;
CH-NO-1MA;alarm_fa;2263;;;;
CH-NO-2MA;alarm_sensor;2264;;;;
CH-NO-2MA;alarm_fa;2265;;;;
CH-NO-3MA;alarm_sensor;2266;;;;
CH-NO-3MA;alarm_fa;2267;;;;
CAS-NO-1MA;alarm_sensor;2268;;;;
CAS-NO-1MA;alarm_fa;2269;;;;
CAS-NO-2MA;alarm_sensor;2270;;;;
CAS-NO-2MA;alarm_fa;2271;;;;
CAS-NO-3MA;alarm_sensor;2272;;;;
CAS-NO-3MA;alarm_fa;2273;;;;
CAS-NO-4MA;alarm_sensor;2274;;;;
CAS-NO-4MA;alarm_fa;2275;;;;
CAS-NO-5MA;alarm_sensor;2276;;;;
CAS-NO-5MA;alarm_fa;2277;;;;
CAS-NO-1CA;alarm_sensor;2278;;;;
CAS-NO-1CA;alarm_fa;2279;;;;
CAS-NO-2CA;alarm_sensor;2280;;;;
CAS-NO-2CA;alarm_fa;2281;;;;
CAS-NO-3CA;alarm_sensor;2282;;;;
CAS-NO-3CA;alarm_fa;2283;;;;
CAS-NO-4CA;alarm_sensor;2284;;;;
CAS-NO-4CA;alarm_fa;2285;;;;
CAS-NO-5CA;alarm_sensor;2286;;;;
CAS-NO-5CA;alarm_fa;2287;;;;
COR-NO-1MA;alarm_sensor;2288;;;;
COR-NO-1MA;alarm_fa;2289;;;;
COR-NO-2MA;alarm_sensor;2290;;;;
COR-NO-2MA;alarm_fa;2291;;;;
COR-NO-3MA;alarm_sensor;2292;;;;
COR-NO-3MA;alarm_fa;2293;;;;
COR-NO-4MA;alarm_sensor;2294;;;;
COR-NO-4MA;alarm_fa;2295;;;;
COR-NO-1CA;alarm_sensor;2296;;;;
COR-NO-1CA;alarm_fa;2297;;;;
COR-NO-2CA;alarm_sensor;2298;;;;
COR-NO-2CA;alarm_fa;2299;;;;
COR-NO-3CA;alarm_sensor;2300;;;;
COR-NO-3CA;alarm_fa;2301;;;;
COR-NO-4CA;alarm_sensor;2302;;;;
COR-NO-4CA;alarm_fa;2303;;;;
STM2-NO-1MA;alarm_sensor;2304;;;;
STM2-NO-1MA;alarm_fa;2305;;;;
STM2-NO-2MA;alarm_sensor;2306;;;;
STM2-NO-2MA;alarm_fa;2307;;;;
STM2-NO-3MA;alarm_sensor;2308;;;;
STM2-NO-3MA;alarm_fa;2309;;;;
STM2-NO-1CA;alarm_sensor;2310;;;;
STM2-NO-1CA;alarm_fa;2311;;;;
STM2-NO-2CA;alarm_sensor;2312;;;;
STM2-NO-2CA;alarm_fa;2313;;;;
STM2-NO-3CA;alarm_sensor;2314;;;;
STM2-NO-3CA;alarm_fa;2315;;;;
NG-NO-1MA;alarm_sensor;2316;;;;
NG-NO-1MA;alarm_fa;2317;;;;
NG-NO-2MA;alarm_sensor;2318;;;;
NG-NO-2MA;alarm_fa;2319;;;;
NG-NO-3MA;alarm_sensor;2320;;;;
NG-NO-3MA;alarm_fa;2321;;;;
NG-NO-1CA;alarm_sensor;2322;;;;
NG-NO-1CA;alarm_fa;2323;;;;
NG-NO-2CA;alarm_sensor;2324;;;;
NG-NO-2CA;alarm_fa;2325;;;;
NG-NO-3CA;alarm_sensor;2326;;;;
NG-NO-3CA;alarm_fa;2327;;;;
RESERVED;RESERVED;2328;;;;
RESERVED;RESERVED;2329;;;;
RESERVED;RESERVED;2330;;;;
RESERVED;RESERVED;2331;;;;
RV-OPC-1CA;alarm_sensor;2332;;;;
RV-OPC-1CA;alarm_fa;2333;;;;
RV-OPC-1MA;alarm_sensor;2334;;;;
RV-OPC-1MA;alarm_fa;2335;;;;
MM-OPC-1CA;alarm_sensor;2336;;;;
MM-OPC-1CA;alarm_fa;2337;;;;
MM-OPC-2CA;alarm_sensor;2338;;;;
MM-OPC-2CA;alarm_fa;2339;;;;
MM-OPC-3CA;alarm_sensor;2340;;;;
MM-OPC-3CA;alarm_fa;2341;;;;
MM-OPC-1MA;alarm_sensor;2342;;;;
MM-OPC-1MA;alarm_fa;2343;;;;
MM-OPC-2MA;alarm_sensor;2344;;;;
MM-OPC-2MA;alarm_fa;2345;;;;
MM-OPC-3MA;alarm_sensor;2346;;;;
MM-OPC-3MA;alarm_fa;2347;;;;
LQ-OPC-1CA;alarm_sensor;2348;;;;
LQ-OPC-1CA;alarm_fa;2349;;;;
LQ-OPC-2CA;alarm_sensor;2350;;;;
LQ-OPC-2CA;alarm_fa;2351;;;;
LQ-OPC-3CA;alarm_sensor;2352;;;;
LQ-OPC-3CA;alarm_fa;2353;;;;
LQ-OPC-4CA;alarm_sensor;2354;;;;
LQ-OPC-4CA;alarm_fa;2355;;;;
LQ-OPC-5CA;alarm_sensor;2356;;;;
LQ-OPC-5CA;alarm_fa;2357;;;;
LQ-OPC-1MA;alarm_sensor;2358;;;;
LQ-OPC-1MA;alarm_fa;2359;;;;
LQ-OPC-2MA;alarm_sensor;2360;;;;
LQ-OPC-2MA;alarm_fa;2361;;;;
LQ-OPC-3MA;alarm_sensor;2362;;;;
LQ-OPC-3MA;alarm_fa;2363;;;;
LQ-OPC-4MA;alarm_sensor;2364;;;;
LQ-OPC-4MA;alarm_fa;2365;;;;
CH-OPC-1CA;alarm_sensor;2366;;;;
CH-OPC-1CA;alarm_fa;2367;;;;
CH-OPC-2CA;alarm_sensor;2368;;;;
CH-OPC-2CA;alarm_fa;2369;;;;
CH-OPC-3CA;alarm_sensor;2370;;;;
CH-OPC-3CA;alarm_fa;2371;;;;
CH-OPC-1MA;alarm_sensor;2372;;;;
CH-OPC-1MA;alarm_fa;2373;;;;
CH-OPC-2MA;alarm_sensor;2374;;;;
CH-OPC-2MA;alarm_fa;2375;;;;
CH-OPC-3MA;alarm_sensor;2376;;;;
CH-OPC-3MA;alarm_fa;2377;;;;
CAS-OPC-1MA;alarm_sensor;2378;;;;
CAS-OPC-1MA;alarm_fa;2379;;;;
CAS-OPC-2MA;alarm_sensor;2380;;;;
CAS-OPC-2MA;alarm_fa;2381;;;;
CAS-OPC-3MA;alarm_sensor;2382;;;;
CAS-OPC-3MA;alarm_fa;2383;;;;
CAS-OPC-4MA;alarm_sensor;2384;;;;
CAS-OPC-4MA;alarm_fa;2385;;;;
CAS-OPC-5MA;alarm_sensor;2386;;;;
CAS-OPC-5MA;alarm_fa;2387;;;;
CAS-OPC-1CA;alarm_sensor;2388;;;;
CAS-OPC-1CA;alarm_fa;2389;;;;
CAS-OPC-2CA;alarm_sensor;2390;;;;
CAS-OPC-2CA;alarm_fa;2391;;;;
CAS-OPC-3CA;alarm_sensor;2392;;;;
CAS-OPC-3CA;alarm_fa;2393;;;;
CAS-OPC-4CA;alarm_sensor;2394;;;;
CAS-OPC-4CA;alarm_fa;2395;;;;
CAS-OPC-5CA;alarm_sensor;2396;;;;
CAS-OPC-5CA;alarm_fa;2397;;;;
COR-OPC-1MA;alarm_sensor;2398;;;;
COR-OPC-1MA;alarm_fa;2399;;;;
COR-OPC-2MA;alarm_sensor;2400;;;;
COR-OPC-2MA;alarm_fa;2401;;;;
COR-OPC-3MA;alarm_sensor;2402;;;;
COR-OPC-3MA;alarm_fa;2403;;;;
COR-OPC-4MA;alarm_sensor;2404;;;;
COR-OPC-4MA;alarm_fa;2405;;;;
COR-OPC-1CA;alarm_sensor;2406;;;;
COR-OPC-1CA;alarm_fa;2407;;;;
COR-OPC-2CA;alarm_sensor;2408;;;;
COR-OPC-2CA;alarm_fa;2409;;;;
COR-OPC-3CA;alarm_sensor;2410;;;;
COR-OPC-3CA;alarm_fa;2411;;;;
COR-OPC-4CA;alarm_sensor;2412;;;;
COR-OPC-4CA;alarm_fa;2413;;;;
STM2-OPC-1MA;alarm_sensor;2414;;;;
STM2-OPC-1MA;alarm_fa;2415;;;;
STM2-OPC-2MA;alarm_sensor;2416;;;;
STM2-OPC-2MA;alarm_fa;2417;;;;
STM2-OPC-3MA;alarm_sensor;2418;;;;
STM2-OPC-3MA;alarm_fa;2419;;;;
STM2-OPC-1CA;alarm_sensor;2420;;;;
STM2-OPC-1CA;alarm_fa;2421;;;;
STM2-OPC-2CA;alarm_sensor;2422;;;;
STM2-OPC-2CA;alarm_fa;2423;;;;
STM2-OPC-3CA;alarm_sensor;2424;;;;
STM2-OPC-3CA;alarm_fa;2425;;;;
NG-OPC-1MA;alarm_sensor;2426;;;;
NG-OPC-1MA;alarm_fa;2427;;;;
NG-OPC-2MA;alarm_sensor;2428;;;;
NG-OPC-2MA;alarm_fa;2429;;;;
NG-OPC-3MA;alarm_sensor;2430;;;;
NG-OPC-3MA;alarm_fa;2431;;;;
NG-OPC-1CA;alarm_sensor;2432;;;;
NG-OPC-1CA;alarm_fa;2433;;;;
NG-OPC-2CA;alarm_sensor;2434;;;;
NG-OPC-2CA;alarm_fa;2435;;;;
NG-OPC-3CA;alarm_sensor;2436;;;;
NG-OPC-3CA;alarm_fa;2437;;;;
RESERVED;RESERVED;2438;;;;
RESERVED;RESERVED;2439;;;;
RESERVED;RESERVED;2440;;;;
RESERVED;RESERVED;2441;;;;
MM-CUAD-PRES-GAL-CA;alarm_emergency_button;2442;;;;
MM-CUAD-PRES-GAL-MA;alarm_emergency_button;2443;;;;
CH-CUAD-PRES-GAL-CA;alarm_emergency_button;2444;;;;
CH-CUAD-PRES-GAL-MA;alarm_emergency_button;2445;;;;
CAS-CUAD-PRES-GAL-1CA;alarm_emergency_button;2446;;;;
CAS-CUAD-PRES-GAL-1MA;alarm_emergency_button;2447;;;;
CAS-CUAD-PRES-GAL-2CA;alarm_emergency_button;2448;;;;
CAS-CUAD-PRES-GAL-2MA;alarm_emergency_button;2449;;;;
COR-CUAD-PRES-GAL-1MA;alarm_emergency_button;2450;;;;
COR-CUAD-PRES-GAL-1CA;alarm_emergency_button;2451;;;;
COR-CUAD-PRES-GAL-2MA;alarm_emergency_button;2452;;;;
COR-CUAD-PRES-GAL-2CA;alarm_emergency_button;2453;;;;
COR-CUAD-PRES-GAL-3MA;alarm_emergency_button;2454;;;;
COR-CUAD-PRES-GAL-3CA;alarm_emergency_button;2455;;;;
NG-CUAD-PRES-GAL-CA;alarm_emergency_button;2456;;;;
NG-CUAD-PRES-GAL-MA;alarm_emergency_button;2457;;;;
STM2-CUAD-PRES-GAL-CA;alarm_emergency_button;2458;;;;
STM2-CUAD-PRES-GAL-MA;alarm_emergency_button;2459;;;;
LQ-CUAD-PRES-GAL-CA;alarm_emergency_button;2460;;;;
LQ-CUAD-PRES-GAL-MA;alarm_emergency_button;2461;;;;
RESERVED;RESERVED;2462;;;;
RESERVED;RESERVED;2463;;;;
RESERVED;RESERVED;2464;;;;
RESERVED;RESERVED;2465;;;;
RESERVED;RESERVED;2466;;;;
RV-TRAFO-MT-T154;fail_trafo;2467;;;;
RV-TRAFO-MT-T154;excess_windings_temperature;2468;;;;
MM-TRAFO-MT-T154;fail_trafo;2469;;;;
MM-TRAFO-MT-T154;excess_windings_temperature;2470;;;;
LQ-TRAFO-MT-T154;fail_trafo;2471;;;;
LQ-TRAFO-MT-T154;excess_windings_temperature;2472;;;;
CH-TRAFO-MT-T154;fail_trafo;2473;;;;
CH-TRAFO-MT-T154;excess_windings_temperature;2474;;;;
CAS-TRAFO-MT-T154-BC;fail_trafo;2475;;;;
CAS-TRAFO-MT-T154-BC;excess_windings_temperature;2476;;;;
CAS-TRAFO-MT-T154-BM;fail_trafo;2477;;;;
CAS-TRAFO-MT-T154-BM;excess_windings_temperature;2478;;;;
STM2-TRAFO-MT-T154;fail_trafo;2479;;;;
STM2-TRAFO-MT-T154;excess_windings_temperature;2480;;;;
COR-TRAFO-MT-T154-BC;fail_trafo;2481;;;;
COR-TRAFO-MT-T154-BC;excess_windings_temperature;2482;;;;
COR-TRAFO-MT-T154-BM;fail_trafo;2483;;;;
COR-TRAFO-MT-T154-BM;excess_windings_temperature;2484;;;;
RESERVED;RESERVED;2485;;;;
RESERVED;RESERVED;2486;;;;
RESERVED;RESERVED;2487;;;;
RESERVED;RESERVED;2488;;;;
RESERVED;RESERVED;2489;;;;
RESERVED;RESERVED;2490;;;;
RESERVED;RESERVED;2491;;;;
RV-CITS-1;alarm_air_conditioner;2492;;;;
RV-CITS-1;alarm_door_open;2493;;;;
RV-CBT;alarm_air_conditioner;2494;;;;
RV-CBT;alarm_door_open;2495;;;;
RV-CGBT-1;alarm_air_conditioner;2496;;;;
RV-CGBT-1;alarm_door_open;2497;;;;
RV-CPCI-1;alarm_air_conditioner;2498;;;;
RV-CPCI-1;alarm_door_open;2499;;;;
MM-CITS-1;alarm_air_conditioner;2500;;;;
MM-CITS-1;alarm_door_open;2501;;;;
MM-CGBT-1;alarm_air_conditioner;2502;;;;
MM-CGBT-1;alarm_door_open;2503;;;;
MM-CPCI-1;alarm_air_conditioner;2504;;;;
MM-CPCI-1;alarm_door_open;2505;;;;
STMI-CITS-1;alarm_air_conditioner;2506;;;;
STMI-CITS-1;alarm_door_open;2507;;;;
STMI-CGBT-1;alarm_air_conditioner;2508;;;;
STMI-CGBT-1;alarm_door_open;2509;;;;
CAS-PCI-BC;alarm_air_conditioner;2510;;;;
CAS-PCI-BC;alarm_door_open;2511;;;;
CAS-CGBT-BC;alarm_air_conditioner;2512;;;;
CAS-CGBT-BC;alarm_door_open;2513;;;;
CAS-CITS-BC;alarm_air_conditioner;2514;;;;
CAS-CITS-BC;alarm_door_open;2515;;;;
CAS-CGBT-BM;alarm_air_conditioner;2516;;;;
CAS-CGBT-BM;alarm_door_open;2517;;;;
CAS-CITS-BM;alarm_air_conditioner;2518;;;;
CAS-CITS-BM;alarm_door_open;2519;;;;
CH-CGBT-1;alarm_air_conditioner;2520;;;;
CH-CGBT-1;alarm_door_open;2521;;;;
CH-CITS-1;alarm_air_conditioner;2522;;;;
CH-CITS-1;alarm_door_open;2523;;;;
CH-CPCI-1;alarm_air_conditioner;2524;;;;
CH-CPCI-1;alarm_door_open;2525;;;;
COR-PCI-BC;alarm_air_conditioner;2526;;;;
COR-PCI-BC;alarm_door_open;2527;;;;
COR-CGBT-BC;alarm_air_conditioner;2528;;;;
COR-CGBT-BC;alarm_door_open;2529;;;;
COR-CITS-BC;alarm_air_conditioner;2530;;;;
COR-CITS-BC;alarm_door_open;2531;;;;
COR-CITS-BM;alarm_air_conditioner;2532;;;;
COR-CITS-BM;alarm_door_open;2533;;;;
COR-CGBT-BM;alarm_air_conditioner;2534;;;;
COR-CGBT-BM;alarm_door_open;2535;;;;
LQ-CGBT-1;alarm_air_conditioner;2536;;;;
LQ-CGBT-1;alarm_door_open;2537;;;;
LQ-CITS-1;alarm_air_conditioner;2538;;;;
LQ-CITS-1;alarm_door_open;2539;;;;
LQ-PCI-1;alarm_air_conditioner;2540;;;;
LQ-PCI-1;alarm_door_open;2541;;;;
EST-CITS-1;alarm_air_conditioner;2542;;;;
EST-CITS-1;alarm_door_open;2543;;;;
EST-CGBT-1;alarm_air_conditioner;2544;;;;
EST-CGBT-1;alarm_door_open;2545;;;;
STM2-CITS-BC;alarm_air_conditioner;2546;;;;
STM2-CITS-BC;alarm_door_open;2547;;;;
STM2-CGBT-BC;alarm_air_conditioner;2548;;;;
STM2-CGBT-BC;alarm_door_open;2549;;;;
NG-CITS-BM;alarm_air_conditioner;2550;;;;
NG-CITS-BM;alarm_door_open;2551;;;;
NG-CPCI-BM;alarm_air_conditioner;2552;;;;
NG-CPCI-BM;alarm_door_open;2553;;;;
NG-CGBT-BM;alarm_air_conditioner;2554;;;;
NG-CGBT-BM;alarm_door_open;2555;;;;
NG-CITS-BC;alarm_air_conditioner;2556;;;;
NG-CITS-BC;alarm_door_open;2557;;;;
MM-CBT;alarm_air_conditioner;2558;;;;
MM-CBT;alarm_door_open;2559;;;;
STMI-CBT;alarm_air_conditioner;2560;;;;
STMI-CBT;alarm_door_open;2561;;;;
CAS-CBT;alarm_air_conditioner;2562;;;;
CAS-CBT;alarm_door_open;2563;;;;
CH-CBT;alarm_air_conditioner;2564;;;;
CH-CBT;alarm_door_open;2565;;;;
COR-CBT;alarm_air_conditioner;2566;;;;
COR-CBT;alarm_door_open;2567;;;;
LQ-CBT;alarm_air_conditioner;2568;;;;
LQ-CBT;alarm_door_open;2569;;;;
EST-CBT;alarm_air_conditioner;2570;;;;
EST-CBT;alarm_door_open;2571;;;;
STM2-CBT;alarm_air_conditioner;2572;;;;
STM2-CBT;alarm_door_open;2573;;;;
NG-CBT;alarm_air_conditioner;2574;;;;
NG-CBT;alarm_door_open;2575;;;;
RESERVED;RESERVED;2576;;;;
RESERVED;RESERVED;2577;;;;
RESERVED;RESERVED;2578;;;;
RESERVED;RESERVED;2579;;;;
RESERVED;RESERVED;2580;;;;
RESERVED;RESERVED;2581;;;;
RV-CT-ITS-PULS-1;alarm;2582;;;;
RV-CT-ITS-PULS-1;fail;2583;;;;
RV-CT-CGBT-PULS-1;alarm;2584;;;;
RV-CT-CGBT-PULS-1;fail;2585;;;;
RV-CT-PCI-PULS-1;alarm;2586;;;;
RV-CT-PCI-PULS-1;fail;2587;;;;
MM-CT-ITS-PULS-1;alarm;2588;;;;
MM-CT-ITS-PULS-1;fail;2589;;;;
MM-CT-CGBT-PULS-1;alarm;2590;;;;
MM-CT-CGBT-PULS-1;fail;2591;;;;
MM-CT-PCI-PULS-1;alarm;2592;;;;
MM-CT-PCI-PULS-1;fail;2593;;;;
STMI-CT-ITS-PULS-1;alarm;2594;;;;
STMI-CT-ITS-PULS-1;fail;2595;;;;
STMI-CT-CGBT-PULS-1;alarm;2596;;;;
STMI-CT-CGBT-PULS-1;fail;2597;;;;
CAS-CT-PCI-PULS-1;alarm;2598;;;;
CAS-CT-PCI-PULS-1;fail;2599;;;;
CAS-CT-CGBT-BC-PULS-1;alarm;2600;;;;
CAS-CT-CGBT-BC-PULS-1;fail;2601;;;;
CAS-CT-ITS-BC-PULS-1;alarm;2602;;;;
CAS-CT-ITS-BC-PULS-1;fail;2603;;;;
CAS-CT-CGBT-BM-PULS-1;alarm;2604;;;;
CAS-CT-CGBT-BM-PULS-1;fail;2605;;;;
CAS-CT-ITS-BM-PULS-1;alarm;2606;;;;
CAS-CT-ITS-BM-PULS-1;fail;2607;;;;
CH-CT-CGBT-PULS-1;alarm;2608;;;;
CH-CT-CGBT-PULS-1;fail;2609;;;;
CH-CT-ITS-PULS-1;alarm;2610;;;;
CH-CT-ITS-PULS-1;fail;2611;;;;
CH-CT-PCI-PULS-1;alarm;2612;;;;
CH-CT-PCI-PULS-1;fail;2613;;;;
EST-CT-CGBT-PULS-1;alarm;2614;;;;
EST-CT-CGBT-PULS-1;fail;2615;;;;
EST-CT-ITS-PULS-1;alarm;2616;;;;
EST-CT-ITS-PULS-1;fail;2617;;;;
STM2-CT-CGBT-PULS-1;alarm;2618;;;;
STM2-CT-CGBT-PULS-1;fail;2619;;;;
STM2-CT-ITS-PULS-1;alarm;2620;;;;
STM2-CT-ITS-PULS-1;fail;2621;;;;
LQ-CT-CGBT-PULS-1;alarm;2622;;;;
LQ-CT-CGBT-PULS-1;fail;2623;;;;
LQ-CT-ITS-PULS-1;alarm;2624;;;;
LQ-CT-ITS-PULS-1;fail;2625;;;;
LQ-CT-PCI-PULS-1;alarm;2626;;;;
LQ-CT-PCI-PULS-1;fail;2627;;;;
NG-CT-CGBT-PULS-1;alarm;2628;;;;
NG-CT-CGBT-PULS-1;fail;2629;;;;
NG-CT-ITS-PULS-1;alarm;2630;;;;
NG-CT-ITS-PULS-1;fail;2631;;;;
NG-CT-PCI-PULS-1;alarm;2632;;;;
NG-CT-PCI-PULS-1;fail;2633;;;;
COR-CT-CGBT-BM-PULS-1;alarm;2634;;;;
COR-CT-CGBT-BM-PULS-1;fail;2635;;;;
COR-CT-CGBT-BC-PULS-1;alarm;2636;;;;
COR-CT-CGBT-BC-PULS-1;fail;2637;;;;
COR-CT-ITS-BM-PULS-1;alarm;2638;;;;
COR-CT-ITS-BM-PULS-1;fail;2639;;;;
COR-CT-ITS-BC-PULS-1;alarm;2640;;;;
COR-CT-ITS-BC-PULS-1;fail;2641;;;;
COR-CT-PCI-PULS-1;alarm;2642;;;;
COR-CT-PCI-PULS-1;fail;2643;;;;
RESERVED;RESERVED;2644;;;;
RESERVED;RESERVED;2645;;;;
RESERVED;RESERVED;2646;;;;
RESERVED;RESERVED;2647;;;;
RESERVED;RESERVED;2648;;;;
RESERVED;RESERVED;2649;;;;
RESERVED;RESERVED;2650;;;;
RESERVED;RESERVED;2651;;;;
RV-CT-ITS-HUM-1;alarm;2652;;;;
RV-CT-ITS-HUM-1;fail;2653;;;;
RV-CT-ITS-HUM-2;alarm;2654;;;;
RV-CT-ITS-HUM-2;fail;2655;;;;
RV-CT-CGBT-HUM-1;alarm;2656;;;;
RV-CT-CGBT-HUM-1;fail;2657;;;;
RV-CT-CGBT-HUM-2;alarm;2658;;;;
RV-CT-CGBT-HUM-2;fail;2659;;;;
RV-CT-PCI-HUM-1;alarm;2660;;;;
RV-CT-PCI-HUM-1;fail;2661;;;;
RV-CT-PCI-HUM-2;alarm;2662;;;;
RV-CT-PCI-HUM-2;fail;2663;;;;
MM-CT-ITS-HUM-1;alarm;2664;;;;
MM-CT-ITS-HUM-1;fail;2665;;;;
MM-CT-ITS-HUM-2;alarm;2666;;;;
MM-CT-ITS-HUM-2;fail;2667;;;;
MM-CT-CGBT-HUM-1;alarm;2668;;;;
MM-CT-CGBT-HUM-1;fail;2669;;;;
MM-CT-CGBT-HUM-2;alarm;2670;;;;
MM-CT-CGBT-HUM-2;fail;2671;;;;
STMI-CT-ITS-HUM-1;alarm;2672;;;;
STMI-CT-ITS-HUM-1;fail;2673;;;;
STMI-CT-ITS-HUM-2;alarm;2674;;;;
STMI-CT-ITS-HUM-2;fail;2675;;;;
MM-CT-PCI-HUM-1;alarm;2676;;;;
MM-CT-PCI-HUM-1;fail;2677;;;;
MM-CT-PCI-HUM-2;alarm;2678;;;;
MM-CT-PCI-HUM-2;fail;2679;;;;
STMI-CT-CGBT-HUM-1;alarm;2680;;;;
STMI-CT-CGBT-HUM-1;fail;2681;;;;
STMI-CT-CGBT-HUM-2;alarm;2682;;;;
STMI-CT-CGBT-HUM-2;fail;2683;;;;
CAS-CT-PCI-HUM-1;alarm;2684;;;;
CAS-CT-PCI-HUM-1;fail;2685;;;;
CAS-CT-PCI-HUM-2;alarm;2686;;;;
CAS-CT-PCI-HUM-2;fail;2687;;;;
CAS-CT-CGBT-BC-HUM-1;alarm;2688;;;;
CAS-CT-CGBT-BC-HUM-1;fail;2689;;;;
CAS-CT-CGBT-BC-HUM-2;alarm;2690;;;;
CAS-CT-CGBT-BC-HUM-2;fail;2691;;;;
CAS-CT-ITS-BC-HUM-1;alarm;2692;;;;
CAS-CT-ITS-BC-HUM-1;fail;2693;;;;
CAS-CT-ITS-BC-HUM-2;alarm;2694;;;;
CAS-CT-ITS-BC-HUM-2;fail;2695;;;;
CAS-CT-CGBT-BM-HUM-1;alarm;2696;;;;
CAS-CT-CGBT-BM-HUM-1;fail;2697;;;;
CAS-CT-CGBT-BM-HUM-2;alarm;2698;;;;
CAS-CT-CGBT-BM-HUM-2;fail;2699;;;;
CAS-CT-ITS-BM-HUM-1;alarm;2700;;;;
CAS-CT-ITS-BM-HUM-1;fail;2701;;;;
CAS-CT-ITS-BM-HUM-2;alarm;2702;;;;
CAS-CT-ITS-BM-HUM-2;fail;2703;;;;
CH-CT-CGBT-HUM-1;alarm;2704;;;;
CH-CT-CGBT-HUM-1;fail;2705;;;;
CH-CT-CGBT-HUM-2;alarm;2706;;;;
CH-CT-CGBT-HUM-2;fail;2707;;;;
CH-CT-ITS-HUM-1;alarm;2708;;;;
CH-CT-ITS-HUM-1;fail;2709;;;;
CH-CT-ITS-HUM-2;alarm;2710;;;;
CH-CT-ITS-HUM-2;fail;2711;;;;
CH-CT-PCI-HUM-1;alarm;2712;;;;
CH-CT-PCI-HUM-1;fail;2713;;;;
CH-CT-PCI-HUM-2;alarm;2714;;;;
CH-CT-PCI-HUM-2;fail;2715;;;;
EST-CT-CGBT-HUM-1;alarm;2716;;;;
EST-CT-CGBT-HUM-1;fail;2717;;;;
EST-CT-CGBT-HUM-2;alarm;2718;;;;
EST-CT-CGBT-HUM-2;fail;2719;;;;
EST-CT-ITS-HUM-1;alarm;2720;;;;
EST-CT-ITS-HUM-1;fail;2721;;;;
EST-CT-ITS-HUM-2;alarm;2722;;;;
EST-CT-ITS-HUM-2;fail;2723;;;;
STM2-CT-CGBT-HUM-1;alarm;2724;;;;
STM2-CT-CGBT-HUM-1;fail;2725;;;;
STM2-CT-CGBT-HUM-2;alarm;2726;;;;
STM2-CT-CGBT-HUM-2;fail;2727;;;;
STM2-CT-ITS-HUM-1;alarm;2728;;;;
STM2-CT-ITS-HUM-1;fail;2729;;;;
STM2-CT-ITS-HUM-2;alarm;2730;;;;
STM2-CT-ITS-HUM-2;fail;2731;;;;
LQ-CT-CGBT-HUM-1;alarm;2732;;;;
LQ-CT-CGBT-HUM-1;fail;2733;;;;
LQ-CT-CGBT-HUM-2;alarm;2734;;;;
LQ-CT-CGBT-HUM-2;fail;2735;;;;
LQ-CT-ITS-HUM-1;alarm;2736;;;;
LQ-CT-ITS-HUM-1;fail;2737;;;;
LQ-CT-ITS-HUM-2;alarm;2738;;;;
LQ-CT-ITS-HUM-2;fail;2739;;;;
LQ-CT-PCI-HUM-1;alarm;2740;;;;
LQ-CT-PCI-HUM-1;fail;2741;;;;
LQ-CT-PCI-HUM-2;alarm;2742;;;;
LQ-CT-PCI-HUM-2;fail;2743;;;;
NG-CT-CGBT-HUM-1;alarm;2744;;;;
NG-CT-CGBT-HUM-1;fail;2745;;;;
NG-CT-CGBT-HUM-2;alarm;2746;;;;
NG-CT-CGBT-HUM-2;fail;2747;;;;
NG-CT-ITS-HUM-1;alarm;2748;;;;
NG-CT-ITS-HUM-1;fail;2749;;;;
NG-CT-ITS-HUM-2;alarm;2750;;;;
NG-CT-ITS-HUM-2;fail;2751;;;;
NG-CT-PCI-HUM-1;alarm;2752;;;;
NG-CT-PCI-HUM-1;fail;2753;;;;
NG-CT-PCI-HUM-2;alarm;2754;;;;
NG-CT-PCI-HUM-2;fail;2755;;;;
COR-CT-CGBT-BC-HUM-1;alarm;2756;;;;
COR-CT-CGBT-BC-HUM-1;fail;2757;;;;
COR-CT-CGBT-BC-HUM-2;alarm;2758;;;;
COR-CT-CGBT-BC-HUM-2;fail;2759;;;;
COR-CT-CGBT-BM-HUM-1;alarm;2760;;;;
COR-CT-CGBT-BM-HUM-1;fail;2761;;;;
COR-CT-CGBT-BM-HUM-2;alarm;2762;;;;
COR-CT-CGBT-BM-HUM-2;fail;2763;;;;
COR-CT-IT-BC-HUM-1;alarm;2764;;;;
COR-CT-IT-BC-HUM-1;fail;2765;;;;
COR-CT-IT-BC-HUM-2;alarm;2766;;;;
COR-CT-IT-BC-HUM-2;fail;2767;;;;
COR-CT-IT-BM-HUM-1;alarm;2768;;;;
COR-CT-IT-BM-HUM-1;fail;2769;;;;
COR-CT-IT-BM-HUM-2;alarm;2770;;;;
COR-CT-IT-BM-HUM-2;fail;2771;;;;
COR-CT-PCI-HUM-1;alarm;2772;;;;
COR-CT-PCI-HUM-1;fail;2773;;;;
COR-CT-PCI-HUM-2;alarm;2774;;;;
COR-CT-PCI-HUM-2;fail;2775;;;;
RESERVED;RESERVED;2776;;;;
RESERVED;RESERVED;2777;;;;
RESERVED;RESERVED;2778;;;;
RESERVED;RESERVED;2779;;;;
RESERVED;RESERVED;2780;;;;
RESERVED;RESERVED;2781;;;;
RV-CT-CGBT-SIR-1;alarm;2782;;;;
RV-CT-CGBT-SIR-1;fail;2783;;;;
RV-CT-PCI-SIR-1;alarm;2784;;;;
RV-CT-PCI-SIR-1;fail;2785;;;;
MM-CT-CGBT-SIR-1;alarm;2786;;;;
MM-CT-CGBT-SIR-1;fail;2787;;;;
MM-CT-PCI-SIR-1;alarm;2788;;;;
MM-CT-PCI-SIR-1;fail;2789;;;;
STMI-CT-CGBT-SIR-1;alarm;2790;;;;
STMI-CT-CGBT-SIR-1;fail;2791;;;;
CAS-CT-PCI-SIR-1;alarm;2792;;;;
CAS-CT-PCI-SIR-1;fail;2793;;;;
CAS-CT-CGBT-BC-SIR-1;alarm;2794;;;;
CAS-CT-CGBT-BC-SIR-1;fail;2795;;;;
CAS-CT-CGBT-BM-SIR-1;alarm;2796;;;;
CAS-CT-CGBT-BM-SIR-1;fail;2797;;;;
CH-CT-CGBT-SIR-1;alarm;2798;;;;
CH-CT-CGBT-SIR-1;fail;2799;;;;
CH-CT-PCI-SIR-1;alarm;2800;;;;
CH-CT-PCI-SIR-1;fail;2801;;;;
EST-CT-CGBT-SIR-1;alarm;2802;;;;
EST-CT-CGBT-SIR-1;fail;2803;;;;
LQ-CT-CGBT-SIR-1;alarm;2804;;;;
LQ-CT-CGBT-SIR-1;fail;2805;;;;
LQ-CT-PCI-SIR-1;alarm;2806;;;;
LQ-CT-PCI-SIR-1;fail;2807;;;;
NG-CT-CGBT-SIR-1;alarm;2808;;;;
NG-CT-CGBT-SIR-1;fail;2809;;;;
NG-CT-PCI-SIR-1;alarm;2810;;;;
NG-CT-PCI-SIR-1;fail;2811;;;;
COR-CT-CGBT-BM-SIR-1;alarm;2812;;;;
COR-CT-CGBT-BM-SIR-1;fail;2813;;;;
COR-CT-CGBT-BC-SIR-1;alarm;2814;;;;
COR-CT-CGBT-BC-SIR-1;fail;2815;;;;
COR-CT-PCI-SIR-1;alarm;2816;;;;
COR-CT-PCI-SIR-1;fail;2817;;;;
RESERVED;RESERVED;2818;;;;
RESERVED;RESERVED;2819;;;;
RESERVED;RESERVED;2820;;;;
RESERVED;RESERVED;2821;;;;
RV-SAI-1;alarm_battery_bad;2822;;;;
RV-SAI-1;alarm_on_battery;2823;;;;
RV-SAI-1;alarm_low_battery;2824;;;;
RV-SAI-1;alarm_depleted_battery;2825;;;;
RV-SAI-1;alarm_temperature_bad;2826;;;;
RV-SAI-1;alarm_input_bad;2827;;;;
RV-SAI-1;alarm_output_overload;2828;;;;
RV-SAI-1;alarm_ups_off_as_requested;2829;;;;
RV-SAI-1;alarm_charger_failed;2830;;;;
RV-SAI-1;alarm_ups_output_off;2831;;;;
RV-SAI-1;alarm_fan_failure;2832;;;;
RV-SAI-1;alarm_fuse_failure;2833;;;;
RV-SAI-1;alarm_diagnostic_test_failed;2834;;;;
RV-SAI-1;alarm_communications_lost;2835;;;;
RV-SAI-1;alarm_awaiting_power;2836;;;;
RV-SAI-1;alarm_shutdown_pending;2837;;;;
RV-SAI-1;alarm_shutdown_imminent;2838;;;;
RV-SAI-1;alarm_test_in_progress;2839;;;;
RV-SAI-1;alarm_general_fail;2840;;;;
MM-SAI-1;alarm_battery_bad;2841;;;;
MM-SAI-1;alarm_on_battery;2842;;;;
MM-SAI-1;alarm_low_battery;2843;;;;
MM-SAI-1;alarm_depleted_battery;2844;;;;
MM-SAI-1;alarm_temperature_bad;2845;;;;
MM-SAI-1;alarm_input_bad;2846;;;;
MM-SAI-1;alarm_output_overload;2847;;;;
MM-SAI-1;alarm_ups_off_as_requested;2848;;;;
MM-SAI-1;alarm_charger_failed;2849;;;;
MM-SAI-1;alarm_ups_output_off;2850;;;;
MM-SAI-1;alarm_fan_failure;2851;;;;
MM-SAI-1;alarm_fuse_failure;2852;;;;
MM-SAI-1;alarm_diagnostic_test_failed;2853;;;;
MM-SAI-1;alarm_communications_lost;2854;;;;
MM-SAI-1;alarm_awaiting_power;2855;;;;
MM-SAI-1;alarm_shutdown_pending;2856;;;;
MM-SAI-1;alarm_shutdown_imminent;2857;;;;
MM-SAI-1;alarm_test_in_progress;2858;;;;
MM-SAI-1;alarm_general_fail;2859;;;;
STMI-SAI-1;alarm_battery_bad;2860;;;;
STMI-SAI-1;alarm_on_battery;2861;;;;
STMI-SAI-1;alarm_low_battery;2862;;;;
STMI-SAI-1;alarm_depleted_battery;2863;;;;
STMI-SAI-1;alarm_temperature_bad;2864;;;;
STMI-SAI-1;alarm_input_bad;2865;;;;
STMI-SAI-1;alarm_output_overload;2866;;;;
STMI-SAI-1;alarm_ups_off_as_requested;2867;;;;
STMI-SAI-1;alarm_charger_failed;2868;;;;
STMI-SAI-1;alarm_ups_output_off;2869;;;;
STMI-SAI-1;alarm_fan_failure;2870;;;;
STMI-SAI-1;alarm_fuse_failure;2871;;;;
STMI-SAI-1;alarm_diagnostic_test_failed;2872;;;;
STMI-SAI-1;alarm_communications_lost;2873;;;;
STMI-SAI-1;alarm_awaiting_power;2874;;;;
STMI-SAI-1;alarm_shutdown_pending;2875;;;;
STMI-SAI-1;alarm_shutdown_imminent;2876;;;;
STMI-SAI-1;alarm_test_in_progress;2877;;;;
STMI-SAI-1;alarm_general_fail;2878;;;;
LQ-SAI-1;alarm_battery_bad;2879;;;;
LQ-SAI-1;alarm_on_battery;2880;;;;
LQ-SAI-1;alarm_low_battery;2881;;;;
LQ-SAI-1;alarm_depleted_battery;2882;;;;
LQ-SAI-1;alarm_temperature_bad;2883;;;;
LQ-SAI-1;alarm_input_bad;2884;;;;
LQ-SAI-1;alarm_output_overload;2885;;;;
LQ-SAI-1;alarm_ups_off_as_requested;2886;;;;
LQ-SAI-1;alarm_charger_failed;2887;;;;
LQ-SAI-1;alarm_ups_output_off;2888;;;;
LQ-SAI-1;alarm_fan_failure;2889;;;;
LQ-SAI-1;alarm_fuse_failure;2890;;;;
LQ-SAI-1;alarm_diagnostic_test_failed;2891;;;;
LQ-SAI-1;alarm_communications_lost;2892;;;;
LQ-SAI-1;alarm_awaiting_power;2893;;;;
LQ-SAI-1;alarm_shutdown_pending;2894;;;;
LQ-SAI-1;alarm_shutdown_imminent;2895;;;;
LQ-SAI-1;alarm_test_in_progress;2896;;;;
LQ-SAI-1;alarm_general_fail;2897;;;;
CH-SAI-1;alarm_battery_bad;2898;;;;
CH-SAI-1;alarm_on_battery;2899;;;;
CH-SAI-1;alarm_low_battery;2900;;;;
CH-SAI-1;alarm_depleted_battery;2901;;;;
CH-SAI-1;alarm_temperature_bad;2902;;;;
CH-SAI-1;alarm_input_bad;2903;;;;
CH-SAI-1;alarm_output_overload;2904;;;;
CH-SAI-1;alarm_ups_off_as_requested;2905;;;;
CH-SAI-1;alarm_charger_failed;2906;;;;
CH-SAI-1;alarm_ups_output_off;2907;;;;
CH-SAI-1;alarm_fan_failure;2908;;;;
CH-SAI-1;alarm_fuse_failure;2909;;;;
CH-SAI-1;alarm_diagnostic_test_failed;2910;;;;
CH-SAI-1;alarm_communications_lost;2911;;;;
CH-SAI-1;alarm_awaiting_power;2912;;;;
CH-SAI-1;alarm_shutdown_pending;2913;;;;
CH-SAI-1;alarm_shutdown_imminent;2914;;;;
CH-SAI-1;alarm_test_in_progress;2915;;;;
CH-SAI-1;alarm_general_fail;2916;;;;
CAS-SAI-BM;alarm_battery_bad;2917;;;;
CAS-SAI-BM;alarm_on_battery;2918;;;;
CAS-SAI-BM;alarm_low_battery;2919;;;;
CAS-SAI-BM;alarm_depleted_battery;2920;;;;
CAS-SAI-BM;alarm_temperature_bad;2921;;;;
CAS-SAI-BM;alarm_input_bad;2922;;;;
CAS-SAI-BM;alarm_output_overload;2923;;;;
CAS-SAI-BM;alarm_ups_off_as_requested;2924;;;;
CAS-SAI-BM;alarm_charger_failed;2925;;;;
CAS-SAI-BM;alarm_ups_output_off;2926;;;;
CAS-SAI-BM;alarm_fan_failure;2927;;;;
CAS-SAI-BM;alarm_fuse_failure;2928;;;;
CAS-SAI-BM;alarm_diagnostic_test_failed;2929;;;;
CAS-SAI-BM;alarm_communications_lost;2930;;;;
CAS-SAI-BM;alarm_awaiting_power;2931;;;;
CAS-SAI-BM;alarm_shutdown_pending;2932;;;;
CAS-SAI-BM;alarm_shutdown_imminent;2933;;;;
CAS-SAI-BM;alarm_test_in_progress;2934;;;;
CAS-SAI-BM;alarm_general_fail;2935;;;;
CAS-SAI-BC;alarm_battery_bad;2936;;;;
CAS-SAI-BC;alarm_on_battery;2937;;;;
CAS-SAI-BC;alarm_low_battery;2938;;;;
CAS-SAI-BC;alarm_depleted_battery;2939;;;;
CAS-SAI-BC;alarm_temperature_bad;2940;;;;
CAS-SAI-BC;alarm_input_bad;2941;;;;
CAS-SAI-BC;alarm_output_overload;2942;;;;
CAS-SAI-BC;alarm_ups_off_as_requested;2943;;;;
CAS-SAI-BC;alarm_charger_failed;2944;;;;
CAS-SAI-BC;alarm_ups_output_off;2945;;;;
CAS-SAI-BC;alarm_fan_failure;2946;;;;
CAS-SAI-BC;alarm_fuse_failure;2947;;;;
CAS-SAI-BC;alarm_diagnostic_test_failed;2948;;;;
CAS-SAI-BC;alarm_communications_lost;2949;;;;
CAS-SAI-BC;alarm_awaiting_power;2950;;;;
CAS-SAI-BC;alarm_shutdown_pending;2951;;;;
CAS-SAI-BC;alarm_shutdown_imminent;2952;;;;
CAS-SAI-BC;alarm_test_in_progress;2953;;;;
CAS-SAI-BC;alarm_general_fail;2954;;;;
COR-SAI-BM;alarm_battery_bad;2955;;;;
COR-SAI-BM;alarm_on_battery;2956;;;;
COR-SAI-BM;alarm_low_battery;2957;;;;
COR-SAI-BM;alarm_depleted_battery;2958;;;;
COR-SAI-BM;alarm_temperature_bad;2959;;;;
COR-SAI-BM;alarm_input_bad;2960;;;;
COR-SAI-BM;alarm_output_overload;2961;;;;
COR-SAI-BM;alarm_ups_off_as_requested;2962;;;;
COR-SAI-BM;alarm_charger_failed;2963;;;;
COR-SAI-BM;alarm_ups_output_off;2964;;;;
COR-SAI-BM;alarm_fan_failure;2965;;;;
COR-SAI-BM;alarm_fuse_failure;2966;;;;
COR-SAI-BM;alarm_diagnostic_test_failed;2967;;;;
COR-SAI-BM;alarm_communications_lost;2968;;;;
COR-SAI-BM;alarm_awaiting_power;2969;;;;
COR-SAI-BM;alarm_shutdown_pending;2970;;;;
COR-SAI-BM;alarm_shutdown_imminent;2971;;;;
COR-SAI-BM;alarm_test_in_progress;2972;;;;
COR-SAI-BM;alarm_general_fail;2973;;;;
COR-SAI-BC;alarm_battery_bad;2974;;;;
COR-SAI-BC;alarm_on_battery;2975;;;;
COR-SAI-BC;alarm_low_battery;2976;;;;
COR-SAI-BC;alarm_depleted_battery;2977;;;;
COR-SAI-BC;alarm_temperature_bad;2978;;;;
COR-SAI-BC;alarm_input_bad;2979;;;;
COR-SAI-BC;alarm_output_overload;2980;;;;
COR-SAI-BC;alarm_ups_off_as_requested;2981;;;;
COR-SAI-BC;alarm_charger_failed;2982;;;;
COR-SAI-BC;alarm_ups_output_off;2983;;;;
COR-SAI-BC;alarm_fan_failure;2984;;;;
COR-SAI-BC;alarm_fuse_failure;2985;;;;
COR-SAI-BC;alarm_diagnostic_test_failed;2986;;;;
COR-SAI-BC;alarm_communications_lost;2987;;;;
COR-SAI-BC;alarm_awaiting_power;2988;;;;
COR-SAI-BC;alarm_shutdown_pending;2989;;;;
COR-SAI-BC;alarm_shutdown_imminent;2990;;;;
COR-SAI-BC;alarm_test_in_progress;2991;;;;
COR-SAI-BC;alarm_general_fail;2992;;;;
STM2-SAI-BC;alarm_battery_bad;2993;;;;
STM2-SAI-BC;alarm_on_battery;2994;;;;
STM2-SAI-BC;alarm_low_battery;2995;;;;
STM2-SAI-BC;alarm_depleted_battery;2996;;;;
STM2-SAI-BC;alarm_temperature_bad;2997;;;;
STM2-SAI-BC;alarm_input_bad;2998;;;;
STM2-SAI-BC;alarm_output_overload;2999;;;;
STM2-SAI-BC;alarm_ups_off_as_requested;3000;;;;
STM2-SAI-BC;alarm_charger_failed;3001;;;;
STM2-SAI-BC;alarm_ups_output_off;3002;;;;
STM2-SAI-BC;alarm_fan_failure;3003;;;;
STM2-SAI-BC;alarm_fuse_failure;3004;;;;
STM2-SAI-BC;alarm_diagnostic_test_failed;3005;;;;
STM2-SAI-BC;alarm_communications_lost;3006;;;;
STM2-SAI-BC;alarm_awaiting_power;3007;;;;
STM2-SAI-BC;alarm_shutdown_pending;3008;;;;
STM2-SAI-BC;alarm_shutdown_imminent;3009;;;;
STM2-SAI-BC;alarm_test_in_progress;3010;;;;
STM2-SAI-BC;alarm_general_fail;3011;;;;
EST-SAI-1;alarm_battery_bad;3012;;;;
EST-SAI-1;alarm_on_battery;3013;;;;
EST-SAI-1;alarm_low_battery;3014;;;;
EST-SAI-1;alarm_depleted_battery;3015;;;;
EST-SAI-1;alarm_temperature_bad;3016;;;;
EST-SAI-1;alarm_input_bad;3017;;;;
EST-SAI-1;alarm_output_overload;3018;;;;
EST-SAI-1;alarm_ups_off_as_requested;3019;;;;
EST-SAI-1;alarm_charger_failed;3020;;;;
EST-SAI-1;alarm_ups_output_off;3021;;;;
EST-SAI-1;alarm_fan_failure;3022;;;;
EST-SAI-1;alarm_fuse_failure;3023;;;;
EST-SAI-1;alarm_diagnostic_test_failed;3024;;;;
EST-SAI-1;alarm_communications_lost;3025;;;;
EST-SAI-1;alarm_awaiting_power;3026;;;;
EST-SAI-1;alarm_shutdown_pending;3027;;;;
EST-SAI-1;alarm_shutdown_imminent;3028;;;;
EST-SAI-1;alarm_test_in_progress;3029;;;;
EST-SAI-1;alarm_general_fail;3030;;;;
NG-SAI-1BM;alarm_battery_bad;3031;;;;
NG-SAI-1BM;alarm_on_battery;3032;;;;
NG-SAI-1BM;alarm_low_battery;3033;;;;
NG-SAI-1BM;alarm_depleted_battery;3034;;;;
NG-SAI-1BM;alarm_temperature_bad;3035;;;;
NG-SAI-1BM;alarm_input_bad;3036;;;;
NG-SAI-1BM;alarm_output_overload;3037;;;;
NG-SAI-1BM;alarm_ups_off_as_requested;3038;;;;
NG-SAI-1BM;alarm_charger_failed;3039;;;;
NG-SAI-1BM;alarm_ups_output_off;3040;;;;
NG-SAI-1BM;alarm_fan_failure;3041;;;;
NG-SAI-1BM;alarm_fuse_failure;3042;;;;
NG-SAI-1BM;alarm_diagnostic_test_failed;3043;;;;
NG-SAI-1BM;alarm_communications_lost;3044;;;;
NG-SAI-1BM;alarm_awaiting_power;3045;;;;
NG-SAI-1BM;alarm_shutdown_pending;3046;;;;
NG-SAI-1BM;alarm_shutdown_imminent;3047;;;;
NG-SAI-1BM;alarm_test_in_progress;3048;;;;
NG-SAI-1BM;alarm_general_fail;3049;;;;
RESERVED;RESERVED;3050;;;;
RESERVED;RESERVED;3051;;;;
RESERVED;RESERVED;3052;;;;
RESERVED;RESERVED;3053;;;;
RESERVED;RESERVED;3054;;;;
RESERVED;RESERVED;3055;;;;
RESERVED;RESERVED;3056;;;;
RESERVED;RESERVED;3057;;;;
RESERVED;RESERVED;3058;;;;
RESERVED;RESERVED;3059;;;;
RESERVED;RESERVED;3060;;;;
RESERVED;RESERVED;3061;;;;
RESERVED;RESERVED;3062;;;;
RESERVED;RESERVED;3063;;;;
RESERVED;RESERVED;3064;;;;
RESERVED;RESERVED;3065;;;;
RESERVED;RESERVED;3066;;;;
RESERVED;RESERVED;3067;;;;
RESERVED;RESERVED;3068;;;;
RESERVED;RESERVED;3069;;;;
RESERVED;RESERVED;3070;;;;
RESERVED;RESERVED;3071;;;;
RV-VTA-ANE-1CA;alarm_sensor;3072;;;;
MM-VTA-ANE-1CA;alarm_sensor;3073;;;;
CH-VTA-ANE-1CA;alarm_sensor;3074;;;;
LQ-VTA-ANE-1MA;alarm_sensor;3075;;;;
COR-VTA-ANE-1CA;alarm_sensor;3076;;;;
NG-VTA-ANE-1CA;alarm_sensor;3077;;;;
STM2-VTA-ANE-1CA;alarm_sensor;3078;;;;
CAS-VTA-ANE-1CA;alarm_sensor;3079;;;;
RESERVED;RESERVED;3080;;;;
RESERVED;RESERVED;3081;;;;
RV-ERU-1-SLAVE;redun_comm;3082;;;;
MM-ERU-1-SLAVE;redun_comm;3083;;;;
STMI-ERU-1-SLAVE;redun_comm;3084;;;;
LQ-ERU-1-SLAVE;redun_comm;3085;;;;
CH-ERU-1-SLAVE;redun_comm;3086;;;;
CAS-ERU-1-SLAVE;redun_comm;3087;;;;
COR-ERU-1-SLAVE;redun_comm;3088;;;;
EST-ERU-1-SLAVE;redun_comm;3089;;;;
STM2-ERU-1-SLAVE;redun_comm;3090;;;;
NG-ERU-1-SLAVE;redun_comm;3091;;;;
RESERVED;RESERVED;3092;;;;
RESERVED;RESERVED;3093;;;;
RESERVED;RESERVED;3094;;;;
RESERVED;RESERVED;3095;;;;
RESERVED;RESERVED;3096;;;;
RV-GEL-1CA;grp_alarma_temperatura;3097;;;;
RV-GEL-1CA;grp_alarma_general;3098;;;;
RV-GEL-1CA;grp_motor_encendido;3099;;;;
RV-GEL-1CA;grp_nivel_combust_rsv;3100;;;;
MM-GEL-1CA;grp_alarma_temperatura;3101;;;;
MM-GEL-1CA;grp_alarma_general;3102;;;;
MM-GEL-1CA;grp_motor_encendido;3103;;;;
MM-GEL-1CA;grp_nivel_combust_rsv;3104;;;;
STMI-GEL-1CA;grp_alarma_temperatura;3105;;;;
STMI-GEL-1CA;grp_alarma_general;3106;;;;
STMI-GEL-1CA;grp_motor_encendido;3107;;;;
STMI-GEL-1CA;grp_nivel_combust_rsv;3108;;;;
LQ-GEL-1MA;grp_alarma_temperatura;3109;;;;
LQ-GEL-1MA;grp_alarma_general;3110;;;;
LQ-GEL-1MA;grp_motor_encendido;3111;;;;
LQ-GEL-1MA;grp_nivel_combust_rsv;3112;;;;
CH-GEL-1MA;grp_alarma_temperatura;3113;;;;
CH-GEL-1MA;grp_alarma_general;3114;;;;
CH-GEL-1MA;grp_motor_encendido;3115;;;;
CH-GEL-1MA;grp_nivel_combust_rsv;3116;;;;
CAS-GEL-BC;grp_alarma_temperatura;3117;;;;
CAS-GEL-BC;grp_alarma_general;3118;;;;
CAS-GEL-BC;grp_motor_encendido;3119;;;;
CAS-GEL-BC;grp_nivel_combust_rsv;3120;;;;
CAS-GEL-BM;grp_alarma_temperatura;3121;;;;
CAS-GEL-BM;grp_alarma_general;3122;;;;
CAS-GEL-BM;grp_motor_encendido;3123;;;;
CAS-GEL-BM;grp_nivel_combust_rsv;3124;;;;
COR-GEL-BC;grp_alarma_temperatura;3125;;;;
COR-GEL-BC;grp_alarma_general;3126;;;;
COR-GEL-BC;grp_motor_encendido;3127;;;;
COR-GEL-BC;grp_nivel_combust_rsv;3128;;;;
COR-GEL-BM;grp_alarma_temperatura;3129;;;;
COR-GEL-BM;grp_alarma_general;3130;;;;
COR-GEL-BM;grp_motor_encendido;3131;;;;
COR-GEL-BM;grp_nivel_combust_rsv;3132;;;;
STM2-GEL-BC;grp_alarma_temperatura;3133;;;;
STM2-GEL-BC;grp_alarma_general;3134;;;;
STM2-GEL-BC;grp_motor_encendido;3135;;;;
STM2-GEL-BC;grp_nivel_combust_rsv;3136;;;;
EST-GEL-BM;grp_alarma_temperatura;3137;;;;
EST-GEL-BM;grp_alarma_general;3138;;;;
EST-GEL-BM;grp_motor_encendido;3139;;;;
EST-GEL-BM;grp_nivel_combust_rsv;3140;;;;
NG-GEL-1BM;grp_alarma_temperatura;3141;;;;
NG-GEL-1BM;grp_alarma_general;3142;;;;
NG-GEL-1BM;grp_motor_encendido;3143;;;;
NG-GEL-1BM;grp_nivel_combust_rsv;3144;;;;
RESERVED;RESERVED;3145;;;;
RESERVED;RESERVED;3146;;;;
RESERVED;RESERVED;3147;;;;
RESERVED;RESERVED;3148;;;;
RESERVED;RESERVED;3149;;;;
RESERVED;RESERVED;3150;;;;
RESERVED;RESERVED;3151;;;;
RV-BEL-1;no_operation;3152;;;;
RV-BEL-1;no_auto_state;3153;;;;
RV-BDI-1;no_operation;3154;;;;
RV-BDI-1;no_auto_state;3155;;;;
MM-BEL-1;no_operation;3156;;;;
MM-BEL-1;no_auto_state;3157;;;;
MM-BDI-1;no_operation;3158;;;;
MM-BDI-1;no_auto_state;3159;;;;
LQ-BEL-1;no_operation;3160;;;;
LQ-BEL-1;no_auto_state;3161;;;;
LQ-BDI-1;no_operation;3162;;;;
LQ-BDI-1;no_auto_state;3163;;;;
CAS-BDI-1;no_operation;3164;;;;
CAS-BDI-1;no_auto_state;3165;;;;
CAS-BEL-1;no_operation;3166;;;;
CAS-BEL-1;no_auto_state;3167;;;;
CH-BEL-1;no_operation;3168;;;;
CH-BEL-1;no_auto_state;3169;;;;
CH-BDI-1;no_operation;3170;;;;
CH-BDI-1;no_auto_state;3171;;;;
NG-BEL-1;no_operation;3172;;;;
NG-BEL-1;no_auto_state;3173;;;;
NG-BDI-1;no_operation;3174;;;;
NG-BDI-1;no_auto_state;3175;;;;
COR-BEL-1;no_operation;3176;;;;
COR-BEL-1;no_auto_state;3177;;;;
COR-BDI-1;no_operation;3178;;;;
COR-BDI-1;no_auto_state;3179;;;;
RESERVED;RESERVED;3180;;;;
RESERVED;RESERVED;3181;;;;
RV-DALJ-1;alarm_low_level;3182;;;;
RV-DEP-DIESEL-PCI;alarm_low_level;3183;;;;
MM-DALJ-1;alarm_low_level;3184;;;;
MM-DEP-DIESEL-PCI;alarm_low_level;3185;;;;
LQ-DEP-DIESEL-PCI;alarm_low_level;3186;;;;
LQ-DALJ-1;alarm_low_level;3187;;;;
CAS-DEP-DIESEL-PCI;alarm_low_level;3188;;;;
CAS-DALJ-1;alarm_low_level;3189;;;;
CH-DALJ-1;alarm_low_level;3190;;;;
CH-DEP-DIESEL-PCI;alarm_low_level;3191;;;;
NG-DEP-DIESEL-PCI;alarm_low_level;3192;;;;
NG-DALJ-1;alarm_low_level;3193;;;;
COR-DEP-DIESEL-PCI;alarm_low_level;3194;;;;
COR-DALJ-1;alarm_low_level;3195;;;;
CAS-DEP-TRASIEGO-BM;alarm_low_level;3196;;;;
CAS-DEP-TRASIEGO-BC;alarm_low_level;3197;;;;
CH-DEP-TRASIEGO;alarm_low_level;3198;;;;
COR-DEP-TRASIEGO-BM;alarm_low_level;3199;;;;
COR-DEP-TRASIEGO-BC;alarm_low_level;3200;;;;
LQ-DEP-TRASIEGO;alarm_low_level;3201;;;;
MM-DEP-TRASIEGO;alarm_low_level;3202;;;;
NG-DEP-TRASIEGO;alarm_low_level;3203;;;;
RV-DEP-TRASIEGO;alarm_low_level;3204;;;;
STM2-DEP-TRASIEGO;alarm_low_level;3205;;;;
RESERVED;RESERVED;3206;;;;
RESERVED;RESERVED;3207;;;;
RESERVED;RESERVED;3208;;;;
RESERVED;RESERVED;3209;;;;
RESERVED;RESERVED;3210;;;;
RESERVED;RESERVED;3211;;;;
RV-DETFLJ-PCI-1;leak_water;3212;;;;
MM-DETFLJ-PCI-SC;leak_water;3213;;;;
LQ-DETFLJ-PCI-1;leak_water;3214;;;;
LQ-DETFLJ-PCI-2;leak_water;3215;;;;
CAS-DETFLJ-PCI-1;leak_water;3216;;;;
CAS-DETFLJ-PCI-2;leak_water;3217;;;;
CH-DETFLJ-PCI-1;leak_water;3218;;;;
COR-DETFLJ-PCI-1;leak_water;3219;;;;
NG-DETFLJ-PCI-1;leak_water;3220;;;;
MM-DETFLJ-PCI-SM;leak_water;3221;;;;
RESERVED;RESERVED;3222;;;;
RESERVED;RESERVED;3223;;;;
RESERVED;RESERVED;3224;;;;
RESERVED;RESERVED;3225;;;;
RESERVED;RESERVED;3226;;;;
MM-PTA1-GAL;gate_open;3227;;;;
MM-PTA2-GAL;gate_open;3228;;;;
CH-PTA1-GAL;gate_open;3229;;;;
CH-PTA2-GAL;gate_open;3230;;;;
LQ-PTA1-GAL;gate_open;3231;;;;
LQ-PTA2-GAL;gate_open;3232;;;;
COR-PTA1-GAL;gate_open;3233;;;;
COR-PTA2-GAL;gate_open;3234;;;;
COR-PTA3-GAL;gate_open;3235;;;;
COR-PTA4-GAL;gate_open;3236;;;;
COR-PTA5-GAL;gate_open;3237;;;;
COR-PTA6-GAL;gate_open;3238;;;;
STM2-PTA1-GAL;gate_open;3239;;;;
STM2-PTA2-GAL;gate_open;3240;;;;
NG-PTA1-GAL;gate_open;3241;;;;
NG-PTA2-GAL;gate_open;3242;;;;
CAS-PTA1-GAL;gate_open;3243;;;;
CAS-PTA2-GAL;gate_open;3244;;;;
CAS-PTA3-GAL;gate_open;3245;;;;
CAS-PTA4-GAL;gate_open;3246;;;;
RESERVED;RESERVED;3247;;;;
RESERVED;RESERVED;3248;;;;
RESERVED;RESERVED;3249;;;;
RESERVED;RESERVED;3250;;;;
RESERVED;RESERVED;3251;;;;
RV-DEP-GE;alarm_general;3252;;;;
RV-DEP-GE;group_on;3253;;;;
LQ-DEP-GE;alarm_general;3254;;;;
LQ-DEP-GE;group_on;3255;;;;
MM-DEP-GE;alarm_general;3256;;;;
MM-DEP-GE;group_on;3257;;;;
CAS-DEP-GE-BM;alarm_general;3258;;;;
CAS-DEP-GE-BM;group_on;3259;;;;
CAS-DEP-GE-BC;alarm_general;3260;;;;
CAS-DEP-GE-BC;group_on;3261;;;;
CH-DEP-GE;alarm_general;3262;;;;
CH-DEP-GE;group_on;3263;;;;
NG-DEP-GE;alarm_general;3264;;;;
NG-DEP-GE;group_on;3265;;;;
STM2-DEP-GE;alarm_general;3266;;;;
STM2-DEP-GE;group_on;3267;;;;
COR-DEP-GE-BM;alarm_general;3268;;;;
COR-DEP-GE-BM;group_on;3269;;;;
COR-DEP-GE-BC;alarm_general;3270;;;;
COR-DEP-GE-BC;group_on;3271;;;;
RESERVED;RESERVED;3272;;;;
RESERVED;RESERVED;3273;;;;
RESERVED;RESERVED;3274;;;;
RESERVED;RESERVED;3275;;;;
RESERVED;RESERVED;3276;;;;
RESERVED;RESERVED;3277;;;;
RESERVED;RESERVED;3278;;;;
RESERVED;RESERVED;3279;;;;
RESERVED;RESERVED;3280;;;;
RESERVED;RESERVED;3281;;;;
RESERVED;RESERVED;3282;;;;
RESERVED;RESERVED;3283;;;;
RESERVED;RESERVED;3284;;;;
RESERVED;RESERVED;3285;;;;
RESERVED;RESERVED;3286;;;;
RESERVED;RESERVED;3287;;;;
RESERVED;RESERVED;3288;;;;
RESERVED;RESERVED;3289;;;;
RESERVED;RESERVED;3290;;;;
RESERVED;RESERVED;3291;;;;
RESERVED;RESERVED;3292;;;;
RESERVED;RESERVED;3293;;;;
RESERVED;RESERVED;3294;;;;
RESERVED;RESERVED;3295;;;;
RESERVED;RESERVED;3296;;;;
RESERVED;RESERVED;3297;;;;
RESERVED;RESERVED;3298;;;;
RESERVED;RESERVED;3299;;;;
RESERVED;RESERVED;3300;;;;
RESERVED;RESERVED;3301;;;;
RESERVED;RESERVED;3302;;;;
RESERVED;RESERVED;3303;;;;
RESERVED;RESERVED;3304;;;;
RESERVED;RESERVED;3305;;;;
RESERVED;RESERVED;3306;;;;
RESERVED;RESERVED;3307;;;;
RESERVED;RESERVED;3308;;;;
RESERVED;RESERVED;3309;;;;
RESERVED;RESERVED;3310;;;;
RESERVED;RESERVED;3311;;;;
RESERVED;RESERVED;3312;;;;
RESERVED;RESERVED;3313;;;;
RESERVED;RESERVED;3314;;;;
RESERVED;RESERVED;3315;;;;
RESERVED;RESERVED;3316;;;;
RESERVED;RESERVED;3317;;;;
RESERVED;RESERVED;3318;;;;
RESERVED;RESERVED;3319;;;;
RESERVED;RESERVED;3320;;;;
RESERVED;RESERVED;3321;;;;
RESERVED;RESERVED;3322;;;;
RESERVED;RESERVED;3323;;;;
RESERVED;RESERVED;3324;;;;
RESERVED;RESERVED;3325;;;;
RESERVED;RESERVED;3326;;;;
RESERVED;RESERVED;3327;;;;
RESERVED;RESERVED;3328;;;;
RESERVED;RESERVED;3329;;;;
RESERVED;RESERVED;3330;;;;
RESERVED;RESERVED;3331;;;;
RESERVED;RESERVED;3332;;;;
RESERVED;RESERVED;3333;;;;
RESERVED;RESERVED;3334;;;;
RESERVED;RESERVED;3335;;;;
RESERVED;RESERVED;3336;;;;
RESERVED;RESERVED;3337;;;;
RESERVED;RESERVED;3338;;;;
RESERVED;RESERVED;3339;;;;
RESERVED;RESERVED;3340;;;;
RESERVED;RESERVED;3341;;;;
RESERVED;RESERVED;3342;;;;
RESERVED;RESERVED;3343;;;;
RESERVED;RESERVED;3344;;;;
RESERVED;RESERVED;3345;;;;
RESERVED;RESERVED;3346;;;;
RESERVED;RESERVED;3347;;;;
RESERVED;RESERVED;3348;;;;
RESERVED;RESERVED;3349;;;;
RESERVED;RESERVED;3350;;;;
RESERVED;RESERVED;3351;;;;
RESERVED;RESERVED;3352;;;;
RESERVED;RESERVED;3353;;;;
RESERVED;RESERVED;3354;;;;
RESERVED;RESERVED;3355;;;;
RESERVED;RESERVED;3356;;;;
RESERVED;RESERVED;3357;;;;
RESERVED;RESERVED;3358;;;;
RESERVED;RESERVED;3359;;;;
RESERVED;RESERVED;3360;;;;
RESERVED;RESERVED;3361;;;;
RESERVED;RESERVED;3362;;;;
RESERVED;RESERVED;3363;;;;
RESERVED;RESERVED;3364;;;;
RESERVED;RESERVED;3365;;;;
RESERVED;RESERVED;3366;;;;
RESERVED;RESERVED;3367;;;;
RESERVED;RESERVED;3368;;;;
RESERVED;RESERVED;3369;;;;
RESERVED;RESERVED;3370;;;;
RESERVED;RESERVED;3371;;;;
RESERVED;RESERVED;3372;;;;
RESERVED;RESERVED;3373;;;;
RESERVED;RESERVED;3374;;;;
RESERVED;RESERVED;3375;;;;
RESERVED;RESERVED;3376;;;;
RESERVED;RESERVED;3377;;;;
RESERVED;RESERVED;3378;;;;
RESERVED;RESERVED;3379;;;;
RESERVED;RESERVED;3380;;;;
RESERVED;RESERVED;3381;;;;
RESERVED;RESERVED;3382;;;;
RESERVED;RESERVED;3383;;;;
RESERVED;RESERVED;3384;;;;
RESERVED;RESERVED;3385;;;;
RESERVED;RESERVED;3386;;;;
RESERVED;RESERVED;3387;;;;
RESERVED;RESERVED;3388;;;;
RESERVED;RESERVED;3389;;;;
RESERVED;RESERVED;3390;;;;
RESERVED;RESERVED;3391;;;;
RESERVED;RESERVED;3392;;;;
RESERVED;RESERVED;3393;;;;
RESERVED;RESERVED;3394;;;;
RESERVED;RESERVED;3395;;;;
RESERVED;RESERVED;3396;;;;
RESERVED;RESERVED;3397;;;;
RESERVED;RESERVED;3398;;;;
RESERVED;RESERVED;3399;;;;
RESERVED;RESERVED;3400;;;;
RESERVED;RESERVED;3401;;;;
RESERVED;RESERVED;3402;;;;
RESERVED;RESERVED;3403;;;;
RESERVED;RESERVED;3404;;;;
RESERVED;RESERVED;3405;;;;
RESERVED;RESERVED;3406;;;;
RESERVED;RESERVED;3407;;;;
RESERVED;RESERVED;3408;;;;
RESERVED;RESERVED;3409;;;;
RESERVED;RESERVED;3410;;;;
RESERVED;RESERVED;3411;;;;
RESERVED;RESERVED;3412;;;;
RESERVED;RESERVED;3413;;;;
RESERVED;RESERVED;3414;;;;
RESERVED;RESERVED;3415;;;;
RESERVED;RESERVED;3416;;;;
RESERVED;RESERVED;3417;;;;
RESERVED;RESERVED;3418;;;;
RESERVED;RESERVED;3419;;;;
RESERVED;RESERVED;3420;;;;
RESERVED;RESERVED;3421;;;;
RESERVED;RESERVED;3422;;;;
RESERVED;RESERVED;3423;;;;
RESERVED;RESERVED;3424;;;;
RESERVED;RESERVED;3425;;;;
RESERVED;RESERVED;3426;;;;
RESERVED;RESERVED;3427;;;;
RESERVED;RESERVED;3428;;;;
RESERVED;RESERVED;3429;;;;
RESERVED;RESERVED;3430;;;;
RESERVED;RESERVED;3431;;;;
RESERVED;RESERVED;3432;;;;
RESERVED;RESERVED;3433;;;;
RESERVED;RESERVED;3434;;;;
RESERVED;RESERVED;3435;;;;
RESERVED;RESERVED;3436;;;;
RESERVED;RESERVED;3437;;;;
RESERVED;RESERVED;3438;;;;
RESERVED;RESERVED;3439;;;;
RESERVED;RESERVED;3440;;;;
RESERVED;RESERVED;3441;;;;
RESERVED;RESERVED;3442;;;;
RESERVED;RESERVED;3443;;;;
RESERVED;RESERVED;3444;;;;
RESERVED;RESERVED;3445;;;;
RESERVED;RESERVED;3446;;;;
RESERVED;RESERVED;3447;;;;
RESERVED;RESERVED;3448;;;;
RESERVED;RESERVED;3449;;;;
RESERVED;RESERVED;3450;;;;
RESERVED;RESERVED;3451;;;;
RESERVED;RESERVED;3452;;;;
RESERVED;RESERVED;3453;;;;
RESERVED;RESERVED;3454;;;;
RESERVED;RESERVED;3455;;;;
RESERVED;RESERVED;3456;;;;
RESERVED;RESERVED;3457;;;;
RESERVED;RESERVED;3458;;;;
RESERVED;RESERVED;3459;;;;
RESERVED;RESERVED;3460;;;;
RESERVED;RESERVED;3461;;;;
RESERVED;RESERVED;3462;;;;
RESERVED;RESERVED;3463;;;;
RESERVED;RESERVED;3464;;;;
RESERVED;RESERVED;3465;;;;
RESERVED;RESERVED;3466;;;;
RESERVED;RESERVED;3467;;;;
RESERVED;RESERVED;3468;;;;
RESERVED;RESERVED;3469;;;;
RESERVED;RESERVED;3470;;;;
RESERVED;RESERVED;3471;;;;
RESERVED;RESERVED;3472;;;;
RESERVED;RESERVED;3473;;;;
RESERVED;RESERVED;3474;;;;
RESERVED;RESERVED;3475;;;;
RESERVED;RESERVED;3476;;;;
RESERVED;RESERVED;3477;;;;
RESERVED;RESERVED;3478;;;;
RESERVED;RESERVED;3479;;;;
RESERVED;RESERVED;3480;;;;
RESERVED;RESERVED;3481;;;;
RESERVED;RESERVED;3482;;;;
RESERVED;RESERVED;3483;;;;
RESERVED;RESERVED;3484;;;;
RESERVED;RESERVED;3485;;;;
RESERVED;RESERVED;3486;;;;
RESERVED;RESERVED;3487;;;;
RESERVED;RESERVED;3488;;;;
RESERVED;RESERVED;3489;;;;
RESERVED;RESERVED;3490;;;;
RESERVED;RESERVED;3491;;;;
RESERVED;RESERVED;3492;;;;
RESERVED;RESERVED;3493;;;;
RESERVED;RESERVED;3494;;;;
RESERVED;RESERVED;3495;;;;
RESERVED;RESERVED;3496;;;;
RESERVED;RESERVED;3497;;;;
RESERVED;RESERVED;3498;;;;
RESERVED;RESERVED;3499;;;;
RESERVED;RESERVED;3500;;;;
RESERVED;RESERVED;3501;;;;
RESERVED;RESERVED;3502;;;;
RESERVED;RESERVED;3503;;;;
RESERVED;RESERVED;3504;;;;
RESERVED;RESERVED;3505;;;;
RESERVED;RESERVED;3506;;;;
RESERVED;RESERVED;3507;;;;
RESERVED;RESERVED;3508;;;;
RESERVED;RESERVED;3509;;;;
RESERVED;RESERVED;3510;;;;
RESERVED;RESERVED;3511;;;;
RESERVED;RESERVED;3512;;;;
RESERVED;RESERVED;3513;;;;
RESERVED;RESERVED;3514;;;;
RESERVED;RESERVED;3515;;;;
RESERVED;RESERVED;3516;;;;
RESERVED;RESERVED;3517;;;;
RESERVED;RESERVED;3518;;;;
RESERVED;RESERVED;3519;;;;
RESERVED;RESERVED;3520;;;;
RESERVED;RESERVED;3521;;;;
RESERVED;RESERVED;3522;;;;
RESERVED;RESERVED;3523;;;;
RESERVED;RESERVED;3524;;;;
RESERVED;RESERVED;3525;;;;
RESERVED;RESERVED;3526;;;;
RESERVED;RESERVED;3527;;;;
RESERVED;RESERVED;3528;;;;
RESERVED;RESERVED;3529;;;;
RESERVED;RESERVED;3530;;;;
RESERVED;RESERVED;3531;;;;
RESERVED;RESERVED;3532;;;;
RESERVED;RESERVED;3533;;;;
RESERVED;RESERVED;3534;;;;
RESERVED;RESERVED;3535;;;;
RESERVED;RESERVED;3536;;;;
RESERVED;RESERVED;3537;;;;
RESERVED;RESERVED;3538;;;;
RESERVED;RESERVED;3539;;;;
RESERVED;RESERVED;3540;;;;
RESERVED;RESERVED;3541;;;;
RESERVED;RESERVED;3542;;;;
RESERVED;RESERVED;3543;;;;
RESERVED;RESERVED;3544;;;;
RESERVED;RESERVED;3545;;;;
RESERVED;RESERVED;3546;;;;
RESERVED;RESERVED;3547;;;;
RESERVED;RESERVED;3548;;;;
RESERVED;RESERVED;3549;;;;
RESERVED;RESERVED;3550;;;;
RESERVED;RESERVED;3551;;;;
RESERVED;RESERVED;3552;;;;
RESERVED;RESERVED;3553;;;;
RESERVED;RESERVED;3554;;;;
RESERVED;RESERVED;3555;;;;
RESERVED;RESERVED;3556;;;;
RESERVED;RESERVED;3557;;;;
RESERVED;RESERVED;3558;;;;
RESERVED;RESERVED;3559;;;;
RESERVED;RESERVED;3560;;;;
RESERVED;RESERVED;3561;;;;
RESERVED;RESERVED;3562;;;;
RESERVED;RESERVED;3563;;;;
RESERVED;RESERVED;3564;;;;
RESERVED;RESERVED;3565;;;;
RESERVED;RESERVED;3566;;;;
RESERVED;RESERVED;3567;;;;
RESERVED;RESERVED;3568;;;;
RESERVED;RESERVED;3569;;;;
RESERVED;RESERVED;3570;;;;
RESERVED;RESERVED;3571;;;;
RESERVED;RESERVED;3572;;;;
RESERVED;RESERVED;3573;;;;
RESERVED;RESERVED;3574;;;;
RESERVED;RESERVED;3575;;;;
RESERVED;RESERVED;3576;;;;
RESERVED;RESERVED;3577;;;;
RESERVED;RESERVED;3578;;;;
RESERVED;RESERVED;3579;;;;
RESERVED;RESERVED;3580;;;;
RESERVED;RESERVED;3581;;;;
RESERVED;RESERVED;3582;;;;
RESERVED;RESERVED;3583;;;;
RESERVED;RESERVED;3584;;;;
RESERVED;RESERVED;3585;;;;
RESERVED;RESERVED;3586;;;;
RESERVED;RESERVED;3587;;;;
RESERVED;RESERVED;3588;;;;
RESERVED;RESERVED;3589;;;;
RESERVED;RESERVED;3590;;;;
RESERVED;RESERVED;3591;;;;
RESERVED;RESERVED;3592;;;;
RESERVED;RESERVED;3593;;;;
RESERVED;RESERVED;3594;;;;
RESERVED;RESERVED;3595;;;;
RESERVED;RESERVED;3596;;;;
RESERVED;RESERVED;3597;;;;
RESERVED;RESERVED;3598;;;;
RESERVED;RESERVED;3599;;;;
RESERVED;RESERVED;3600;;;;
RESERVED;RESERVED;3601;;;;
RESERVED;RESERVED;3602;;;;
RESERVED;RESERVED;3603;;;;
RESERVED;RESERVED;3604;;;;
RESERVED;RESERVED;3605;;;;
RESERVED;RESERVED;3606;;;;
RESERVED;RESERVED;3607;;;;
RESERVED;RESERVED;3608;;;;
RESERVED;RESERVED;3609;;;;
RESERVED;RESERVED;3610;;;;
RESERVED;RESERVED;3611;;;;
RESERVED;RESERVED;3612;;;;
RESERVED;RESERVED;3613;;;;
RESERVED;RESERVED;3614;;;;
RESERVED;RESERVED;3615;;;;
RESERVED;RESERVED;3616;;;;
RESERVED;RESERVED;3617;;;;
RESERVED;RESERVED;3618;;;;
RESERVED;RESERVED;3619;;;;
RESERVED;RESERVED;3620;;;;
RESERVED;RESERVED;3621;;;;
RESERVED;RESERVED;3622;;;;
RESERVED;RESERVED;3623;;;;
RESERVED;RESERVED;3624;;;;
RESERVED;RESERVED;3625;;;;
RESERVED;RESERVED;3626;;;;
RESERVED;RESERVED;3627;;;;
RESERVED;RESERVED;3628;;;;
RESERVED;RESERVED;3629;;;;
RESERVED;RESERVED;3630;;;;
RESERVED;RESERVED;3631;;;;
RESERVED;RESERVED;3632;;;;
RESERVED;RESERVED;3633;;;;
RESERVED;RESERVED;3634;;;;
RESERVED;RESERVED;3635;;;;
RESERVED;RESERVED;3636;;;;
RESERVED;RESERVED;3637;;;;
RESERVED;RESERVED;3638;;;;
RESERVED;RESERVED;3639;;;;
RESERVED;RESERVED;3640;;;;
RESERVED;RESERVED;3641;;;;
RESERVED;RESERVED;3642;;;;
RESERVED;RESERVED;3643;;;;
RESERVED;RESERVED;3644;;;;
RESERVED;RESERVED;3645;;;;
RESERVED;RESERVED;3646;;;;
RESERVED;RESERVED;3647;;;;
RESERVED;RESERVED;3648;;;;
RESERVED;RESERVED;3649;;;;
RESERVED;RESERVED;3650;;;;
RESERVED;RESERVED;3651;;;;
RESERVED;RESERVED;3652;;;;
RESERVED;RESERVED;3653;;;;
RESERVED;RESERVED;3654;;;;
RESERVED;RESERVED;3655;;;;
RESERVED;RESERVED;3656;;;;
RESERVED;RESERVED;3657;;;;
RESERVED;RESERVED;3658;;;;
RESERVED;RESERVED;3659;;;;
RESERVED;RESERVED;3660;;;;
RESERVED;RESERVED;3661;;;;
RESERVED;RESERVED;3662;;;;
RESERVED;RESERVED;3663;;;;
RESERVED;RESERVED;3664;;;;
RESERVED;RESERVED;3665;;;;
RESERVED;RESERVED;3666;;;;
RESERVED;RESERVED;3667;;;;
RESERVED;RESERVED;3668;;;;
RESERVED;RESERVED;3669;;;;
RESERVED;RESERVED;3670;;;;
RESERVED;RESERVED;3671;;;;
RESERVED;RESERVED;3672;;;;
RESERVED;RESERVED;3673;;;;
RESERVED;RESERVED;3674;;;;
RESERVED;RESERVED;3675;;;;
RESERVED;RESERVED;3676;;;;
RESERVED;RESERVED;3677;;;;
RESERVED;RESERVED;3678;;;;
RESERVED;RESERVED;3679;;;;
RESERVED;RESERVED;3680;;;;
RESERVED;RESERVED;3681;;;;
RESERVED;RESERVED;3682;;;;
RESERVED;RESERVED;3683;;;;
RESERVED;RESERVED;3684;;;;
RESERVED;RESERVED;3685;;;;
RESERVED;RESERVED;3686;;;;
RESERVED;RESERVED;3687;;;;
RESERVED;RESERVED;3688;;;;
RESERVED;RESERVED;3689;;;;
RESERVED;RESERVED;3690;;;;
RESERVED;RESERVED;3691;;;;
RESERVED;RESERVED;3692;;;;
RESERVED;RESERVED;3693;;;;
RESERVED;RESERVED;3694;;;;
RESERVED;RESERVED;3695;;;;
RESERVED;RESERVED;3696;;;;
RESERVED;RESERVED;3697;;;;
RESERVED;RESERVED;3698;;;;
RESERVED;RESERVED;3699;;;;
RESERVED;RESERVED;3700;;;;
RESERVED;RESERVED;3701;;;;
RESERVED;RESERVED;3702;;;;
RESERVED;RESERVED;3703;;;;
RESERVED;RESERVED;3704;;;;
RESERVED;RESERVED;3705;;;;
RESERVED;RESERVED;3706;;;;
RESERVED;RESERVED;3707;;;;
RESERVED;RESERVED;3708;;;;
RESERVED;RESERVED;3709;;;;
RESERVED;RESERVED;3710;;;;
RESERVED;RESERVED;3711;;;;
RESERVED;RESERVED;3712;;;;
RESERVED;RESERVED;3713;;;;
RESERVED;RESERVED;3714;;;;
RESERVED;RESERVED;3715;;;;
RESERVED;RESERVED;3716;;;;
RESERVED;RESERVED;3717;;;;
RESERVED;RESERVED;3718;;;;
RESERVED;RESERVED;3719;;;;
RESERVED;RESERVED;3720;;;;
RESERVED;RESERVED;3721;;;;
RESERVED;RESERVED;3722;;;;
RESERVED;RESERVED;3723;;;;
RESERVED;RESERVED;3724;;;;
RESERVED;RESERVED;3725;;;;
RESERVED;RESERVED;3726;;;;
RESERVED;RESERVED;3727;;;;
RESERVED;RESERVED;3728;;;;
RESERVED;RESERVED;3729;;;;
RESERVED;RESERVED;3730;;;;
RESERVED;RESERVED;3731;;;;
RESERVED;RESERVED;3732;;;;
RESERVED;RESERVED;3733;;;;
RESERVED;RESERVED;3734;;;;
RESERVED;RESERVED;3735;;;;
RESERVED;RESERVED;3736;;;;
RESERVED;RESERVED;3737;;;;
RESERVED;RESERVED;3738;;;;
RESERVED;RESERVED;3739;;;;
RESERVED;RESERVED;3740;;;;
RESERVED;RESERVED;3741;;;;
RESERVED;RESERVED;3742;;;;
RESERVED;RESERVED;3743;;;;
RESERVED;RESERVED;3744;;;;
RESERVED;RESERVED;3745;;;;
RESERVED;RESERVED;3746;;;;
RESERVED;RESERVED;3747;;;;
RESERVED;RESERVED;3748;;;;
RESERVED;RESERVED;3749;;;;
RESERVED;RESERVED;3750;;;;
RESERVED;RESERVED;3751;;;;
RESERVED;RESERVED;3752;;;;
RESERVED;RESERVED;3753;;;;
RESERVED;RESERVED;3754;;;;
RESERVED;RESERVED;3755;;;;
RESERVED;RESERVED;3756;;;;
RESERVED;RESERVED;3757;;;;
RESERVED;RESERVED;3758;;;;
RESERVED;RESERVED;3759;;;;
RESERVED;RESERVED;3760;;;;
RESERVED;RESERVED;3761;;;;
RESERVED;RESERVED;3762;;;;
RESERVED;RESERVED;3763;;;;
RESERVED;RESERVED;3764;;;;
RESERVED;RESERVED;3765;;;;
RESERVED;RESERVED;3766;;;;
RESERVED;RESERVED;3767;;;;
RESERVED;RESERVED;3768;;;;
RESERVED;RESERVED;3769;;;;
RESERVED;RESERVED;3770;;;;
RESERVED;RESERVED;3771;;;;
RESERVED;RESERVED;3772;;;;
RESERVED;RESERVED;3773;;;;
RESERVED;RESERVED;3774;;;;
RESERVED;RESERVED;3775;;;;
RESERVED;RESERVED;3776;;;;
RESERVED;RESERVED;3777;;;;
RESERVED;RESERVED;3778;;;;
RESERVED;RESERVED;3779;;;;
RESERVED;RESERVED;3780;;;;
RESERVED;RESERVED;3781;;;;
RESERVED;RESERVED;3782;;;;
RESERVED;RESERVED;3783;;;;
RESERVED;RESERVED;3784;;;;
RESERVED;RESERVED;3785;;;;
RESERVED;RESERVED;3786;;;;
RESERVED;RESERVED;3787;;;;
RESERVED;RESERVED;3788;;;;
RESERVED;RESERVED;3789;;;;
RESERVED;RESERVED;3790;;;;
RESERVED;RESERVED;3791;;;;
RESERVED;RESERVED;3792;;;;
RESERVED;RESERVED;3793;;;;
RESERVED;RESERVED;3794;;;;
RESERVED;RESERVED;3795;;;;
RESERVED;RESERVED;3796;;;;
RESERVED;RESERVED;3797;;;;
RESERVED;RESERVED;3798;;;;
RESERVED;RESERVED;3799;;;;
RESERVED;RESERVED;3800;;;;
RESERVED;RESERVED;3801;;;;
RESERVED;RESERVED;3802;;;;
RESERVED;RESERVED;3803;;;;
RESERVED;RESERVED;3804;;;;
RESERVED;RESERVED;3805;;;;
RESERVED;RESERVED;3806;;;;
RESERVED;RESERVED;3807;;;;
RESERVED;RESERVED;3808;;;;
RESERVED;RESERVED;3809;;;;
RESERVED;RESERVED;3810;;;;
RESERVED;RESERVED;3811;;;;
RESERVED;RESERVED;3812;;;;
RESERVED;RESERVED;3813;;;;
RESERVED;RESERVED;3814;;;;
RESERVED;RESERVED;3815;;;;
RESERVED;RESERVED;3816;;;;
RESERVED;RESERVED;3817;;;;
RESERVED;RESERVED;3818;;;;
RESERVED;RESERVED;3819;;;;
RESERVED;RESERVED;3820;;;;
RESERVED;RESERVED;3821;;;;
RESERVED;RESERVED;3822;;;;
RESERVED;RESERVED;3823;;;;
RESERVED;RESERVED;3824;;;;
RESERVED;RESERVED;3825;;;;
RESERVED;RESERVED;3826;;;;
RESERVED;RESERVED;3827;;;;
RESERVED;RESERVED;3828;;;;
RESERVED;RESERVED;3829;;;;
RESERVED;RESERVED;3830;;;;
RESERVED;RESERVED;3831;;;;
RESERVED;RESERVED;3832;;;;
RESERVED;RESERVED;3833;;;;
RESERVED;RESERVED;3834;;;;
RESERVED;RESERVED;3835;;;;
RESERVED;RESERVED;3836;;;;
RESERVED;RESERVED;3837;;;;
RESERVED;RESERVED;3838;;;;
RESERVED;RESERVED;3839;;;;
RESERVED;RESERVED;3840;;;;
RESERVED;RESERVED;3841;;;;
RESERVED;RESERVED;3842;;;;
RESERVED;RESERVED;3843;;;;
RESERVED;RESERVED;3844;;;;
RESERVED;RESERVED;3845;;;;
RESERVED;RESERVED;3846;;;;
RESERVED;RESERVED;3847;;;;
RESERVED;RESERVED;3848;;;;
RESERVED;RESERVED;3849;;;;
RESERVED;RESERVED;3850;;;;
RESERVED;RESERVED;3851;;;;
RESERVED;RESERVED;3852;;;;
RESERVED;RESERVED;3853;;;;
RESERVED;RESERVED;3854;;;;
RESERVED;RESERVED;3855;;;;
RESERVED;RESERVED;3856;;;;
RESERVED;RESERVED;3857;;;;
RESERVED;RESERVED;3858;;;;
RESERVED;RESERVED;3859;;;;
RESERVED;RESERVED;3860;;;;
RESERVED;RESERVED;3861;;;;
RESERVED;RESERVED;3862;;;;
RESERVED;RESERVED;3863;;;;
RESERVED;RESERVED;3864;;;;
RESERVED;RESERVED;3865;;;;
RESERVED;RESERVED;3866;;;;
RESERVED;RESERVED;3867;;;;
RESERVED;RESERVED;3868;;;;
RESERVED;RESERVED;3869;;;;
RESERVED;RESERVED;3870;;;;
RESERVED;RESERVED;3871;;;;
RESERVED;RESERVED;3872;;;;
RESERVED;RESERVED;3873;;;;
RESERVED;RESERVED;3874;;;;
RESERVED;RESERVED;3875;;;;
RESERVED;RESERVED;3876;;;;
RESERVED;RESERVED;3877;;;;
RESERVED;RESERVED;3878;;;;
RESERVED;RESERVED;3879;;;;
RESERVED;RESERVED;3880;;;;
RESERVED;RESERVED;3881;;;;
RESERVED;RESERVED;3882;;;;
RESERVED;RESERVED;3883;;;;
RESERVED;RESERVED;3884;;;;
RESERVED;RESERVED;3885;;;;
RESERVED;RESERVED;3886;;;;
RESERVED;RESERVED;3887;;;;
RESERVED;RESERVED;3888;;;;
RESERVED;RESERVED;3889;;;;
RESERVED;RESERVED;3890;;;;
RESERVED;RESERVED;3891;;;;
RESERVED;RESERVED;3892;;;;
RESERVED;RESERVED;3893;;;;
RESERVED;RESERVED;3894;;;;
RESERVED;RESERVED;3895;;;;
RESERVED;RESERVED;3896;;;;
RESERVED;RESERVED;3897;;;;
RESERVED;RESERVED;3898;;;;
RESERVED;RESERVED;3899;;;;
RESERVED;RESERVED;3900;;;;
RESERVED;RESERVED;3901;;;;
RESERVED;RESERVED;3902;;;;
RESERVED;RESERVED;3903;;;;
RESERVED;RESERVED;3904;;;;
RESERVED;RESERVED;3905;;;;
RESERVED;RESERVED;3906;;;;
RESERVED;RESERVED;3907;;;;
RESERVED;RESERVED;3908;;;;
RESERVED;RESERVED;3909;;;;
RESERVED;RESERVED;3910;;;;
RESERVED;RESERVED;3911;;;;
RESERVED;RESERVED;3912;;;;
RESERVED;RESERVED;3913;;;;
RESERVED;RESERVED;3914;;;;
RESERVED;RESERVED;3915;;;;
RESERVED;RESERVED;3916;;;;
RESERVED;RESERVED;3917;;;;
RESERVED;RESERVED;3918;;;;
RESERVED;RESERVED;3919;;;;
RESERVED;RESERVED;3920;;;;
RESERVED;RESERVED;3921;;;;
RESERVED;RESERVED;3922;;;;
RESERVED;RESERVED;3923;;;;
RESERVED;RESERVED;3924;;;;
RESERVED;RESERVED;3925;;;;
RESERVED;RESERVED;3926;;;;
RESERVED;RESERVED;3927;;;;
RESERVED;RESERVED;3928;;;;
RESERVED;RESERVED;3929;;;;
RESERVED;RESERVED;3930;;;;
RESERVED;RESERVED;3931;;;;
RESERVED;RESERVED;3932;;;;
RESERVED;RESERVED;3933;;;;
RESERVED;RESERVED;3934;;;;
RESERVED;RESERVED;3935;;;;
RESERVED;RESERVED;3936;;;;
RESERVED;RESERVED;3937;;;;
RESERVED;RESERVED;3938;;;;
RESERVED;RESERVED;3939;;;;
RESERVED;RESERVED;3940;;;;
RESERVED;RESERVED;3941;;;;
RESERVED;RESERVED;3942;;;;
RESERVED;RESERVED;3943;;;;
RESERVED;RESERVED;3944;;;;
RESERVED;RESERVED;3945;;;;
RESERVED;RESERVED;3946;;;;
RESERVED;RESERVED;3947;;;;
RESERVED;RESERVED;3948;;;;
RESERVED;RESERVED;3949;;;;
RESERVED;RESERVED;3950;;;;
RESERVED;RESERVED;3951;;;;
RESERVED;RESERVED;3952;;;;
RESERVED;RESERVED;3953;;;;
RESERVED;RESERVED;3954;;;;
RESERVED;RESERVED;3955;;;;
RESERVED;RESERVED;3956;;;;
RESERVED;RESERVED;3957;;;;
RESERVED;RESERVED;3958;;;;
RESERVED;RESERVED;3959;;;;
RESERVED;RESERVED;3960;;;;
RESERVED;RESERVED;3961;;;;
RESERVED;RESERVED;3962;;;;
RESERVED;RESERVED;3963;;;;
RESERVED;RESERVED;3964;;;;
RESERVED;RESERVED;3965;;;;
RESERVED;RESERVED;3966;;;;
RESERVED;RESERVED;3967;;;;
RESERVED;RESERVED;3968;;;;
RESERVED;RESERVED;3969;;;;
RESERVED;RESERVED;3970;;;;
RESERVED;RESERVED;3971;;;;
RESERVED;RESERVED;3972;;;;
RESERVED;RESERVED;3973;;;;
RESERVED;RESERVED;3974;;;;
RESERVED;RESERVED;3975;;;;
RESERVED;RESERVED;3976;;;;
RESERVED;RESERVED;3977;;;;
RESERVED;RESERVED;3978;;;;
RESERVED;RESERVED;3979;;;;
RESERVED;RESERVED;3980;;;;
RESERVED;RESERVED;3981;;;;
RESERVED;RESERVED;3982;;;;
RESERVED;RESERVED;3983;;;;
RESERVED;RESERVED;3984;;;;
RESERVED;RESERVED;3985;;;;
RESERVED;RESERVED;3986;;;;
RESERVED;RESERVED;3987;;;;
RESERVED;RESERVED;3988;;;;
RESERVED;RESERVED;3989;;;;
RESERVED;RESERVED;3990;;;;
RESERVED;RESERVED;3991;;;;
RESERVED;RESERVED;3992;;;;
RESERVED;RESERVED;3993;;;;
RESERVED;RESERVED;3994;;;;
RESERVED;RESERVED;3995;;;;
RESERVED;RESERVED;3996;;;;
RESERVED;RESERVED;3997;;;;
RESERVED;RESERVED;3998;;;;
RESERVED;RESERVED;3999;;;;
RESERVED;RESERVED;4000;;;;
RESERVED;RESERVED;4001;;;;
RESERVED;RESERVED;4002;;;;
RESERVED;RESERVED;4003;;;;
RESERVED;RESERVED;4004;;;;
RESERVED;RESERVED;4005;;;;
RESERVED;RESERVED;4006;;;;
RESERVED;RESERVED;4007;;;;
RESERVED;RESERVED;4008;;;;
RESERVED;RESERVED;4009;;;;
RESERVED;RESERVED;4010;;;;
RESERVED;RESERVED;4011;;;;
RESERVED;RESERVED;4012;;;;
RESERVED;RESERVED;4013;;;;
RESERVED;RESERVED;4014;;;;
RESERVED;RESERVED;4015;;;;
RESERVED;RESERVED;4016;;;;
RESERVED;RESERVED;4017;;;;
RESERVED;RESERVED;4018;;;;
RESERVED;RESERVED;4019;;;;
RESERVED;RESERVED;4020;;;;
RESERVED;RESERVED;4021;;;;
RESERVED;RESERVED;4022;;;;
RESERVED;RESERVED;4023;;;;
RESERVED;RESERVED;4024;;;;
RESERVED;RESERVED;4025;;;;
RESERVED;RESERVED;4026;;;;
RESERVED;RESERVED;4027;;;;
RESERVED;RESERVED;4028;;;;
RESERVED;RESERVED;4029;;;;
RESERVED;RESERVED;4030;;;;
RESERVED;RESERVED;4031;;;;
RESERVED;RESERVED;4032;;;;
RESERVED;RESERVED;4033;;;;
RESERVED;RESERVED;4034;;;;
RESERVED;RESERVED;4035;;;;
RESERVED;RESERVED;4036;;;;
RESERVED;RESERVED;4037;;;;
RESERVED;RESERVED;4038;;;;
RESERVED;RESERVED;4039;;;;
RESERVED;RESERVED;4040;;;;
RESERVED;RESERVED;4041;;;;
RESERVED;RESERVED;4042;;;;
RESERVED;RESERVED;4043;;;;
RESERVED;RESERVED;4044;;;;
RESERVED;RESERVED;4045;;;;
RESERVED;RESERVED;4046;;;;
RESERVED;RESERVED;4047;;;;
RESERVED;RESERVED;4048;;;;
RESERVED;RESERVED;4049;;;;
RESERVED;RESERVED;4050;;;;
RESERVED;RESERVED;4051;;;;
RESERVED;RESERVED;4052;;;;
RESERVED;RESERVED;4053;;;;
RESERVED;RESERVED;4054;;;;
RESERVED;RESERVED;4055;;;;
RESERVED;RESERVED;4056;;;;
RESERVED;RESERVED;4057;;;;
RESERVED;RESERVED;4058;;;;
RESERVED;RESERVED;4059;;;;
RESERVED;RESERVED;4060;;;;
RESERVED;RESERVED;4061;;;;
RESERVED;RESERVED;4062;;;;
RESERVED;RESERVED;4063;;;;
RESERVED;RESERVED;4064;;;;
RESERVED;RESERVED;4065;;;;
RESERVED;RESERVED;4066;;;;
RESERVED;RESERVED;4067;;;;
RESERVED;RESERVED;4068;;;;
RESERVED;RESERVED;4069;;;;
RESERVED;RESERVED;4070;;;;
RESERVED;RESERVED;4071;;;;
RESERVED;RESERVED;4072;;;;
RESERVED;RESERVED;4073;;;;
RESERVED;RESERVED;4074;;;;
RESERVED;RESERVED;4075;;;;
RESERVED;RESERVED;4076;;;;
RESERVED;RESERVED;4077;;;;
RESERVED;RESERVED;4078;;;;
RESERVED;RESERVED;4079;;;;
RESERVED;RESERVED;4080;;;;
RESERVED;RESERVED;4081;;;;
RESERVED;RESERVED;4082;;;;
RESERVED;RESERVED;4083;;;;
RESERVED;RESERVED;4084;;;;
RESERVED;RESERVED;4085;;;;
RESERVED;RESERVED;4086;;;;
RESERVED;RESERVED;4087;;;;
RESERVED;RESERVED;4088;;;;
RESERVED;RESERVED;4089;;;;
RESERVED;RESERVED;4090;;;;
RESERVED;RESERVED;4091;;;;
RESERVED;RESERVED;4092;;;;
RESERVED;RESERVED;4093;;;;
RESERVED;RESERVED;4094;;;;
RESERVED;RESERVED;4095;;;;
RESERVED;RESERVED;4096;;;;
RESERVED;RESERVED;4097;;;;
RESERVED;RESERVED;4098;;;;
RESERVED;RESERVED;4099;;;;
RESERVED;RESERVED;4100;;;;
RESERVED;RESERVED;4101;;;;
RESERVED;RESERVED;4102;;;;
RESERVED;RESERVED;4103;;;;
RESERVED;RESERVED;4104;;;;
RESERVED;RESERVED;4105;;;;
RESERVED;RESERVED;4106;;;;
RESERVED;RESERVED;4107;;;;
RESERVED;RESERVED;4108;;;;
RESERVED;RESERVED;4109;;;;
RESERVED;RESERVED;4110;;;;
RESERVED;RESERVED;4111;;;;
RESERVED;RESERVED;4112;;;;
RESERVED;RESERVED;4113;;;;
RESERVED;RESERVED;4114;;;;
RESERVED;RESERVED;4115;;;;
RESERVED;RESERVED;4116;;;;
RESERVED;RESERVED;4117;;;;
RESERVED;RESERVED;4118;;;;
RESERVED;RESERVED;4119;;;;
RESERVED;RESERVED;4120;;;;
RESERVED;RESERVED;4121;;;;
RESERVED;RESERVED;4122;;;;
RESERVED;RESERVED;4123;;;;
RESERVED;RESERVED;4124;;;;
RESERVED;RESERVED;4125;;;;
RESERVED;RESERVED;4126;;;;
RESERVED;RESERVED;4127;;;;
RESERVED;RESERVED;4128;;;;
RESERVED;RESERVED;4129;;;;
RESERVED;RESERVED;4130;;;;
RESERVED;RESERVED;4131;;;;
RESERVED;RESERVED;4132;;;;
RESERVED;RESERVED;4133;;;;
RESERVED;RESERVED;4134;;;;
RESERVED;RESERVED;4135;;;;
RESERVED;RESERVED;4136;;;;
RESERVED;RESERVED;4137;;;;
RESERVED;RESERVED;4138;;;;
RESERVED;RESERVED;4139;;;;
RESERVED;RESERVED;4140;;;;
RESERVED;RESERVED;4141;;;;
RESERVED;RESERVED;4142;;;;
RESERVED;RESERVED;4143;;;;
RESERVED;RESERVED;4144;;;;
RESERVED;RESERVED;4145;;;;
RESERVED;RESERVED;4146;;;;
RESERVED;RESERVED;4147;;;;
RESERVED;RESERVED;4148;;;;
RESERVED;RESERVED;4149;;;;
RESERVED;RESERVED;4150;;;;
RESERVED;RESERVED;4151;;;;
RESERVED;RESERVED;4152;;;;
RESERVED;RESERVED;4153;;;;
RESERVED;RESERVED;4154;;;;
RESERVED;RESERVED;4155;;;;
RESERVED;RESERVED;4156;;;;
RESERVED;RESERVED;4157;;;;
RESERVED;RESERVED;4158;;;;
RESERVED;RESERVED;4159;;;;
RESERVED;RESERVED;4160;;;;
RESERVED;RESERVED;4161;;;;
RESERVED;RESERVED;4162;;;;
RESERVED;RESERVED;4163;;;;
RESERVED;RESERVED;4164;;;;
RESERVED;RESERVED;4165;;;;
RESERVED;RESERVED;4166;;;;
RESERVED;RESERVED;4167;;;;
RESERVED;RESERVED;4168;;;;
RESERVED;RESERVED;4169;;;;
RESERVED;RESERVED;4170;;;;
RESERVED;RESERVED;4171;;;;
RESERVED;RESERVED;4172;;;;
RESERVED;RESERVED;4173;;;;
RESERVED;RESERVED;4174;;;;
RESERVED;RESERVED;4175;;;;
RESERVED;RESERVED;4176;;;;
RESERVED;RESERVED;4177;;;;
RESERVED;RESERVED;4178;;;;
RESERVED;RESERVED;4179;;;;
RESERVED;RESERVED;4180;;;;
RESERVED;RESERVED;4181;;;;
RESERVED;RESERVED;4182;;;;
RESERVED;RESERVED;4183;;;;
RESERVED;RESERVED;4184;;;;
RESERVED;RESERVED;4185;;;;
RESERVED;RESERVED;4186;;;;
RESERVED;RESERVED;4187;;;;
RESERVED;RESERVED;4188;;;;
RESERVED;RESERVED;4189;;;;
RESERVED;RESERVED;4190;;;;
RESERVED;RESERVED;4191;;;;
RESERVED;RESERVED;4192;;;;
RESERVED;RESERVED;4193;;;;
RESERVED;RESERVED;4194;;;;
RESERVED;RESERVED;4195;;;;
RESERVED;RESERVED;4196;;;;
RESERVED;RESERVED;4197;;;;
RESERVED;RESERVED;4198;;;;
RESERVED;RESERVED;4199;;;;
RESERVED;RESERVED;4200;;;;
RESERVED;RESERVED;4201;;;;
RESERVED;RESERVED;4202;;;;
RESERVED;RESERVED;4203;;;;
RESERVED;RESERVED;4204;;;;
RESERVED;RESERVED;4205;;;;
RESERVED;RESERVED;4206;;;;
RESERVED;RESERVED;4207;;;;
RESERVED;RESERVED;4208;;;;
RESERVED;RESERVED;4209;;;;
RESERVED;RESERVED;4210;;;;
RESERVED;RESERVED;4211;;;;
RESERVED;RESERVED;4212;;;;
RESERVED;RESERVED;4213;;;;
RESERVED;RESERVED;4214;;;;
RESERVED;RESERVED;4215;;;;
RESERVED;RESERVED;4216;;;;
RESERVED;RESERVED;4217;;;;
RESERVED;RESERVED;4218;;;;
RESERVED;RESERVED;4219;;;;
RESERVED;RESERVED;4220;;;;
RESERVED;RESERVED;4221;;;;
RESERVED;RESERVED;4222;;;;
RESERVED;RESERVED;4223;;;;
RESERVED;RESERVED;4224;;;;
RESERVED;RESERVED;4225;;;;
RESERVED;RESERVED;4226;;;;
RESERVED;RESERVED;4227;;;;
RESERVED;RESERVED;4228;;;;
RESERVED;RESERVED;4229;;;;
RESERVED;RESERVED;4230;;;;
RESERVED;RESERVED;4231;;;;
RESERVED;RESERVED;4232;;;;
RESERVED;RESERVED;4233;;;;
RESERVED;RESERVED;4234;;;;
RESERVED;RESERVED;4235;;;;
RESERVED;RESERVED;4236;;;;
RESERVED;RESERVED;4237;;;;
RESERVED;RESERVED;4238;;;;
RESERVED;RESERVED;4239;;;;
RESERVED;RESERVED;4240;;;;
RESERVED;RESERVED;4241;;;;
RESERVED;RESERVED;4242;;;;
RESERVED;RESERVED;4243;;;;
RESERVED;RESERVED;4244;;;;
RESERVED;RESERVED;4245;;;;
RESERVED;RESERVED;4246;;;;
RESERVED;RESERVED;4247;;;;
RESERVED;RESERVED;4248;;;;
RESERVED;RESERVED;4249;;;;
RESERVED;RESERVED;4250;;;;
RESERVED;RESERVED;4251;;;;
RESERVED;RESERVED;4252;;;;
RESERVED;RESERVED;4253;;;;
RESERVED;RESERVED;4254;;;;
RESERVED;RESERVED;4255;;;;
RESERVED;RESERVED;4256;;;;
RESERVED;RESERVED;4257;;;;
RESERVED;RESERVED;4258;;;;
RESERVED;RESERVED;4259;;;;
RESERVED;RESERVED;4260;;;;
RESERVED;RESERVED;4261;;;;
RESERVED;RESERVED;4262;;;;
RESERVED;RESERVED;4263;;;;
RESERVED;RESERVED;4264;;;;
RESERVED;RESERVED;4265;;;;
RESERVED;RESERVED;4266;;;;
RESERVED;RESERVED;4267;;;;
RESERVED;RESERVED;4268;;;;
RESERVED;RESERVED;4269;;;;
RESERVED;RESERVED;4270;;;;
RESERVED;RESERVED;4271;;;;
RESERVED;RESERVED;4272;;;;
RESERVED;RESERVED;4273;;;;
RESERVED;RESERVED;4274;;;;
RESERVED;RESERVED;4275;;;;
RESERVED;RESERVED;4276;;;;
RESERVED;RESERVED;4277;;;;
RESERVED;RESERVED;4278;;;;
RESERVED;RESERVED;4279;;;;
RESERVED;RESERVED;4280;;;;
RESERVED;RESERVED;4281;;;;
RESERVED;RESERVED;4282;;;;
RESERVED;RESERVED;4283;;;;
RESERVED;RESERVED;4284;;;;
RESERVED;RESERVED;4285;;;;
RESERVED;RESERVED;4286;;;;
RESERVED;RESERVED;4287;;;;
RESERVED;RESERVED;4288;;;;
RESERVED;RESERVED;4289;;;;
RESERVED;RESERVED;4290;;;;
RESERVED;RESERVED;4291;;;;
RESERVED;RESERVED;4292;;;;
RESERVED;RESERVED;4293;;;;
RESERVED;RESERVED;4294;;;;
RESERVED;RESERVED;4295;;;;
RESERVED;RESERVED;4296;;;;
RESERVED;RESERVED;4297;;;;
RESERVED;RESERVED;4298;;;;
RESERVED;RESERVED;4299;;;;
RESERVED;RESERVED;4300;;;;
RESERVED;RESERVED;4301;;;;
RESERVED;RESERVED;4302;;;;
RESERVED;RESERVED;4303;;;;
RESERVED;RESERVED;4304;;;;
RESERVED;RESERVED;4305;;;;
RESERVED;RESERVED;4306;;;;
RESERVED;RESERVED;4307;;;;
RESERVED;RESERVED;4308;;;;
RESERVED;RESERVED;4309;;;;
RESERVED;RESERVED;4310;;;;
RESERVED;RESERVED;4311;;;;
RESERVED;RESERVED;4312;;;;
RESERVED;RESERVED;4313;;;;
RESERVED;RESERVED;4314;;;;
RESERVED;RESERVED;4315;;;;
RESERVED;RESERVED;4316;;;;
RESERVED;RESERVED;4317;;;;
RESERVED;RESERVED;4318;;;;
RESERVED;RESERVED;4319;;;;
RESERVED;RESERVED;4320;;;;
RESERVED;RESERVED;4321;;;;
RESERVED;RESERVED;4322;;;;
RESERVED;RESERVED;4323;;;;
RESERVED;RESERVED;4324;;;;
RESERVED;RESERVED;4325;;;;
RESERVED;RESERVED;4326;;;;
RESERVED;RESERVED;4327;;;;
RESERVED;RESERVED;4328;;;;
RESERVED;RESERVED;4329;;;;
RESERVED;RESERVED;4330;;;;
RESERVED;RESERVED;4331;;;;
RESERVED;RESERVED;4332;;;;
RESERVED;RESERVED;4333;;;;
RESERVED;RESERVED;4334;;;;
RESERVED;RESERVED;4335;;;;
RESERVED;RESERVED;4336;;;;
RESERVED;RESERVED;4337;;;;
RESERVED;RESERVED;4338;;;;
RESERVED;RESERVED;4339;;;;
RESERVED;RESERVED;4340;;;;
RESERVED;RESERVED;4341;;;;
RESERVED;RESERVED;4342;;;;
RESERVED;RESERVED;4343;;;;
RESERVED;RESERVED;4344;;;;
RESERVED;RESERVED;4345;;;;
RESERVED;RESERVED;4346;;;;
RESERVED;RESERVED;4347;;;;
RESERVED;RESERVED;4348;;;;
RESERVED;RESERVED;4349;;;;
RESERVED;RESERVED;4350;;;;
RESERVED;RESERVED;4351;;;;
RESERVED;RESERVED;4352;;;;
RESERVED;RESERVED;4353;;;;
RESERVED;RESERVED;4354;;;;
RESERVED;RESERVED;4355;;;;
RESERVED;RESERVED;4356;;;;
RESERVED;RESERVED;4357;;;;
RESERVED;RESERVED;4358;;;;
RESERVED;RESERVED;4359;;;;
RESERVED;RESERVED;4360;;;;
RESERVED;RESERVED;4361;;;;
RESERVED;RESERVED;4362;;;;
RESERVED;RESERVED;4363;;;;
RESERVED;RESERVED;4364;;;;
RESERVED;RESERVED;4365;;;;
RESERVED;RESERVED;4366;;;;
RESERVED;RESERVED;4367;;;;
RESERVED;RESERVED;4368;;;;
RESERVED;RESERVED;4369;;;;
RESERVED;RESERVED;4370;;;;
RESERVED;RESERVED;4371;;;;
RESERVED;RESERVED;4372;;;;
RESERVED;RESERVED;4373;;;;
RESERVED;RESERVED;4374;;;;
RESERVED;RESERVED;4375;;;;
RESERVED;RESERVED;4376;;;;
RESERVED;RESERVED;4377;;;;
RESERVED;RESERVED;4378;;;;
RESERVED;RESERVED;4379;;;;
RESERVED;RESERVED;4380;;;;
RESERVED;RESERVED;4381;;;;
RESERVED;RESERVED;4382;;;;
RESERVED;RESERVED;4383;;;;
RESERVED;RESERVED;4384;;;;
RESERVED;RESERVED;4385;;;;
RESERVED;RESERVED;4386;;;;
RESERVED;RESERVED;4387;;;;
RESERVED;RESERVED;4388;;;;
RESERVED;RESERVED;4389;;;;
RESERVED;RESERVED;4390;;;;
RESERVED;RESERVED;4391;;;;
RESERVED;RESERVED;4392;;;;
RESERVED;RESERVED;4393;;;;
RESERVED;RESERVED;4394;;;;
RESERVED;RESERVED;4395;;;;
RESERVED;RESERVED;4396;;;;
RESERVED;RESERVED;4397;;;;
RESERVED;RESERVED;4398;;;;
RESERVED;RESERVED;4399;;;;
RESERVED;RESERVED;4400;;;;
RESERVED;RESERVED;4401;;;;
RESERVED;RESERVED;4402;;;;
RESERVED;RESERVED;4403;;;;
RESERVED;RESERVED;4404;;;;
RESERVED;RESERVED;4405;;;;
RESERVED;RESERVED;4406;;;;
RESERVED;RESERVED;4407;;;;
RESERVED;RESERVED;4408;;;;
RESERVED;RESERVED;4409;;;;
RESERVED;RESERVED;4410;;;;
RESERVED;RESERVED;4411;;;;
RESERVED;RESERVED;4412;;;;
RESERVED;RESERVED;4413;;;;
RESERVED;RESERVED;4414;;;;
RESERVED;RESERVED;4415;;;;
RESERVED;RESERVED;4416;;;;
RESERVED;RESERVED;4417;;;;
RESERVED;RESERVED;4418;;;;
RESERVED;RESERVED;4419;;;;
RESERVED;RESERVED;4420;;;;
RESERVED;RESERVED;4421;;;;
RESERVED;RESERVED;4422;;;;
RESERVED;RESERVED;4423;;;;
RESERVED;RESERVED;4424;;;;
RESERVED;RESERVED;4425;;;;
RESERVED;RESERVED;4426;;;;
RESERVED;RESERVED;4427;;;;
RESERVED;RESERVED;4428;;;;
RESERVED;RESERVED;4429;;;;
RESERVED;RESERVED;4430;;;;
RESERVED;RESERVED;4431;;;;
RESERVED;RESERVED;4432;;;;
RESERVED;RESERVED;4433;;;;
RESERVED;RESERVED;4434;;;;
RESERVED;RESERVED;4435;;;;
RESERVED;RESERVED;4436;;;;
RESERVED;RESERVED;4437;;;;
RESERVED;RESERVED;4438;;;;
RESERVED;RESERVED;4439;;;;
RESERVED;RESERVED;4440;;;;
RESERVED;RESERVED;4441;;;;
RESERVED;RESERVED;4442;;;;
RESERVED;RESERVED;4443;;;;
RESERVED;RESERVED;4444;;;;
RESERVED;RESERVED;4445;;;;
RESERVED;RESERVED;4446;;;;
RESERVED;RESERVED;4447;;;;
RESERVED;RESERVED;4448;;;;
RESERVED;RESERVED;4449;;;;
RESERVED;RESERVED;4450;;;;
RESERVED;RESERVED;4451;;;;
RESERVED;RESERVED;4452;;;;
RESERVED;RESERVED;4453;;;;
RESERVED;RESERVED;4454;;;;
RESERVED;RESERVED;4455;;;;
RESERVED;RESERVED;4456;;;;
RESERVED;RESERVED;4457;;;;
RESERVED;RESERVED;4458;;;;
RESERVED;RESERVED;4459;;;;
RESERVED;RESERVED;4460;;;;
RESERVED;RESERVED;4461;;;;
RESERVED;RESERVED;4462;;;;
RESERVED;RESERVED;4463;;;;
RESERVED;RESERVED;4464;;;;
RESERVED;RESERVED;4465;;;;
RESERVED;RESERVED;4466;;;;
RESERVED;RESERVED;4467;;;;
RESERVED;RESERVED;4468;;;;
RESERVED;RESERVED;4469;;;;
RESERVED;RESERVED;4470;;;;
RESERVED;RESERVED;4471;;;;
RESERVED;RESERVED;4472;;;;
RESERVED;RESERVED;4473;;;;
RESERVED;RESERVED;4474;;;;
RESERVED;RESERVED;4475;;;;
RESERVED;RESERVED;4476;;;;
RESERVED;RESERVED;4477;;;;
RESERVED;RESERVED;4478;;;;
RESERVED;RESERVED;4479;;;;
RESERVED;RESERVED;4480;;;;
RESERVED;RESERVED;4481;;;;
RESERVED;RESERVED;4482;;;;
RESERVED;RESERVED;4483;;;;
RESERVED;RESERVED;4484;;;;
RESERVED;RESERVED;4485;;;;
RESERVED;RESERVED;4486;;;;
RESERVED;RESERVED;4487;;;;
RESERVED;RESERVED;4488;;;;
RESERVED;RESERVED;4489;;;;
RESERVED;RESERVED;4490;;;;
RESERVED;RESERVED;4491;;;;
RESERVED;RESERVED;4492;;;;
RESERVED;RESERVED;4493;;;;
RESERVED;RESERVED;4494;;;;
RESERVED;RESERVED;4495;;;;
RESERVED;RESERVED;4496;;;;
RESERVED;RESERVED;4497;;;;
RESERVED;RESERVED;4498;;;;
RESERVED;RESERVED;4499;;;;
RESERVED;RESERVED;4500;;;;
RESERVED;RESERVED;4501;;;;
RESERVED;RESERVED;4502;;;;
RESERVED;RESERVED;4503;;;;
RESERVED;RESERVED;4504;;;;
RESERVED;RESERVED;4505;;;;
RESERVED;RESERVED;4506;;;;
RESERVED;RESERVED;4507;;;;
RESERVED;RESERVED;4508;;;;
RESERVED;RESERVED;4509;;;;
RESERVED;RESERVED;4510;;;;
RESERVED;RESERVED;4511;;;;
RESERVED;RESERVED;4512;;;;
RESERVED;RESERVED;4513;;;;
RESERVED;RESERVED;4514;;;;
RESERVED;RESERVED;4515;;;;
RESERVED;RESERVED;4516;;;;
RESERVED;RESERVED;4517;;;;
RESERVED;RESERVED;4518;;;;
RESERVED;RESERVED;4519;;;;
RESERVED;RESERVED;4520;;;;
RESERVED;RESERVED;4521;;;;
RESERVED;RESERVED;4522;;;;
RESERVED;RESERVED;4523;;;;
RESERVED;RESERVED;4524;;;;
RESERVED;RESERVED;4525;;;;
RESERVED;RESERVED;4526;;;;
RESERVED;RESERVED;4527;;;;
RESERVED;RESERVED;4528;;;;
RESERVED;RESERVED;4529;;;;
RESERVED;RESERVED;4530;;;;
RESERVED;RESERVED;4531;;;;
RESERVED;RESERVED;4532;;;;
RESERVED;RESERVED;4533;;;;
RESERVED;RESERVED;4534;;;;
RESERVED;RESERVED;4535;;;;
RESERVED;RESERVED;4536;;;;
RESERVED;RESERVED;4537;;;;
RESERVED;RESERVED;4538;;;;
RESERVED;RESERVED;4539;;;;
RESERVED;RESERVED;4540;;;;
RESERVED;RESERVED;4541;;;;
RESERVED;RESERVED;4542;;;;
RESERVED;RESERVED;4543;;;;
RESERVED;RESERVED;4544;;;;
RESERVED;RESERVED;4545;;;;
RESERVED;RESERVED;4546;;;;
RESERVED;RESERVED;4547;;;;
RESERVED;RESERVED;4548;;;;
RESERVED;RESERVED;4549;;;;
RESERVED;RESERVED;4550;;;;
RESERVED;RESERVED;4551;;;;
RESERVED;RESERVED;4552;;;;
RESERVED;RESERVED;4553;;;;
RESERVED;RESERVED;4554;;;;
RESERVED;RESERVED;4555;;;;
RESERVED;RESERVED;4556;;;;
RESERVED;RESERVED;4557;;;;
RESERVED;RESERVED;4558;;;;
RESERVED;RESERVED;4559;;;;
RESERVED;RESERVED;4560;;;;
RESERVED;RESERVED;4561;;;;
RESERVED;RESERVED;4562;;;;
RESERVED;RESERVED;4563;;;;
RESERVED;RESERVED;4564;;;;
RESERVED;RESERVED;4565;;;;
RESERVED;RESERVED;4566;;;;
RESERVED;RESERVED;4567;;;;
RESERVED;RESERVED;4568;;;;
RESERVED;RESERVED;4569;;;;
RESERVED;RESERVED;4570;;;;
RESERVED;RESERVED;4571;;;;
RESERVED;RESERVED;4572;;;;
RESERVED;RESERVED;4573;;;;
RESERVED;RESERVED;4574;;;;
RESERVED;RESERVED;4575;;;;
RESERVED;RESERVED;4576;;;;
RESERVED;RESERVED;4577;;;;
RESERVED;RESERVED;4578;;;;
RESERVED;RESERVED;4579;;;;
RESERVED;RESERVED;4580;;;;
RESERVED;RESERVED;4581;;;;
RESERVED;RESERVED;4582;;;;
RESERVED;RESERVED;4583;;;;
RESERVED;RESERVED;4584;;;;
RESERVED;RESERVED;4585;;;;
RESERVED;RESERVED;4586;;;;
RESERVED;RESERVED;4587;;;;
RESERVED;RESERVED;4588;;;;
RESERVED;RESERVED;4589;;;;
RESERVED;RESERVED;4590;;;;
RESERVED;RESERVED;4591;;;;
RESERVED;RESERVED;4592;;;;
RESERVED;RESERVED;4593;;;;
RESERVED;RESERVED;4594;;;;
RESERVED;RESERVED;4595;;;;
RESERVED;RESERVED;4596;;;;
RESERVED;RESERVED;4597;;;;
RESERVED;RESERVED;4598;;;;
RESERVED;RESERVED;4599;;;;
RESERVED;RESERVED;4600;;;;
RESERVED;RESERVED;4601;;;;
RESERVED;RESERVED;4602;;;;
RESERVED;RESERVED;4603;;;;
RESERVED;RESERVED;4604;;;;
RESERVED;RESERVED;4605;;;;
RESERVED;RESERVED;4606;;;;
RESERVED;RESERVED;4607;;;;
RESERVED;RESERVED;4608;;;;
RESERVED;RESERVED;4609;;;;
RESERVED;RESERVED;4610;;;;
RESERVED;RESERVED;4611;;;;
RESERVED;RESERVED;4612;;;;
RESERVED;RESERVED;4613;;;;
RESERVED;RESERVED;4614;;;;
RESERVED;RESERVED;4615;;;;
RESERVED;RESERVED;4616;;;;
RESERVED;RESERVED;4617;;;;
RESERVED;RESERVED;4618;;;;
RESERVED;RESERVED;4619;;;;
RESERVED;RESERVED;4620;;;;
RESERVED;RESERVED;4621;;;;
RESERVED;RESERVED;4622;;;;
RESERVED;RESERVED;4623;;;;
RESERVED;RESERVED;4624;;;;
RESERVED;RESERVED;4625;;;;
RESERVED;RESERVED;4626;;;;
RESERVED;RESERVED;4627;;;;
RESERVED;RESERVED;4628;;;;
RESERVED;RESERVED;4629;;;;
RESERVED;RESERVED;4630;;;;
RESERVED;RESERVED;4631;;;;
RESERVED;RESERVED;4632;;;;
RESERVED;RESERVED;4633;;;;
RESERVED;RESERVED;4634;;;;
RESERVED;RESERVED;4635;;;;
RESERVED;RESERVED;4636;;;;
RESERVED;RESERVED;4637;;;;
RESERVED;RESERVED;4638;;;;
RESERVED;RESERVED;4639;;;;
RESERVED;RESERVED;4640;;;;
RESERVED;RESERVED;4641;;;;
RESERVED;RESERVED;4642;;;;
RESERVED;RESERVED;4643;;;;
RESERVED;RESERVED;4644;;;;
RESERVED;RESERVED;4645;;;;
RESERVED;RESERVED;4646;;;;
RESERVED;RESERVED;4647;;;;
RESERVED;RESERVED;4648;;;;
RESERVED;RESERVED;4649;;;;
RESERVED;RESERVED;4650;;;;
RESERVED;RESERVED;4651;;;;
RESERVED;RESERVED;4652;;;;
RESERVED;RESERVED;4653;;;;
RESERVED;RESERVED;4654;;;;
RESERVED;RESERVED;4655;;;;
RESERVED;RESERVED;4656;;;;
RESERVED;RESERVED;4657;;;;
RESERVED;RESERVED;4658;;;;
RESERVED;RESERVED;4659;;;;
RESERVED;RESERVED;4660;;;;
RESERVED;RESERVED;4661;;;;
RESERVED;RESERVED;4662;;;;
RESERVED;RESERVED;4663;;;;
RESERVED;RESERVED;4664;;;;
RESERVED;RESERVED;4665;;;;
RESERVED;RESERVED;4666;;;;
RESERVED;RESERVED;4667;;;;
RESERVED;RESERVED;4668;;;;
RESERVED;RESERVED;4669;;;;
RESERVED;RESERVED;4670;;;;
RESERVED;RESERVED;4671;;;;
RESERVED;RESERVED;4672;;;;
RESERVED;RESERVED;4673;;;;
RESERVED;RESERVED;4674;;;;
RESERVED;RESERVED;4675;;;;
RESERVED;RESERVED;4676;;;;
RESERVED;RESERVED;4677;;;;
RESERVED;RESERVED;4678;;;;
RESERVED;RESERVED;4679;;;;
RESERVED;RESERVED;4680;;;;
RESERVED;RESERVED;4681;;;;
RESERVED;RESERVED;4682;;;;
RESERVED;RESERVED;4683;;;;
RESERVED;RESERVED;4684;;;;
RESERVED;RESERVED;4685;;;;
RESERVED;RESERVED;4686;;;;
RESERVED;RESERVED;4687;;;;
RESERVED;RESERVED;4688;;;;
RESERVED;RESERVED;4689;;;;
RESERVED;RESERVED;4690;;;;
RESERVED;RESERVED;4691;;;;
RESERVED;RESERVED;4692;;;;
RESERVED;RESERVED;4693;;;;
RESERVED;RESERVED;4694;;;;
RESERVED;RESERVED;4695;;;;
RESERVED;RESERVED;4696;;;;
RESERVED;RESERVED;4697;;;;
RESERVED;RESERVED;4698;;;;
RESERVED;RESERVED;4699;;;;
RESERVED;RESERVED;4700;;;;
RESERVED;RESERVED;4701;;;;
RESERVED;RESERVED;4702;;;;
RESERVED;RESERVED;4703;;;;
RESERVED;RESERVED;4704;;;;
RESERVED;RESERVED;4705;;;;
RESERVED;RESERVED;4706;;;;
RESERVED;RESERVED;4707;;;;
RESERVED;RESERVED;4708;;;;
RESERVED;RESERVED;4709;;;;
RESERVED;RESERVED;4710;;;;
RESERVED;RESERVED;4711;;;;
RESERVED;RESERVED;4712;;;;
RESERVED;RESERVED;4713;;;;
RESERVED;RESERVED;4714;;;;
RESERVED;RESERVED;4715;;;;
RESERVED;RESERVED;4716;;;;
RESERVED;RESERVED;4717;;;;
RESERVED;RESERVED;4718;;;;
RESERVED;RESERVED;4719;;;;
RESERVED;RESERVED;4720;;;;
RESERVED;RESERVED;4721;;;;
RESERVED;RESERVED;4722;;;;
RESERVED;RESERVED;4723;;;;
RESERVED;RESERVED;4724;;;;
RESERVED;RESERVED;4725;;;;
RESERVED;RESERVED;4726;;;;
RESERVED;RESERVED;4727;;;;
RESERVED;RESERVED;4728;;;;
RESERVED;RESERVED;4729;;;;
RESERVED;RESERVED;4730;;;;
RESERVED;RESERVED;4731;;;;
RESERVED;RESERVED;4732;;;;
RESERVED;RESERVED;4733;;;;
RESERVED;RESERVED;4734;;;;
RESERVED;RESERVED;4735;;;;
RESERVED;RESERVED;4736;;;;
RESERVED;RESERVED;4737;;;;
RESERVED;RESERVED;4738;;;;
RESERVED;RESERVED;4739;;;;
RESERVED;RESERVED;4740;;;;
RESERVED;RESERVED;4741;;;;
RESERVED;RESERVED;4742;;;;
RESERVED;RESERVED;4743;;;;
RESERVED;RESERVED;4744;;;;
RESERVED;RESERVED;4745;;;;
RESERVED;RESERVED;4746;;;;
RESERVED;RESERVED;4747;;;;
RESERVED;RESERVED;4748;;;;
RESERVED;RESERVED;4749;;;;
RESERVED;RESERVED;4750;;;;
RESERVED;RESERVED;4751;;;;
RESERVED;RESERVED;4752;;;;
RESERVED;RESERVED;4753;;;;
RESERVED;RESERVED;4754;;;;
RESERVED;RESERVED;4755;;;;
RESERVED;RESERVED;4756;;;;
RESERVED;RESERVED;4757;;;;
RESERVED;RESERVED;4758;;;;
RESERVED;RESERVED;4759;;;;
RESERVED;RESERVED;4760;;;;
RESERVED;RESERVED;4761;;;;
RESERVED;RESERVED;4762;;;;
RESERVED;RESERVED;4763;;;;
RESERVED;RESERVED;4764;;;;
RESERVED;RESERVED;4765;;;;
RESERVED;RESERVED;4766;;;;
RESERVED;RESERVED;4767;;;;
RESERVED;RESERVED;4768;;;;
RESERVED;RESERVED;4769;;;;
RESERVED;RESERVED;4770;;;;
RESERVED;RESERVED;4771;;;;
RESERVED;RESERVED;4772;;;;
RESERVED;RESERVED;4773;;;;
RESERVED;RESERVED;4774;;;;
RESERVED;RESERVED;4775;;;;
RESERVED;RESERVED;4776;;;;
RESERVED;RESERVED;4777;;;;
RESERVED;RESERVED;4778;;;;
RESERVED;RESERVED;4779;;;;
RESERVED;RESERVED;4780;;;;
RESERVED;RESERVED;4781;;;;
RESERVED;RESERVED;4782;;;;
RESERVED;RESERVED;4783;;;;
RESERVED;RESERVED;4784;;;;
RESERVED;RESERVED;4785;;;;
RESERVED;RESERVED;4786;;;;
RESERVED;RESERVED;4787;;;;
RESERVED;RESERVED;4788;;;;
RESERVED;RESERVED;4789;;;;
RESERVED;RESERVED;4790;;;;
RESERVED;RESERVED;4791;;;;
RESERVED;RESERVED;4792;;;;
RESERVED;RESERVED;4793;;;;
RESERVED;RESERVED;4794;;;;
RESERVED;RESERVED;4795;;;;
RESERVED;RESERVED;4796;;;;
RESERVED;RESERVED;4797;;;;
RESERVED;RESERVED;4798;;;;
RESERVED;RESERVED;4799;;;;
RESERVED;RESERVED;4800;;;;
RESERVED;RESERVED;4801;;;;
RESERVED;RESERVED;4802;;;;
RESERVED;RESERVED;4803;;;;
RESERVED;RESERVED;4804;;;;
RESERVED;RESERVED;4805;;;;
RESERVED;RESERVED;4806;;;;
RESERVED;RESERVED;4807;;;;
RESERVED;RESERVED;4808;;;;
RESERVED;RESERVED;4809;;;;
RESERVED;RESERVED;4810;;;;
RESERVED;RESERVED;4811;;;;
RESERVED;RESERVED;4812;;;;
RESERVED;RESERVED;4813;;;;
RESERVED;RESERVED;4814;;;;
RESERVED;RESERVED;4815;;;;
RESERVED;RESERVED;4816;;;;
RESERVED;RESERVED;4817;;;;
RESERVED;RESERVED;4818;;;;
RESERVED;RESERVED;4819;;;;
RESERVED;RESERVED;4820;;;;
RESERVED;RESERVED;4821;;;;
RESERVED;RESERVED;4822;;;;
RESERVED;RESERVED;4823;;;;
RESERVED;RESERVED;4824;;;;
RESERVED;RESERVED;4825;;;;
RESERVED;RESERVED;4826;;;;
RESERVED;RESERVED;4827;;;;
RESERVED;RESERVED;4828;;;;
RESERVED;RESERVED;4829;;;;
RESERVED;RESERVED;4830;;;;
RESERVED;RESERVED;4831;;;;
RESERVED;RESERVED;4832;;;;
RESERVED;RESERVED;4833;;;;
RESERVED;RESERVED;4834;;;;
RESERVED;RESERVED;4835;;;;
RESERVED;RESERVED;4836;;;;
RESERVED;RESERVED;4837;;;;
RESERVED;RESERVED;4838;;;;
RESERVED;RESERVED;4839;;;;
RESERVED;RESERVED;4840;;;;
RESERVED;RESERVED;4841;;;;
RESERVED;RESERVED;4842;;;;
RESERVED;RESERVED;4843;;;;
RESERVED;RESERVED;4844;;;;
RESERVED;RESERVED;4845;;;;
RESERVED;RESERVED;4846;;;;
RESERVED;RESERVED;4847;;;;
RESERVED;RESERVED;4848;;;;
RESERVED;RESERVED;4849;;;;
RESERVED;RESERVED;4850;;;;
RESERVED;RESERVED;4851;;;;
RESERVED;RESERVED;4852;;;;
RESERVED;RESERVED;4853;;;;
RESERVED;RESERVED;4854;;;;
RESERVED;RESERVED;4855;;;;
RESERVED;RESERVED;4856;;;;
RESERVED;RESERVED;4857;;;;
RESERVED;RESERVED;4858;;;;
RESERVED;RESERVED;4859;;;;
RESERVED;RESERVED;4860;;;;
RESERVED;RESERVED;4861;;;;
RESERVED;RESERVED;4862;;;;
RESERVED;RESERVED;4863;;;;
RESERVED;RESERVED;4864;;;;
RESERVED;RESERVED;4865;;;;
RESERVED;RESERVED;4866;;;;
RESERVED;RESERVED;4867;;;;
RESERVED;RESERVED;4868;;;;
RESERVED;RESERVED;4869;;;;
RESERVED;RESERVED;4870;;;;
RESERVED;RESERVED;4871;;;;
RESERVED;RESERVED;4872;;;;
RESERVED;RESERVED;4873;;;;
RESERVED;RESERVED;4874;;;;
RESERVED;RESERVED;4875;;;;
RESERVED;RESERVED;4876;;;;
RESERVED;RESERVED;4877;;;;
RESERVED;RESERVED;4878;;;;
RESERVED;RESERVED;4879;;;;
RESERVED;RESERVED;4880;;;;
RESERVED;RESERVED;4881;;;;
RESERVED;RESERVED;4882;;;;
RESERVED;RESERVED;4883;;;;
RESERVED;RESERVED;4884;;;;
RESERVED;RESERVED;4885;;;;
RESERVED;RESERVED;4886;;;;
RESERVED;RESERVED;4887;;;;
RESERVED;RESERVED;4888;;;;
RESERVED;RESERVED;4889;;;;
RESERVED;RESERVED;4890;;;;
RESERVED;RESERVED;4891;;;;
RESERVED;RESERVED;4892;;;;
RESERVED;RESERVED;4893;;;;
RESERVED;RESERVED;4894;;;;
RESERVED;RESERVED;4895;;;;
RESERVED;RESERVED;4896;;;;
RESERVED;RESERVED;4897;;;;
RESERVED;RESERVED;4898;;;;
RESERVED;RESERVED;4899;;;;
RESERVED;RESERVED;4900;;;;
RESERVED;RESERVED;4901;;;;
RESERVED;RESERVED;4902;;;;
RESERVED;RESERVED;4903;;;;
RESERVED;RESERVED;4904;;;;
RESERVED;RESERVED;4905;;;;
RESERVED;RESERVED;4906;;;;
RESERVED;RESERVED;4907;;;;
RESERVED;RESERVED;4908;;;;
RESERVED;RESERVED;4909;;;;
RESERVED;RESERVED;4910;;;;
RESERVED;RESERVED;4911;;;;
RESERVED;RESERVED;4912;;;;
RESERVED;RESERVED;4913;;;;
RESERVED;RESERVED;4914;;;;
RESERVED;RESERVED;4915;;;;
RESERVED;RESERVED;4916;;;;
RESERVED;RESERVED;4917;;;;
RESERVED;RESERVED;4918;;;;
RESERVED;RESERVED;4919;;;;
RESERVED;RESERVED;4920;;;;
RESERVED;RESERVED;4921;;;;
RESERVED;RESERVED;4922;;;;
RESERVED;RESERVED;4923;;;;
RESERVED;RESERVED;4924;;;;
RESERVED;RESERVED;4925;;;;
RESERVED;RESERVED;4926;;;;
RESERVED;RESERVED;4927;;;;
RESERVED;RESERVED;4928;;;;
RESERVED;RESERVED;4929;;;;
RESERVED;RESERVED;4930;;;;
RESERVED;RESERVED;4931;;;;
RESERVED;RESERVED;4932;;;;
RESERVED;RESERVED;4933;;;;
RESERVED;RESERVED;4934;;;;
RESERVED;RESERVED;4935;;;;
RESERVED;RESERVED;4936;;;;
RESERVED;RESERVED;4937;;;;
RESERVED;RESERVED;4938;;;;
RESERVED;RESERVED;4939;;;;
RESERVED;RESERVED;4940;;;;
RESERVED;RESERVED;4941;;;;
RESERVED;RESERVED;4942;;;;
RESERVED;RESERVED;4943;;;;
RESERVED;RESERVED;4944;;;;
RESERVED;RESERVED;4945;;;;
RESERVED;RESERVED;4946;;;;
RESERVED;RESERVED;4947;;;;
RESERVED;RESERVED;4948;;;;
RESERVED;RESERVED;4949;;;;
RESERVED;RESERVED;4950;;;;
RESERVED;RESERVED;4951;;;;
RESERVED;RESERVED;4952;;;;
RESERVED;RESERVED;4953;;;;
RESERVED;RESERVED;4954;;;;
RESERVED;RESERVED;4955;;;;
RESERVED;RESERVED;4956;;;;
RESERVED;RESERVED;4957;;;;
RESERVED;RESERVED;4958;;;;
RESERVED;RESERVED;4959;;;;
RESERVED;RESERVED;4960;;;;
RESERVED;RESERVED;4961;;;;
RESERVED;RESERVED;4962;;;;
RESERVED;RESERVED;4963;;;;
RESERVED;RESERVED;4964;;;;
RESERVED;RESERVED;4965;;;;
RESERVED;RESERVED;4966;;;;
RESERVED;RESERVED;4967;;;;
RESERVED;RESERVED;4968;;;;
RESERVED;RESERVED;4969;;;;
RESERVED;RESERVED;4970;;;;
RESERVED;RESERVED;4971;;;;
RESERVED;RESERVED;4972;;;;
RESERVED;RESERVED;4973;;;;
RESERVED;RESERVED;4974;;;;
RESERVED;RESERVED;4975;;;;
RESERVED;RESERVED;4976;;;;
RESERVED;RESERVED;4977;;;;
RESERVED;RESERVED;4978;;;;
RESERVED;RESERVED;4979;;;;
RESERVED;RESERVED;4980;;;;
RESERVED;RESERVED;4981;;;;
RESERVED;RESERVED;4982;;;;
RESERVED;RESERVED;4983;;;;
RESERVED;RESERVED;4984;;;;
RESERVED;RESERVED;4985;;;;
RESERVED;RESERVED;4986;;;;
RESERVED;RESERVED;4987;;;;
RESERVED;RESERVED;4988;;;;
RESERVED;RESERVED;4989;;;;
RESERVED;RESERVED;4990;;;;
RESERVED;RESERVED;4991;;;;
RESERVED;RESERVED;4992;;;;
RESERVED;RESERVED;4993;;;;
RESERVED;RESERVED;4994;;;;
RESERVED;RESERVED;4995;;;;
RESERVED;RESERVED;4996;;;;
RESERVED;RESERVED;4997;;;;
